{
"type": "FeatureCollection",
"name": "area_delegacias",
"crs": { "type": "name", "properties": { "name": "urn:ogc:def:crs:EPSG::4674" } },
"features": [
{ "type": "Feature", "properties": { "id": 0, "risp": 4, "aisp": 7, "cisp": 75, "area_km2": 106.9 }, "geometry": { "type": "MultiPolygon", "coordinates": [ [ [ [ -42.885901805423259, -22.867622732702159 ], [ -42.886715606439338, -22.865549870029724 ], [ -42.892170985701682, -22.851654277821865 ], [ -42.895715189603607, -22.842626708654905 ], [ -42.895974640416568, -22.841965854439877 ], [ -42.895986653560499, -22.841935255906549 ], [ -42.896018574097184, -22.841853949099686 ], [ -42.896041648902269, -22.841795173907371 ], [ -42.896064723707298, -22.841736398715057 ], [ -42.896151340111544, -22.841515776131416 ], [ -42.89638588240183, -22.840918366388735 ], [ -42.896401776120342, -22.840877879809511 ], [ -42.896451508629468, -22.840751206702066 ], [ -42.898477403308789, -22.835590977740651 ], [ -42.898674878242332, -22.835087983322978 ], [ -42.898689397796716, -22.835050997804558 ], [ -42.898811177692949, -22.834740808141021 ], [ -42.898986261306163, -22.834294846029536 ], [ -42.899613616674344, -22.832696888349972 ], [ -42.900054928391512, -22.831572807738098 ], [ -42.900310150592247, -22.830922722005255 ], [ -42.90282269720899, -22.82452292509214 ], [ -42.903146582647935, -22.82369794280504 ], [ -42.904170714406234, -22.821082043400793 ], [ -42.904857612987712, -22.821659362288983 ], [ -42.905186683018258, -22.821975324700702 ], [ -42.905465883842737, -22.822236963564251 ], [ -42.905954034050694, -22.822487429250714 ], [ -42.906115046871207, -22.822548766611533 ], [ -42.906575084271992, -22.822661219638803 ], [ -42.907996087748529, -22.822814565738838 ], [ -42.908941718584686, -22.822518097031775 ], [ -42.909360864711402, -22.822436312684886 ], [ -42.909713472697888, -22.822308131414388 ], [ -42.910817387811448, -22.822065199348685 ], [ -42.911318578189082, -22.821925161416289 ], [ -42.912085305991354, -22.821690030070044 ], [ -42.912391997292104, -22.8216491378966 ], [ -42.913248268791847, -22.821622380367785 ], [ -42.9132987981003, -22.821691996887353 ], [ -42.913718164560919, -22.82202194015963 ], [ -42.91463090539122, -22.822780502117723 ], [ -42.914991683718483, -22.823122778692493 ], [ -42.915232202903098, -22.823357131225862 ], [ -42.915568312826622, -22.823825835393222 ], [ -42.915710158396337, -22.824029351072909 ], [ -42.915863246390984, -22.824217391218838 ], [ -42.915951826914522, -22.824384710984873 ], [ -42.916141293385238, -22.824357644089218 ], [ -42.916379970758328, -22.824333037738711 ], [ -42.916618648131362, -22.824301050652195 ], [ -42.916859786948862, -22.824261681030976 ], [ -42.917071398325618, -22.824234614135378 ], [ -42.917302694063324, -22.823929501144789 ], [ -42.917440487287934, -22.823781864840441 ], [ -42.917527245785038, -22.823697273709456 ], [ -42.917839103690937, -22.823764640125262 ], [ -42.917890994572986, -22.823776687443399 ], [ -42.91811469103942, -22.823828616096989 ], [ -42.918888548666871, -22.824023002758622 ], [ -42.918926660136549, -22.824034022151636 ], [ -42.919454485735173, -22.824186632606256 ], [ -42.919571364326259, -22.824240766397452 ], [ -42.920084398775259, -22.824381020167152 ], [ -42.921116619036013, -22.824684902885167 ], [ -42.921384823849792, -22.824782097115303 ], [ -42.921635804847767, -22.824868217993071 ], [ -42.92190893075184, -22.825051532201655 ], [ -42.922317389335319, -22.825469833864986 ], [ -42.922855030134826, -22.826051765375894 ], [ -42.923284404251149, -22.82654388519137 ], [ -42.923591978686147, -22.826789944199788 ], [ -42.923759299351445, -22.826959725410234 ], [ -42.923937691570472, -22.827170105615096 ], [ -42.924137001120982, -22.827403862797269 ], [ -42.924239116441356, -22.827544116566969 ], [ -42.924357224405639, -22.827742194046266 ], [ -42.924501168993004, -22.827977182400275 ], [ -42.924663568568121, -22.828244156042217 ], [ -42.924780447159151, -22.828442235320153 ], [ -42.924891174387483, -22.828621857811697 ], [ -42.925035118075527, -22.82885561409455 ], [ -42.925181524107302, -22.829088141004149 ], [ -42.925236887271808, -22.829266534122496 ], [ -42.925260263349742, -22.829506441768103 ], [ -42.925283639427676, -22.829863228904117 ], [ -42.925373450223844, -22.830034241286455 ], [ -42.92544726837599, -22.830163421703787 ], [ -42.925603516588296, -22.830424244882238 ], [ -42.925732697904948, -22.830607559090822 ], [ -42.925955381734752, -22.830927437150706 ], [ -42.926059956700897, -22.83100986721081 ], [ -42.926245732353948, -22.83108860555393 ], [ -42.926504094987251, -22.831195641964541 ], [ -42.92703066243439, -22.831413404704108 ], [ -42.927416976111829, -22.831570883188931 ], [ -42.927838968592766, -22.831749276307278 ], [ -42.928219130008131, -22.831975650954746 ], [ -42.928566074064349, -22.832235243860623 ], [ -42.929183684378813, -22.832716291223107 ], [ -42.930043662883975, -22.833431093969011 ], [ -42.930540702890369, -22.833763273855254 ], [ -42.931058658429606, -22.834131134343579 ], [ -42.931831285784483, -22.834679846696815 ], [ -42.931965388191372, -22.834800415206246 ], [ -42.932162236297415, -22.835109219913818 ], [ -42.932431671383767, -22.835446321789561 ], [ -42.93262359839963, -22.835694843141709 ], [ -42.933082499057377, -22.836301379204485 ], [ -42.933329789237632, -22.836585579360246 ], [ -42.933423291750785, -22.836652014078425 ], [ -42.933696418554121, -22.836805801745584 ], [ -42.933901894755934, -22.836935010941204 ], [ -42.934259635173305, -22.837006461178476 ], [ -42.934806352830208, -22.837072322129188 ], [ -42.935423627697503, -22.837146680773913 ], [ -42.9354904203459, -22.837154154140137 ], [ -42.935816090039793, -22.837190586575559 ], [ -42.936269125319143, -22.837240457580265 ], [ -42.936473350563972, -22.837263347124974 ], [ -42.936685416997648, -22.837287116206653 ], [ -42.936759602073266, -22.837290690112468 ], [ -42.937004504553499, -22.837316611271831 ], [ -42.937576538125995, -22.837506990554402 ], [ -42.9378741750524, -22.837591007917922 ], [ -42.938015395593311, -22.837638379706675 ], [ -42.938275492119544, -22.837659832134761 ], [ -42.938341006831251, -22.837665223570411 ], [ -42.93848705763088, -22.837677245707539 ], [ -42.938499521335132, -22.837627927785888 ], [ -42.938556326112803, -22.837396749859352 ], [ -42.938560228271172, -22.837355307300811 ], [ -42.938563353415304, -22.837322132209863 ], [ -42.9386609145688, -22.836592667816603 ], [ -42.93874567207439, -22.836160960858876 ], [ -42.93876786464449, -22.836082648794445 ], [ -42.938799547760198, -22.836011828082633 ], [ -42.938836821961047, -22.835924234115339 ], [ -42.938868505076698, -22.835842232132507 ], [ -42.938903914982973, -22.835752773870638 ], [ -42.938947461055761, -22.835667200680007 ], [ -42.93902505456191, -22.835573859145484 ], [ -42.939121967304231, -22.835529131363558 ], [ -42.939310200804414, -22.835478810697794 ], [ -42.939645666813362, -22.835387489040613 ], [ -42.940092955424802, -22.83535394342897 ], [ -42.940780658899541, -22.83540239890084 ], [ -42.941198127790642, -22.835387489040613 ], [ -42.941382633600938, -22.83536512469999 ], [ -42.941636096727734, -22.835325987103829 ], [ -42.941833649002945, -22.835245849415628 ], [ -42.942012563728099, -22.8351675733241 ], [ -42.942114426338946, -22.835122215117337 ], [ -42.942282800110377, -22.835055750721551 ], [ -42.942579129422541, -22.834973747839399 ], [ -42.942741269992894, -22.834902928026906 ], [ -42.942972368779067, -22.834770606277687 ], [ -42.943328334834064, -22.83455814414225 ], [ -42.94351284064436, -22.834472413570268 ], [ -42.943812896747033, -22.834315863185736 ], [ -42.944157680631747, -22.834108992135498 ], [ -42.944418598238997, -22.83399344274244 ], [ -42.944718654341671, -22.833890939814239 ], [ -42.944854703780834, -22.833849937923503 ], [ -42.945147305403111, -22.83379030028135 ], [ -42.945404495320474, -22.833749299289934 ], [ -42.946444438958963, -22.833531245170036 ], [ -42.94749369957384, -22.833274056151993 ], [ -42.947710305785279, -22.833246155584845 ], [ -42.94787899342009, -22.833231227738224 ], [ -42.948410640238137, -22.833050411846273 ], [ -42.948673422139962, -22.832934863352477 ], [ -42.950489907882229, -22.831999663752697 ], [ -42.951470680626699, -22.831451803956838 ], [ -42.952352929043684, -22.830981570941958 ], [ -42.952468845360215, -22.830926702404611 ], [ -42.952603461279978, -22.830886271583381 ], [ -42.952644025200868, -22.830874089366944 ], [ -42.952924673034488, -22.830884538589828 ], [ -42.953190392122167, -22.830975600342924 ], [ -42.953438197613991, -22.831112937611181 ], [ -42.95385170499145, -22.831411498141335 ], [ -42.95402934807521, -22.831595113622825 ], [ -42.9547537393928, -22.832352137740202 ], [ -42.954849718638854, -22.832422345114367 ], [ -42.955086407610906, -22.832817448765468 ], [ -42.955123681811756, -22.832974000049262 ], [ -42.955170323351012, -22.833169936242768 ], [ -42.955181299576566, -22.833301648251677 ], [ -42.955253740866738, -22.833525556058817 ], [ -42.955354719444017, -22.833738490338305 ], [ -42.955734179388116, -22.834121760709934 ], [ -42.95589871125577, -22.834241714982397 ], [ -42.955970844977799, -22.834282241131746 ], [ -42.95613213478947, -22.834386795413479 ], [ -42.956278006623961, -22.834476321124555 ], [ -42.956320981627243, -22.834502697340838 ], [ -42.956585204243027, -22.834583746042256 ], [ -42.956966949364471, -22.834673712421136 ], [ -42.957099061571682, -22.834701269447237 ], [ -42.957250624316146, -22.834668848887475 ], [ -42.957522953420835, -22.83457483106281 ], [ -42.958078955678502, -22.834391658047821 ], [ -42.958723399064866, -22.834122014318723 ], [ -42.959219055913991, -22.83400325344661 ], [ -42.959464429639013, -22.833948288681825 ], [ -42.959688212440312, -22.833898233316063 ], [ -42.959833472735852, -22.833827564589683 ], [ -42.959973827229589, -22.83375591470292 ], [ -42.96007982941984, -22.833675432574353 ], [ -42.960149515187254, -22.833597893926878 ], [ -42.960220183014314, -22.833476187775091 ], [ -42.960296739602143, -22.833342704101767 ], [ -42.960325203144862, -22.833267129573585 ], [ -42.960368089115264, -22.833170215931943 ], [ -42.960436712783348, -22.832459488014194 ], [ -42.96048049897513, -22.832107749672161 ], [ -42.960539594326065, -22.831684643830499 ], [ -42.960522917298078, -22.83149415483058 ], [ -42.960467255558683, -22.830858399794522 ], [ -42.960403958575114, -22.830153446423651 ], [ -42.960408524433149, -22.829372755747329 ], [ -42.960495267641761, -22.829025782912765 ], [ -42.960609792707032, -22.828635549090563 ], [ -42.960618534117316, -22.828605762645054 ], [ -42.960729922347298, -22.828420907897794 ], [ -42.96074770913873, -22.828386983671578 ], [ -42.960779056807269, -22.828327197641272 ], [ -42.960888996229471, -22.828071835146318 ], [ -42.961218809999366, -22.827498027211391 ], [ -42.96143964842031, -22.827058203872241 ], [ -42.961658571285284, -22.826745273974439 ], [ -42.961738517417928, -22.82659333171614 ], [ -42.961957469960566, -22.826324364277241 ], [ -42.962125459721449, -22.826155355584433 ], [ -42.962322485893253, -22.826013298674013 ], [ -42.962755532840845, -22.825685189119383 ], [ -42.963021558597347, -22.825480123008504 ], [ -42.963395617213223, -22.82522300413757 ], [ -42.96364168071824, -22.825090894628318 ], [ -42.963798706844102, -22.824984842975368 ], [ -42.963955774338785, -22.824940739322869 ], [ -42.964404059399101, -22.824946327710109 ], [ -42.96487136691934, -22.824969884551763 ], [ -42.965288681126992, -22.825047441185689 ], [ -42.965667983689741, -22.825142015690687 ], [ -42.965745057387778, -22.825178913974923 ], [ -42.965968260126374, -22.825271633178545 ], [ -42.966096751663031, -22.825317672172048 ], [ -42.966559058952669, -22.82548331470241 ], [ -42.966802967682099, -22.825543643923254 ], [ -42.966939065684585, -22.825562505404548 ], [ -42.967075127714224, -22.825528411206449 ], [ -42.967409228552299, -22.825370243840894 ], [ -42.967742347330727, -22.825239055237432 ], [ -42.968047422549773, -22.825070921584995 ], [ -42.968709605063509, -22.824599926844371 ], [ -42.968756508305489, -22.824546729247402 ], [ -42.96939777978298, -22.824445230861954 ], [ -42.970317405822868, -22.824430415430527 ], [ -42.970976070188783, -22.824342888013121 ], [ -42.97115685730239, -22.824322746796554 ], [ -42.9715009334206, -22.82411960883212 ], [ -42.972160036655623, -22.823667399130386 ], [ -42.972632137562357, -22.823384215208591 ], [ -42.972947171873727, -22.823144134893141 ], [ -42.973153239829401, -22.823056023815695 ], [ -42.973458309652528, -22.822878898741408 ], [ -42.973750501183929, -22.822891624148383 ], [ -42.974412946299708, -22.82293598590627 ], [ -42.974996340108305, -22.822978421316293 ], [ -42.975443859845541, -22.822970456920302 ], [ -42.975509487871818, -22.82296928960028 ], [ -42.975715345386163, -22.82298581913949 ], [ -42.976502429342929, -22.822994751206011 ], [ -42.976653384145607, -22.822988911008679 ], [ -42.976975569865942, -22.822965640151381 ], [ -42.977612887923726, -22.822916144163969 ], [ -42.977761783278936, -22.822908508919795 ], [ -42.977846769212306, -22.822901190236962 ], [ -42.977960310419235, -22.822961959226291 ], [ -42.978208469344679, -22.823068857141266 ], [ -42.978714893776612, -22.823310770275043 ], [ -42.979266421907141, -22.82357903984007 ], [ -42.98021351414161, -22.82401599973781 ], [ -42.980436628746702, -22.82411893793784 ], [ -42.980690762767779, -22.824236187948941 ], [ -42.980728799593692, -22.824255136664476 ], [ -42.980987849309088, -22.824374555840279 ], [ -42.981167287439632, -22.824492909319531 ], [ -42.981373450723424, -22.824779246264427 ], [ -42.981552888854026, -22.825035041333308 ], [ -42.981697966587149, -22.825233567574287 ], [ -42.981923217981375, -22.825428277092556 ], [ -42.982068295714555, -22.825516086897096 ], [ -42.982356548215421, -22.825628702701692 ], [ -42.982385205112394, -22.825639899261148 ], [ -42.983835914994756, -22.825986238972973 ], [ -42.98447639057224, -22.826157907860363 ], [ -42.98509031006904, -22.82635338719831 ], [ -42.985699418192837, -22.826506728801746 ], [ -42.986319544810385, -22.826700519212807 ], [ -42.98714764324842, -22.826817205348959 ], [ -42.988014911658126, -22.826694505446312 ], [ -42.988656300047467, -22.826641520089311 ], [ -42.989027188553166, -22.826602478720645 ], [ -42.989445485719841, -22.826482567615642 ], [ -42.989649048164324, -22.826421136725287 ], [ -42.990809132234915, -22.826120043704293 ], [ -42.991129825979954, -22.826016863586631 ], [ -42.991433788737652, -22.825785406870239 ], [ -42.991734556204051, -22.82553008034813 ], [ -42.992055656442631, -22.825191426242554 ], [ -42.992240414063133, -22.824985304327583 ], [ -42.992351672790733, -22.824935238169928 ], [ -42.992657637439265, -22.824857355981408 ], [ -42.993225989187295, -22.824798355059272 ], [ -42.993638723147797, -22.824754854851903 ], [ -42.994504540051764, -22.824645963139915 ], [ -42.995577336823885, -22.824618380033428 ], [ -42.995626361566622, -22.824610342792312 ], [ -42.99567536832285, -22.824574330340283 ], [ -42.995715362972874, -22.824530330109894 ], [ -42.99578531493961, -22.824395383239562 ], [ -42.995988425025075, -22.823995382779913 ], [ -42.996081244053414, -22.823850787982678 ], [ -42.996251278872705, -22.823616259182245 ], [ -42.996380270432383, -22.82349313120227 ], [ -42.99643597084264, -22.823434497203493 ], [ -42.997559134146002, -22.822971418295538 ], [ -42.998268503188115, -22.822678120598027 ], [ -42.9984424347698, -22.822589450142232 ], [ -42.99927799038619, -22.822166557439914 ], [ -42.999796374902076, -22.821886900659138 ], [ -43.000512564402584, -22.821501523175982 ], [ -43.000653353268888, -22.82143277720013 ], [ -43.000797700752571, -22.821362291935429 ], [ -43.000850160006166, -22.821336677444947 ], [ -43.000926715694618, -22.821299295325446 ], [ -43.000731269631672, -22.822729330693278 ], [ -43.000594972878957, -22.823684763240465 ], [ -43.000589877320238, -22.823747587180605 ], [ -43.000519937944034, -22.823900518693222 ], [ -43.000457089722204, -22.824179338205113 ], [ -43.000433296358835, -22.824504080697977 ], [ -43.000431852047598, -22.824599023025712 ], [ -43.000402820133331, -22.825297430231444 ], [ -43.000464892240245, -22.826126052074869 ], [ -43.00047653756144, -22.826281519675604 ], [ -43.000567879903031, -22.826697081104612 ], [ -43.000650228124812, -22.827131635315936 ], [ -43.000724460864433, -22.827403334895223 ], [ -43.000941906143339, -22.827856749688465 ], [ -43.001072186431543, -22.828128404301651 ], [ -43.001311665100559, -22.8286277546664 ], [ -43.001512007972053, -22.828946300830353 ], [ -43.001693313994508, -22.829227895650092 ], [ -43.001845576411483, -22.829472548118815 ], [ -43.002526525977657, -22.830238275874933 ], [ -43.00263782157748, -22.830356521435533 ], [ -43.00286559107343, -22.830598508313756 ], [ -43.003746174845332, -22.831534063145739 ], [ -43.004687455660815, -22.832546342738738 ], [ -43.00517711672984, -22.833066453952938 ], [ -43.006061305883804, -22.833996858367527 ], [ -43.006153141953234, -22.834086587325373 ], [ -43.007900147872817, -22.835999143145159 ], [ -43.008383342816273, -22.836530657762864 ], [ -43.01027704165142, -22.838529159092673 ], [ -43.010367255343851, -22.838630970442182 ], [ -43.010527391325297, -22.838811691005958 ], [ -43.01060300992026, -22.83892411705358 ], [ -43.010561567361719, -22.839039444314153 ], [ -43.010666813222144, -22.839301146130197 ], [ -43.010517861209621, -22.839507105267899 ], [ -43.01038888313974, -22.839658092446257 ], [ -43.010298906868343, -22.8397750726607 ], [ -43.010161675720042, -22.839929021306489 ], [ -43.010129985409776, -22.840042996886041 ], [ -43.010020976785938, -22.840132018976703 ], [ -43.009922007294051, -22.840266992826685 ], [ -43.009764017994314, -22.840427000205125 ], [ -43.009664078133994, -22.840606935660787 ], [ -43.009545101424578, -22.840748922424041 ], [ -43.009464162440395, -22.840910856150344 ], [ -43.009291590633666, -22.841156585107569 ], [ -43.009228946557926, -22.841196390899938 ], [ -43.009072306241194, -22.841331673217383 ], [ -43.008901425159934, -22.841459832904206 ], [ -43.008782198438951, -22.84158889371173 ], [ -43.008733203373879, -22.841641892558528 ], [ -43.008703209185001, -22.841677888822744 ], [ -43.008693227609626, -22.841713867100509 ], [ -43.008563676671599, -22.842132272185836 ], [ -43.008439560336683, -22.842432481173319 ], [ -43.008348638877862, -22.84263039407665 ], [ -43.00829870042395, -22.842765323859851 ], [ -43.008267753853033, -22.842873259592466 ], [ -43.008246802347344, -22.842963201689656 ], [ -43.00813783779023, -22.843115170028284 ], [ -43.008046903740876, -22.843294099142611 ], [ -43.007966007024891, -22.843518980016142 ], [ -43.007954103598252, -22.843671861166683 ], [ -43.007852267067733, -22.84400466698105 ], [ -43.007770412573734, -22.844292495001866 ], [ -43.007658651125098, -22.844614297610974 ], [ -43.007648576919564, -22.844643306142871 ], [ -43.007547666690755, -22.844867204956756 ], [ -43.007467708866955, -22.845002161719606 ], [ -43.007339682279792, -22.845081210328829 ], [ -43.007240707391986, -22.845206192710862 ], [ -43.007209755425151, -22.845305136122363 ], [ -43.007178821444711, -22.845431055597942 ], [ -43.007187642894678, -22.845589122239403 ], [ -43.007183101318333, -22.845675410391095 ], [ -43.007142228030659, -22.845773051584274 ], [ -43.007133144878026, -22.845891129870949 ], [ -43.007101354742986, -22.846020562098488 ], [ -43.007099083954813, -22.846163619055005 ], [ -43.007142228030659, -22.846249907206698 ], [ -43.007183101318333, -22.846349819188049 ], [ -43.007248952376528, -22.84644973206872 ], [ -43.007267118681852, -22.84647925231485 ], [ -43.007481963121393, -22.846824589282619 ], [ -43.00772126732187, -22.847239950162816 ], [ -43.007855241125753, -22.847505626982354 ], [ -43.007898788997181, -22.847650504166666 ], [ -43.007935891427508, -22.847767370167219 ], [ -43.007902801772161, -22.847845291925921 ], [ -43.007830261556592, -22.847927984588068 ], [ -43.007757599033255, -22.848012001951531 ], [ -43.007837074820429, -22.848130081137583 ], [ -43.007900655090452, -22.848241347059741 ], [ -43.008043421565901, -22.848445691914378 ], [ -43.00831182063331, -22.848782160667383 ], [ -43.008417962218459, -22.848891970587204 ], [ -43.008436029598329, -22.848973885335738 ], [ -43.008483133389177, -22.849082749168758 ], [ -43.008580250277589, -22.849164590172904 ], [ -43.008758759408465, -22.849245466204536 ], [ -43.008967612564561, -22.849340090172234 ], [ -43.009077309169754, -22.849354183448042 ], [ -43.009240575691308, -22.849428818184663 ], [ -43.009354974851476, -22.849516588419021 ], [ -43.009480110118261, -22.849599404288313 ], [ -43.009547202240867, -22.849672279950994 ], [ -43.009835618418322, -22.850017723038718 ], [ -43.009982270864384, -22.850114537754962 ], [ -43.010112883901741, -22.850203167741199 ], [ -43.010259109169795, -22.850348056616724 ], [ -43.010412014602082, -22.85043805896845 ], [ -43.010486064779343, -22.850539031250491 ], [ -43.010588689115991, -22.850613665987112 ], [ -43.010612013033267, -22.850734950356923 ], [ -43.010653996084329, -22.85079092685902 ], [ -43.010700643019504, -22.850870228177712 ], [ -43.010681984785037, -22.850996176431636 ], [ -43.010714637369858, -22.851145447703459 ], [ -43.01084825324358, -22.851482553176538 ], [ -43.010894430732662, -22.851699324863205 ], [ -43.011017662134691, -22.851926018769973 ], [ -43.011074753796095, -22.852007898444981 ], [ -43.011141871099767, -22.852117743438328 ], [ -43.011158974406385, -22.852252611168296 ], [ -43.011111142164737, -22.852348954639751 ], [ -43.011164661719022, -22.852555376928308 ], [ -43.011173180996764, -22.852688844413876 ], [ -43.011207258107731, -22.852774035392656 ], [ -43.011332205416238, -22.852836508597193 ], [ -43.011448633446946, -22.852933058912754 ], [ -43.011570741595733, -22.853040968565097 ], [ -43.011681490407739, -22.853165915873547 ], [ -43.011761002167759, -22.853290863181996 ], [ -43.011786560000985, -22.853523720142789 ], [ -43.011843353986876, -22.853677065343504 ], [ -43.011905828090789, -22.853810531030433 ], [ -43.012019416961778, -22.853926959960461 ], [ -43.012044973895684, -22.853955356953406 ], [ -43.012084730225411, -22.853989433165054 ], [ -43.012119780402827, -22.854014232869758 ], [ -43.012177828942924, -22.854033165397482 ], [ -43.012274908059851, -22.854061053374153 ], [ -43.01237198807604, -22.854088941350767 ], [ -43.012421013718097, -22.854080903210331 ], [ -43.012558063203301, -22.854028824369948 ], [ -43.012636086585417, -22.853992784038951 ], [ -43.012762211106406, -22.854057615265958 ], [ -43.012857375566682, -22.854212395784657 ], [ -43.012936395397617, -22.854168362279324 ], [ -43.012967323082762, -22.854033449583255 ], [ -43.012997304681107, -22.853979468676755 ], [ -43.013115317317329, -22.853890437592838 ], [ -43.013165312428498, -22.853836438699886 ], [ -43.013283331359901, -22.853757399083918 ], [ -43.013400368231657, -22.853704339083208 ], [ -43.013469407386538, -22.853696282956321 ], [ -43.013615498655611, -22.853698149049592 ], [ -43.013799647435064, -22.853744942574281 ], [ -43.013906738704293, -22.853782813025646 ], [ -43.014023825038748, -22.853801690694695 ], [ -43.014081855592451, -22.853793646259021 ], [ -43.014228924424572, -22.85375854212225 ], [ -43.014279885407632, -22.853759149164603 ], [ -43.014345992772633, -22.85375144197468 ], [ -43.014462083557589, -22.853779312864219 ], [ -43.014569164934301, -22.85379919957262 ], [ -43.014686232382985, -22.853791101177592 ], [ -43.01473523913927, -22.853756086073759 ], [ -43.014795221221732, -22.853675102123475 ], [ -43.014932283297526, -22.853641006126736 ], [ -43.014980325980503, -22.85365894670224 ], [ -43.015038381715215, -22.853686870651813 ], [ -43.015252554361155, -22.853743627765425 ], [ -43.015379616875066, -22.853718534881693 ], [ -43.015477641179473, -22.853665491068796 ], [ -43.015546641663434, -22.853602482767599 ], [ -43.015791723108805, -22.853497351121064 ], [ -43.016047757397359, -22.853311277792443 ], [ -43.016136762400947, -22.853239259183681 ], [ -43.015941762401667, -22.853003547774733 ], [ -43.015916180286752, -22.852972624586187 ], [ -43.016028870735056, -22.852916279362034 ], [ -43.016301928290602, -22.852768913753607 ], [ -43.016427622036417, -22.852716904161014 ], [ -43.016522178554965, -22.852677775558107 ], [ -43.016540311585402, -22.852634553241273 ], [ -43.016609661006328, -22.852623717309939 ], [ -43.016679008628614, -22.852612882277924 ], [ -43.016800367642134, -22.852591210415255 ], [ -43.017207788407973, -22.852582540950721 ], [ -43.017446171702716, -22.852573873284825 ], [ -43.017853591569292, -22.852560869987371 ], [ -43.018209000943898, -22.852545701122438 ], [ -43.018352031820086, -22.85250019003098 ], [ -43.018399707579704, -22.852463350202697 ], [ -43.018425714174612, -22.852385332216556 ], [ -43.018469498567754, -22.852247647809918 ], [ -43.018527568691582, -22.851988749180634 ], [ -43.018553574387226, -22.851850052137422 ], [ -43.018614254343618, -22.851739528155917 ], [ -43.018748615755271, -22.851722191025544 ], [ -43.018836057737133, -22.851731695960211 ], [ -43.018907607799122, -22.851713528755567 ], [ -43.019020676861999, -22.851937762117245 ], [ -43.019088744749013, -22.851974669394679 ], [ -43.019203892145185, -22.852084471220621 ], [ -43.019300038665108, -22.852211274729768 ], [ -43.019337160880525, -22.852356116840554 ], [ -43.019335235432038, -22.852465025639674 ], [ -43.019352355825845, -22.85262687213168 ], [ -43.019379477580117, -22.852780715556833 ], [ -43.019398520724394, -22.85282666012148 ], [ -43.019437570186994, -22.852862593433144 ], [ -43.019514643884975, -22.85289949171738 ], [ -43.019629790381771, -22.853009292643947 ], [ -43.019668834448396, -22.853037233680595 ], [ -43.019736882550376, -22.853046164847854 ], [ -43.019805908215346, -22.853020124078682 ], [ -43.019854908676336, -22.852976117552998 ], [ -43.019894872749433, -22.852886159268053 ], [ -43.01990583638451, -22.852823203127571 ], [ -43.019983873256422, -22.852806146585635 ], [ -43.020149960051867, -22.852781017729001 ], [ -43.020247978960356, -22.852718981594933 ], [ -43.020336998353059, -22.852665946775232 ], [ -43.020474980435267, -22.852513952356219 ], [ -43.020622981864392, -22.852379932686972 ], [ -43.020732007575361, -22.852317886660387 ], [ -43.020800044885448, -22.852309833231459 ], [ -43.020858094324865, -22.852328763061166 ], [ -43.020945203557574, -22.852410614857206 ], [ -43.021031641896002, -22.852479037077103 ], [ -43.02110292306071, -22.852557691783261 ], [ -43.021171746378286, -22.852646178777377 ], [ -43.021201242342727, -22.852702712859127 ], [ -43.021262692118796, -22.852808405682595 ], [ -43.021284813642524, -22.852877229000171 ], [ -43.021368384942264, -22.853029622718168 ], [ -43.021451018249138, -22.853138534215191 ], [ -43.021566178235787, -22.853266319784041 ], [ -43.02173039264278, -22.853430030570678 ], [ -43.021960680240454, -22.853640641901336 ], [ -43.022132814077395, -22.853752267552352 ], [ -43.022044327083279, -22.853985774722958 ], [ -43.021896849059601, -22.85428319041614 ], [ -43.021734141017077, -22.854522092619732 ], [ -43.021615724585274, -22.854734498997175 ], [ -43.021409420107943, -22.85494194111692 ], [ -43.021320996066379, -22.855018393383375 ], [ -43.020835004231344, -22.85566948815557 ], [ -43.020581831585503, -22.855998855861742 ], [ -43.020599647155279, -22.856030796183518 ], [ -43.02061746092636, -22.856062735605974 ], [ -43.020621160737221, -22.85611192312598 ], [ -43.020621160737221, -22.856142646665035 ], [ -43.020621160737221, -22.856173372002729 ], [ -43.020599250554255, -22.856220028830478 ], [ -43.021510937379105, -22.855891123375898 ], [ -43.021598974712163, -22.855865064620275 ], [ -43.022548367412469, -22.855569459262369 ], [ -43.023321701634472, -22.855351943836354 ], [ -43.02351680055915, -22.855318795725054 ], [ -43.023741937739487, -22.855312597597504 ], [ -43.023956085204418, -22.855332387179146 ], [ -43.024178287896916, -22.855425106382768 ], [ -43.024416415784231, -22.855566014858937 ], [ -43.024511571251253, -22.855602670326221 ], [ -43.024652754919998, -22.855674463205162 ], [ -43.02475889020991, -22.855775280803812 ], [ -43.025185132886861, -22.856213669724298 ], [ -43.026096978891758, -22.855817761179935 ], [ -43.026185330987516, -22.855779399698747 ], [ -43.026393167909646, -22.855689656351785 ], [ -43.027048062317476, -22.855456061047619 ], [ -43.02749817569952, -22.855291462630134 ], [ -43.027895508769973, -22.855150114385481 ], [ -43.028193333654713, -22.854941637146055 ], [ -43.028366852447562, -22.854776041380433 ], [ -43.028498666979146, -22.854686798955811 ], [ -43.028820427320113, -22.854451005708597 ], [ -43.029058565099945, -22.85429065838639 ], [ -43.029437747153565, -22.854026085934322 ], [ -43.029679656690064, -22.853855469253745 ], [ -43.029970739357395, -22.853645377731198 ], [ -43.030151677557114, -22.853515199965727 ], [ -43.030274679632043, -22.853430026973399 ], [ -43.030585603142356, -22.853214728376258 ], [ -43.03072560600117, -22.85309273713932 ], [ -43.030920782267572, -22.852904159198829 ], [ -43.031029753119867, -22.852761183181258 ], [ -43.031059722127736, -22.852689216733211 ], [ -43.031080675432122, -22.85259927463602 ], [ -43.031026896873072, -22.852541734212878 ], [ -43.030953211820531, -22.85228629077892 ], [ -43.030940112295639, -22.852102895631333 ], [ -43.03104327172889, -22.851839265668787 ], [ -43.031102814942244, -22.851724693838776 ], [ -43.031104956228035, -22.851526172094395 ], [ -43.031099764441819, -22.851049194164204 ], [ -43.03111532001526, -22.850751995207645 ], [ -43.031132513254136, -22.85033198932905 ], [ -43.031221122556019, -22.850201200923891 ], [ -43.031327370261181, -22.850050345945931 ], [ -43.031438717122342, -22.849942275314959 ], [ -43.031577083215097, -22.849817208396701 ], [ -43.031649129702828, -22.849765429030526 ], [ -43.031774395371315, -22.84971385021322 ], [ -43.031926677573381, -22.84968437493319 ], [ -43.032085511336561, -22.849695019308911 ], [ -43.032128085242221, -22.849730224169718 ], [ -43.032190308435247, -22.849803090839202 ], [ -43.032229552151364, -22.849906539854146 ], [ -43.032331948959552, -22.850167424186509 ], [ -43.032421189585477, -22.850256665711754 ], [ -43.03252494886658, -22.850297387913372 ], [ -43.032652096816093, -22.850316806074943 ], [ -43.032969737362748, -22.850270583619761 ], [ -43.033241554753204, -22.850168242569566 ], [ -43.033299684232304, -22.850109294707408 ], [ -43.033554650126291, -22.849833403388061 ], [ -43.033608344149059, -22.849795721794351 ], [ -43.033792381412525, -22.84968931131192 ], [ -43.033944022397975, -22.849582853165373 ], [ -43.033986596303635, -22.84955419716772 ], [ -43.034271513219039, -22.849380627113476 ], [ -43.034386135411069, -22.849315130388163 ], [ -43.03449911993772, -22.849243081202474 ], [ -43.034644387427818, -22.849156237269767 ], [ -43.034743100612843, -22.849092434867202 ], [ -43.034849199030589, -22.849027763719562 ], [ -43.035010005906315, -22.848910679183746 ], [ -43.035100436335313, -22.848853637884304 ], [ -43.035197379654619, -22.848791298678691 ], [ -43.035348958586837, -22.848701084086997 ], [ -43.035493426579649, -22.848618138715381 ], [ -43.035601418070257, -22.848562280923773 ], [ -43.035723067564788, -22.848497027015412 ], [ -43.035880707927618, -22.848426360087672 ], [ -43.03600359488928, -22.84841332711261 ], [ -43.036128386615019, -22.848416167171592 ], [ -43.036325085433589, -22.848401120614426 ], [ -43.036419854192161, -22.848370317935064 ], [ -43.036560179008347, -22.84832297402528 ], [ -43.036725277448852, -22.848315830710249 ], [ -43.03690290344548, -22.848304820310432 ], [ -43.037236944029019, -22.848537339126153 ], [ -43.037354840652654, -22.848612660944752 ], [ -43.037449812657997, -22.848668335274681 ], [ -43.037598821327833, -22.848714183611889 ], [ -43.037792040669387, -22.848733832899313 ], [ -43.03838663193676, -22.848776932009059 ], [ -43.039090542094129, -22.848779682135842 ], [ -43.039375459908797, -22.848763308179343 ], [ -43.039756987394298, -22.848720734273684 ], [ -43.040059915931636, -22.848714183611889 ], [ -43.040402143943084, -22.848702720853112 ], [ -43.040669048337179, -22.848704359417866 ], [ -43.040916304343227, -22.848699447320882 ], [ -43.041019463776479, -22.848699447320882 ], [ -43.041234685031952, -22.848668629352971 ], [ -43.041298484736558, -22.848658896889788 ], [ -43.041437984874392, -22.848630124879605 ], [ -43.041559010239382, -22.848586370164071 ], [ -43.041633487594652, -22.848510962010494 ], [ -43.041736426694001, -22.848336275897623 ], [ -43.041786166397742, -22.848193503126879 ], [ -43.041792681985953, -22.848018481566896 ], [ -43.041804785062027, -22.847822978846636 ], [ -43.041818749734773, -22.84763957920245 ], [ -43.041825879559951, -22.847453950138913 ], [ -43.041857775814947, -22.847273075791065 ], [ -43.041908678342111, -22.847084191181693 ], [ -43.041960256260097, -22.846931114878259 ], [ -43.042014251555713, -22.846878981179259 ], [ -43.042067625419861, -22.846861239353927 ], [ -43.042156663698336, -22.846835180598305 ], [ -43.042458322392918, -22.846819400194363 ], [ -43.042830708269832, -22.846810090412589 ], [ -43.043125824396554, -22.846810090412589 ], [ -43.043423446933787, -22.84682204420119 ], [ -43.043527313234165, -22.846814199415007 ], [ -43.043529164038944, -22.846249416176818 ], [ -43.043534749728167, -22.84592916399896 ], [ -43.043534473636328, -22.845851018309077 ], [ -43.044632974831188, -22.845507730896315 ], [ -43.044898296418523, -22.845426217245347 ], [ -43.045143244764176, -22.845398161095488 ], [ -43.045596169426972, -22.845421455335099 ], [ -43.045748868015096, -22.845416278837433 ], [ -43.046434723383072, -22.845439572177725 ], [ -43.046753065400935, -22.845512040447545 ], [ -43.047482918301284, -22.845706150117962 ], [ -43.048194655258385, -22.845874378199198 ], [ -43.048425000412692, -22.845931316975907 ], [ -43.048544053564513, -22.845713913965199 ], [ -43.048632050428068, -22.845579332219643 ], [ -43.048699341300846, -22.845473217614142 ], [ -43.048740750584443, -22.845400750243641 ], [ -43.048844276941111, -22.84521440442046 ], [ -43.048927097306944, -22.845030646846112 ], [ -43.04897109573875, -22.844859829616667 ], [ -43.048981447834819, -22.844678661190471 ], [ -43.048958155393848, -22.844569959235457 ], [ -43.048880510626304, -22.844443140437818 ], [ -43.048766633072944, -22.844324086386678 ], [ -43.04861910918379, -22.844155857406122 ], [ -43.048525936721887, -22.84406009579601 ], [ -43.048437939858331, -22.843948807390802 ], [ -43.048266245789875, -22.843799331073512 ], [ -43.048104164574795, -22.843726410444731 ], [ -43.048006119586034, -22.843524819314212 ], [ -43.048000103121524, -22.843470663939229 ], [ -43.047982051929409, -22.843407484766828 ], [ -43.047979042797863, -22.843323246170087 ], [ -43.047986821034215, -22.843193018941918 ], [ -43.04802773569071, -22.843031121188517 ], [ -43.04811055425796, -22.842689339240849 ], [ -43.048141504426155, -22.842532000150925 ], [ -43.048180615042611, -22.842453777119317 ], [ -43.048232378220973, -22.84232054435688 ], [ -43.048244299634007, -22.842194641069057 ], [ -43.048226220562924, -22.842094742577558 ], [ -43.048208135196546, -22.841986850911667 ], [ -43.048089634228518, -22.841362492983876 ], [ -43.047995407761107, -22.841117789253815 ], [ -43.047912152123388, -22.840819119006369 ], [ -43.047779833072127, -22.840474533871884 ], [ -43.047592653577397, -22.840287538738153 ], [ -43.047485344672168, -22.840180334154297 ], [ -43.047544197206207, -22.840033204168265 ], [ -43.047603271872788, -22.83981425882024 ], [ -43.047500021607959, -22.839542586220603 ], [ -43.047359660818984, -22.839144054353824 ], [ -43.047322532308272, -22.838990219022605 ], [ -43.047238318892596, -22.838754496821821 ], [ -43.047182141841631, -22.838546725550145 ], [ -43.047165039434276, -22.838410857774079 ], [ -43.047146939678782, -22.838283983218503 ], [ -43.047125441385276, -22.838115223637885 ], [ -43.047116386111611, -22.837980919782865 ], [ -43.047081678575864, -22.837827752647911 ], [ -43.047039425728201, -22.837630069071679 ], [ -43.047012262605108, -22.83752066474608 ], [ -43.046976801437495, -22.837414277646019 ], [ -43.046933793159269, -22.837240739068079 ], [ -43.046900594685951, -22.837038529203994 ], [ -43.046853814651115, -22.836876307694695 ], [ -43.046807789147408, -22.836645425645088 ], [ -43.046759500050143, -22.836459814568002 ], [ -43.046706764704709, -22.836224756966203 ], [ -43.046660857012228, -22.835974936093635 ], [ -43.046599283129694, -22.835620354994603 ], [ -43.046605653027711, -22.83551844112236 ], [ -43.046650308863946, -22.835443104015269 ], [ -43.046639877627513, -22.835357644139208 ], [ -43.04664509459468, -22.835242878055624 ], [ -43.046652919595829, -22.835130720005964 ], [ -43.046679002633141, -22.834966395881679 ], [ -43.046759860678321, -22.834765554785747 ], [ -43.046856368725685, -22.834572538690907 ], [ -43.046955484807029, -22.834353439558811 ], [ -43.047046776786601, -22.834142166327126 ], [ -43.047151109835113, -22.83384220914985 ], [ -43.047315431261438, -22.833476256123561 ], [ -43.048379429066642, -22.833477651871362 ], [ -43.048720364752285, -22.833518839022418 ], [ -43.048918730014634, -22.833537109649114 ], [ -43.049925404133376, -22.833697697989578 ], [ -43.050115500129493, -22.833752013443871 ], [ -43.050724202659069, -22.833890185283053 ], [ -43.050826692996736, -22.833912959714553 ], [ -43.05230847085852, -22.83433668788706 ], [ -43.052928586684175, -22.834601316996384 ], [ -43.053605724024237, -22.834982959595152 ], [ -43.053847970806487, -22.835121621564838 ], [ -43.0542836797473, -22.835326963767614 ], [ -43.05480044098681, -22.835506319160515 ], [ -43.055584948385899, -22.835443209235962 ], [ -43.056437022749662, -22.835379762964919 ], [ -43.056844218685001, -22.835334392167681 ], [ -43.057285123009308, -22.835173084369558 ], [ -43.057857507317351, -22.834858011387325 ], [ -43.058224335384011, -22.834762858618262 ], [ -43.05856796274054, -22.834795359217708 ], [ -43.05878289891092, -22.834888352714529 ], [ -43.059412972929636, -22.835152805556731 ], [ -43.060788754896407, -22.835767783555582 ], [ -43.060914871323519, -22.835823621562099 ], [ -43.061176117183322, -22.835944281802369 ], [ -43.061447375195485, -22.836072927123098 ], [ -43.061583477694626, -22.83616119917923 ], [ -43.061882138948818, -22.836409144065954 ], [ -43.062116841318414, -22.836593211906404 ], [ -43.062565581435706, -22.836970344405074 ], [ -43.063042962262159, -22.837361796808693 ], [ -43.063561756868864, -22.837621685591557 ], [ -43.064136962350176, -22.837897329597297 ], [ -43.064552080413421, -22.838048252923784 ], [ -43.06507410898223, -22.838215808312157 ], [ -43.065793625974322, -22.83831407183618 ], [ -43.066358990174535, -22.838329547369938 ], [ -43.066652176356115, -22.838333277757783 ], [ -43.067041447903762, -22.838373891141373 ], [ -43.06721347562069, -22.838420636102683 ], [ -43.067424231742166, -22.838502353000422 ], [ -43.06765194278222, -22.838687099829031 ], [ -43.067832394448715, -22.838833180306267 ], [ -43.068107365761591, -22.839082372552696 ], [ -43.068421005224479, -22.839374530809152 ], [ -43.068605752053088, -22.839546387654877 ], [ -43.068906503331732, -22.839778395655685 ], [ -43.069271902375647, -22.839923544435237 ], [ -43.069651210334371, -22.840027112160726 ], [ -43.069888657434888, -22.840123490705764 ], [ -43.070242141361007, -22.840217554395849 ], [ -43.070953255087943, -22.840418026769726 ], [ -43.07113841830261, -22.840530101182424 ], [ -43.071541678804692, -22.840689179561195 ], [ -43.071869234376948, -22.840837441793724 ], [ -43.072251957061439, -22.841009839131971 ], [ -43.073030980394719, -22.841645712878574 ], [ -43.07318427343472, -22.841787704138483 ], [ -43.073707598825877, -22.842320519175871 ], [ -43.073760680410317, -22.842381175749892 ], [ -43.074005460582782, -22.842645643880587 ], [ -43.074108659586216, -22.842902039696583 ], [ -43.074000540391921, -22.843070696754467 ], [ -43.073965966855155, -22.843219796255823 ], [ -43.073894659610119, -22.843468293326282 ], [ -43.073829833779087, -22.843824833148744 ], [ -43.073808225768289, -22.843950160870463 ], [ -43.073775585773944, -22.844068866883902 ], [ -43.073733960653044, -22.844304493756624 ], [ -43.073718706352508, -22.844580161144734 ], [ -43.073695861773842, -22.845037066206885 ], [ -43.073715202593803, -22.845321888693434 ], [ -43.07373259458285, -22.845540542661126 ], [ -43.073754204392287, -22.845700445718194 ], [ -43.073798641693202, -22.845911522897666 ], [ -43.073823350566443, -22.846028894317271 ], [ -43.073955163299388, -22.846359503087797 ], [ -43.074107662238077, -22.846596859356794 ], [ -43.074223850149849, -22.846710504885095 ], [ -43.074506920757074, -22.846967647138456 ], [ -43.074611162974065, -22.847060930216969 ], [ -43.07493044658213, -22.847352277284983 ], [ -43.075230803957709, -22.847607255769447 ], [ -43.07529570083517, -22.847668847638431 ], [ -43.075337745040144, -22.847708749658295 ], [ -43.075685040731287, -22.848002856745666 ], [ -43.076107427115346, -22.84836579614381 ], [ -43.07620129025662, -22.848487818856995 ], [ -43.076476623996257, -22.848835115447457 ], [ -43.07688101224818, -22.849418046105143 ], [ -43.077215018657455, -22.850108532082288 ], [ -43.077365200043232, -22.850358834991482 ], [ -43.077681062630177, -22.85076893933433 ], [ -43.077912738781151, -22.851116002101037 ], [ -43.078176938014565, -22.8514334429982 ], [ -43.078268076210009, -22.851527914081203 ], [ -43.078357831248184, -22.85162095434282 ], [ -43.078433958859364, -22.851699861758448 ], [ -43.078564955007948, -22.851835351819261 ], [ -43.078908111119688, -22.852181605196165 ], [ -43.079164122025873, -22.852389404346752 ], [ -43.07986301126823, -22.852903321030681 ], [ -43.080015286275682, -22.853046253880734 ], [ -43.08016756038387, -22.853189186730788 ], [ -43.080494531396766, -22.853510552269427 ], [ -43.080928078367378, -22.853997307628845 ], [ -43.081160309400047, -22.854236435562257 ], [ -43.081272588858155, -22.854356018414762 ], [ -43.081615086666204, -22.854776628637751 ], [ -43.081716662393319, -22.854843575969483 ], [ -43.081924428269019, -22.854873587245493 ], [ -43.082445394738443, -22.854920774673246 ], [ -43.082759632250486, -22.854936243911766 ], [ -43.082843850162817, -22.854942892599638 ], [ -43.083621758336733, -22.854938459841264 ], [ -43.083875053290342, -22.854842259361988 ], [ -43.084076093136446, -22.854812132972768 ], [ -43.084306583980947, -22.85480991614395 ], [ -43.085447960354372, -22.85479440283865 ], [ -43.085620828937351, -22.854785538221222 ], [ -43.085851320681172, -22.85474786112411 ], [ -43.086343331678677, -22.854639265289109 ], [ -43.087309622640248, -22.854408772645968 ], [ -43.088242670162344, -22.854191579177268 ], [ -43.088572893123796, -22.854116225882365 ], [ -43.088793433869171, -22.854068783946445 ], [ -43.088827867111661, -22.854053237366259 ], [ -43.088919830884777, -22.853973700425172 ], [ -43.089165998711167, -22.85376684106609 ], [ -43.089316826709478, -22.853652638857398 ], [ -43.089621859660383, -22.853421559856315 ], [ -43.09012282071086, -22.853076428833333 ], [ -43.090567727917573, -22.8528278769042 ], [ -43.091084714886961, -22.852678746825916 ], [ -43.091683723624215, -22.852564413316259 ], [ -43.092737581573374, -22.852365572312522 ], [ -43.093152663663773, -22.852283549645335 ], [ -43.093848607626398, -22.85214933212518 ], [ -43.09411474939543, -22.852072646035026 ], [ -43.094601718793569, -22.851945519669243 ], [ -43.095359798714981, -22.85173584902941 ], [ -43.095464415050003, -22.851887538578296 ], [ -43.095704580801055, -22.852193836875301 ], [ -43.096296773576512, -22.852953102103186 ], [ -43.097041398740828, -22.853936404640592 ], [ -43.097638595344165, -22.854700339148565 ], [ -43.097853860666419, -22.855037587613822 ], [ -43.098381260885731, -22.855927350765853 ], [ -43.098486261231244, -22.85613621021713 ], [ -43.098627615771136, -22.856525747064779 ], [ -43.098938368410245, -22.857340769360235 ], [ -43.09895741065526, -22.857386712126299 ], [ -43.099042587244867, -22.857567480354135 ], [ -43.099297193409996, -22.858219691185013 ], [ -43.099448553807008, -22.858610219085563 ], [ -43.099509061992876, -22.858749994415916 ], [ -43.099569569279481, -22.858889767947687 ], [ -43.099524363058151, -22.858912372407303 ], [ -43.099312810137349, -22.858856490334006 ], [ -43.099137182434276, -22.85883253958923 ], [ -43.099071887157152, -22.85883727092255 ], [ -43.099019356857127, -22.858841077752743 ], [ -43.098966825657726, -22.858844884582993 ], [ -43.098861763259038, -22.858852498243436 ], [ -43.098618278110337, -22.858892412853777 ], [ -43.098426682944307, -22.858944303735882 ], [ -43.098278995378621, -22.859024134755259 ], [ -43.098088872402798, -22.859164088151374 ], [ -43.098040237066527, -22.859199888363378 ], [ -43.097991602629634, -22.859235687676062 ], [ -43.09780399955423, -22.859371400768737 ], [ -43.097615158112319, -22.85945461863497 ], [ -43.097568496787972, -22.85947518163357 ], [ -43.097269129565973, -22.859646819044713 ], [ -43.097069551118182, -22.859806481083467 ], [ -43.097040431969617, -22.859823282217917 ], [ -43.097003101111511, -22.859844819182285 ], [ -43.096965771152668, -22.859866356146654 ], [ -43.096766192704877, -22.859930219703131 ], [ -43.096622496330383, -22.859978119393929 ], [ -43.096545839917837, -22.860055292017364 ], [ -43.096462833392309, -22.86020164588848 ], [ -43.096202638839998, -22.860448116786415 ], [ -43.096046410412782, -22.860596104725687 ], [ -43.095895307221895, -22.860636975315401 ], [ -43.095847190794473, -22.860639507806241 ], [ -43.09574834361041, -22.860644710384292 ], [ -43.095588681571655, -22.860628743820712 ], [ -43.095444985197162, -22.860592820401564 ], [ -43.095241415558178, -22.860516979674117 ], [ -43.095137634693344, -22.860485048345538 ], [ -43.095096716439571, -22.860508549429255 ], [ -43.094823852238278, -22.86066525989304 ], [ -43.094553820901353, -22.860820345281923 ], [ -43.094311380764907, -22.860896178814812 ], [ -43.09427060999991, -22.860904450779003 ], [ -43.094035963388251, -22.86095205998879 ], [ -43.093736595266932, -22.861003950870838 ], [ -43.093465169081583, -22.861043867279875 ], [ -43.093343955758201, -22.861092928894777 ], [ -43.093297523760953, -22.861111722926921 ], [ -43.093093954121969, -22.861123698299252 ], [ -43.092931736209948, -22.861139165739132 ], [ -43.0928145446548, -22.861199538127437 ], [ -43.092694797226386, -22.861235462445848 ], [ -43.092527151905813, -22.861363192256761 ], [ -43.092295641230123, -22.861454997749149 ], [ -43.09214795276506, -22.861510878923127 ], [ -43.092000265199374, -22.861642600824609 ], [ -43.09188777889716, -22.861686862757722 ], [ -43.091700897977319, -22.861698482897907 ], [ -43.091457412828618, -22.861670541861258 ], [ -43.091269808853838, -22.861682517233589 ], [ -43.090982416104907, -22.861718440652737 ], [ -43.090802796311266, -22.861742389598817 ], [ -43.090643133373192, -22.861778313917284 ], [ -43.090453191161089, -22.861873463988388 ], [ -43.09023998528636, -22.862069697857521 ], [ -43.090144187703345, -22.862109615165821 ], [ -43.089936626873111, -22.862069697857521 ], [ -43.089862427408377, -22.862043571652748 ], [ -43.089653225315374, -22.861969909083257 ], [ -43.089393773603035, -22.861874112399619 ], [ -43.089202178437063, -22.861802263762684 ], [ -43.088978651043192, -22.861750372880635 ], [ -43.088775081404151, -22.861750372880635 ], [ -43.088467730900334, -22.861770330635466 ], [ -43.088204287996746, -22.86184617136297 ], [ -43.087976769411625, -22.861926002382347 ], [ -43.087508943881915, -22.862168484786991 ], [ -43.087258258760926, -22.8622808541773 ], [ -43.087150514583868, -22.862329149569803 ], [ -43.086848027613655, -22.862425061366707 ], [ -43.086823206325164, -22.862432931333956 ], [ -43.086623628776692, -22.862492803699183 ], [ -43.086441221084726, -22.862545761177159 ], [ -43.086376152436742, -22.862564653235381 ], [ -43.086324174320453, -22.862577998275242 ], [ -43.086080776405993, -22.862640492164189 ], [ -43.08572153502007, -22.862780197347433 ], [ -43.085682835393811, -22.862799421255488 ], [ -43.085110826103005, -22.863083555760738 ], [ -43.085007384282619, -22.863118035767968 ], [ -43.084763560089471, -22.863199311098583 ], [ -43.084393989989906, -22.863293614907604 ], [ -43.084234139093496, -22.863334404558373 ], [ -43.084184783400303, -22.863346998664269 ], [ -43.083828544850746, -22.863439620741133 ], [ -43.082388579168878, -22.863814012106218 ], [ -43.081578123630777, -22.864058802171201 ], [ -43.081410645584072, -22.864109388136967 ], [ -43.080564433900747, -22.864392788795385 ], [ -43.080222060199162, -22.8645251168399 ], [ -43.080078330549782, -22.864580668862004 ], [ -43.079913808574702, -22.864644258125224 ], [ -43.07927516041957, -22.864923666693073 ], [ -43.078640500757786, -22.865179127214162 ], [ -43.078349115918229, -22.865270932706608 ], [ -43.078137562997426, -22.865370722380135 ], [ -43.078004818566797, -22.865385472161051 ], [ -43.077830170225468, -22.865353287223627 ], [ -43.077686517018435, -22.865326814779905 ], [ -43.077478955288825, -22.865314840306837 ], [ -43.077215512385237, -22.865306857025075 ], [ -43.076972026337216, -22.865294881652687 ], [ -43.076796397734824, -22.865318832397406 ], [ -43.076556903777373, -22.865414629081101 ], [ -43.076357326228901, -22.865490468909229 ], [ -43.076145773308042, -22.865554334264345 ], [ -43.075878338313942, -22.865598240965255 ], [ -43.075459223663529, -22.865662106320372 ], [ -43.075103974368176, -22.865729961967418 ], [ -43.074676877335264, -22.865761895094636 ], [ -43.074301670285138, -22.865777860758897 ], [ -43.074130032873995, -22.865797820312366 ], [ -43.073894531007056, -22.865825759550376 ], [ -43.073730743778071, -22.865871460398807 ], [ -43.073533095275423, -22.865982953849482 ], [ -43.072914809570079, -22.866332639938605 ], [ -43.072757704303854, -22.866373183175085 ], [ -43.072544851862688, -22.866428931249402 ], [ -43.072301592443807, -22.866454269648045 ], [ -43.071992448691844, -22.866464405906811 ], [ -43.071698509777661, -22.866474542165633 ], [ -43.07145018177971, -22.866570831677791 ], [ -43.071217057720332, -22.866743140882477 ], [ -43.070983933660898, -22.866879975429754 ], [ -43.070831896074424, -22.866961061902714 ], [ -43.070674790808198, -22.867108030910117 ], [ -43.070461938367032, -22.867270204755357 ], [ -43.070274425223829, -22.867381699105351 ], [ -43.070021030445446, -22.867528668112755 ], [ -43.069823380144157, -22.867640163362069 ], [ -43.069671597965169, -22.867762564689826 ], [ -43.069621678397027, -22.867799989976788 ], [ -43.06951443244435, -22.867879659118216 ], [ -43.069488897993494, -22.867898625820146 ], [ -43.069406779998189, -22.867992476370887 ], [ -43.069324662902147, -22.868086325123045 ], [ -43.069291427556607, -22.868124306191021 ], [ -43.069154415842888, -22.868339534641052 ], [ -43.068987174317897, -22.868486505447095 ], [ -43.068804729753765, -22.868623338195732 ], [ -43.068561699661984, -22.868764184618669 ], [ -43.068191511728173, -22.86900343216189 ], [ -43.067973590707936, -22.869150401169293 ], [ -43.067755670587019, -22.869241623901075 ], [ -43.067597187559443, -22.869309956188772 ], [ -43.067484269582621, -22.869418169811922 ], [ -43.067366647252243, -22.869545204446865 ], [ -43.067272549387894, -22.869545204446865 ], [ -43.067079645708361, -22.869502858968985 ], [ -43.066853809754775, -22.869521678182139 ], [ -43.066632678154861, -22.869653417170696 ], [ -43.066444480627524, -22.869695760849936 ], [ -43.066223349027609, -22.869681645990397 ], [ -43.065771675321855, -22.869653417170696 ], [ -43.065338821728517, -22.869578137620181 ], [ -43.065056526336889, -22.869516973828524 ], [ -43.064920082994718, -22.86954990790116 ], [ -43.064825984231049, -22.869648711917762 ], [ -43.064783640551866, -22.869813384079634 ], [ -43.064675426928659, -22.869907482843303 ], [ -43.064529573979939, -22.86995453177542 ], [ -43.064280212660947, -22.86995453177542 ], [ -43.064007326875924, -22.869860433011809 ], [ -43.063811060631224, -22.869789891089852 ], [ -43.06366937244286, -22.869791213992585 ], [ -43.063543395410647, -22.869826837937467 ], [ -43.063358046036285, -22.869879253124282 ], [ -43.062991062386914, -22.869902777590312 ], [ -43.062595847219825, -22.869907482843303 ], [ -43.062261797643089, -22.869973351887893 ], [ -43.06184305890929, -22.870095681269902 ], [ -43.061297286439867, -22.870312106717563 ], [ -43.060883252959002, -22.870500305144219 ], [ -43.0603657102086, -22.870712027137586 ], [ -43.059942267121187, -22.87086728879359 ], [ -43.059570577319562, -22.870961387557202 ], [ -43.059161248192311, -22.871031960955463 ], [ -43.058707470072932, -22.871014598644024 ], [ -43.05803677008015, -22.870890814158997 ], [ -43.057674489885073, -22.870839059074569 ], [ -43.057274571263747, -22.870862584439919 ], [ -43.057231548596349, -22.870868339201706 ], [ -43.057108219168242, -22.870884834566709 ], [ -43.056535896913374, -22.870961387557202 ], [ -43.055881911720121, -22.871088421292825 ], [ -43.054969155601327, -22.871344838692551 ], [ -43.054418678778291, -22.871490691641327 ], [ -43.054070513442696, -22.871589495657929 ], [ -43.053971710325413, -22.871643603368852 ], [ -43.053872906308868, -22.871697709281079 ], [ -43.053789903380618, -22.871749585774012 ], [ -43.053609430130336, -22.871862382342272 ], [ -43.053449463221398, -22.872069398183385 ], [ -43.053314368862289, -22.872267327274585 ], [ -43.053247150834636, -22.872365809333871 ], [ -43.05310722531749, -22.872603419211657 ], [ -43.052997790414963, -22.872789253320605 ], [ -43.052809591988364, -22.873033910285983 ], [ -43.052616690107413, -22.872878645932019 ], [ -43.052494361624781, -22.872939810622995 ], [ -43.052275582651305, -22.873029204133672 ], [ -43.052056803677829, -22.873118597644407 ], [ -43.051893306929855, -22.873152708929581 ], [ -43.051729811081202, -22.873186820214812 ], [ -43.051681804371071, -22.87319683506513 ], [ -43.051465939201023, -22.873241872213839 ], [ -43.051355768653082, -22.873240926127039 ], [ -43.051256966435119, -22.873179762335383 ], [ -43.050433602028363, -22.87248343256357 ], [ -43.050146601383801, -22.87225289135705 ], [ -43.049934880289754, -22.87214467683458 ], [ -43.049135041248405, -22.871857676190018 ], [ -43.048603385437161, -22.871683594421597 ], [ -43.048368138078388, -22.871631840236489 ], [ -43.048024677995784, -22.871655364702519 ], [ -43.047959985264356, -22.871669479562058 ], [ -43.047895293432305, -22.871683594421597 ], [ -43.047765907070243, -22.871711824140618 ], [ -43.047688446663756, -22.871739660855894 ], [ -43.047464791566142, -22.871820036864449 ], [ -43.047144855949625, -22.871942366246458 ], [ -43.046406183397892, -22.872271710570203 ], [ -43.045796487117457, -22.872311560429409 ], [ -43.045686327361409, -22.872318760401697 ], [ -43.045093506859132, -22.872361104080937 ], [ -43.044679471579627, -22.872375218940419 ], [ -43.044321898436124, -22.872384629446344 ], [ -43.043926684168412, -22.872370513687486 ], [ -43.043778725007428, -22.87236245216468 ], [ -43.043667912343551, -22.872359927767661 ], [ -43.043570286438865, -22.872342283968464 ], [ -43.043479715715591, -22.872323464755311 ], [ -43.043435019409912, -22.872459907198163 ], [ -43.043391497618813, -22.872545772668502 ], [ -43.043338567120429, -22.872605760146939 ], [ -43.043232706123774, -22.872648104725499 ], [ -43.043125669713163, -22.872689272990783 ], [ -43.043026865696561, -22.872711621143651 ], [ -43.042868074201522, -22.87274220438843 ], [ -43.04262341813552, -22.872770433208132 ], [ -43.042425929712181, -22.872778178169597 ], [ -43.042307175135306, -22.87276707513962 ], [ -43.042151748903336, -22.872711621143651 ], [ -43.041885981252278, -22.872567281753902 ], [ -43.0418306369736, -22.872537539375173 ], [ -43.041785940667921, -22.872523423616315 ], [ -43.04171654268356, -22.872514014009766 ], [ -43.041622443919891, -22.872515191222305 ], [ -43.04156363275473, -22.87251872016202 ], [ -43.041444833211756, -22.872542243728788 ], [ -43.041322623439612, -22.872579476560816 ], [ -43.041237543077443, -22.872611989750737 ], [ -43.041213114792697, -22.87263516617918 ], [ -43.041150774687765, -22.872745733328145 ], [ -43.041122571049073, -22.872765672197261 ], [ -43.041094367410381, -22.872785612864959 ], [ -43.0409661061002, -22.872876294204843 ], [ -43.040666166909318, -22.873083310945276 ], [ -43.040521195296208, -22.873167877794572 ], [ -43.040468559775491, -22.873198582447856 ], [ -43.040335040129264, -22.873278043845858 ], [ -43.04025213342851, -22.873363253710409 ], [ -43.040202161699654, -22.873452622040077 ], [ -43.040185722991964, -22.873481844610694 ], [ -43.040149503695886, -22.873546229773922 ], [ -43.040109776144504, -22.873656056780817 ], [ -43.040077780064792, -22.873749478354966 ], [ -43.040047238188777, -22.873836521937164 ], [ -43.03998630462354, -22.874010181923609 ], [ -43.039961298074729, -22.874093650700672 ], [ -43.03991380937407, -22.874252167003135 ], [ -43.039852213907807, -22.87440774881776 ], [ -43.039783992236721, -22.874527724673953 ], [ -43.039725181071503, -22.874584183212733 ], [ -43.039600499962376, -22.874675930249225 ], [ -43.039464058418844, -22.874718273928409 ], [ -43.039162942015423, -22.874798257832538 ], [ -43.039093273335141, -22.874816147146703 ], [ -43.039023604654915, -22.874834033762852 ], [ -43.038878293098037, -22.874878241736667 ], [ -43.038834838756088, -22.87490238313768 ], [ -43.038772432101325, -22.874937052901885 ], [ -43.038610232175756, -22.875033979134059 ], [ -43.038576542672558, -22.875054051102779 ], [ -43.038428972918041, -22.875139366188023 ], [ -43.038301939182418, -22.875212292212723 ], [ -43.038236070137771, -22.875273456004436 ], [ -43.038149029253589, -22.875365202141609 ], [ -43.038071397975898, -22.87546635788533 ], [ -43.037982003565901, -22.875598095974567 ], [ -43.037878496095004, -22.875703956971279 ], [ -43.037406742326539, -22.875936403841195 ], [ -43.037120193141675, -22.876076393210212 ], [ -43.036854569382115, -22.876206158186903 ], [ -43.036417614880293, -22.876421458582683 ], [ -43.036158843954752, -22.876515558245671 ], [ -43.035737752594457, -22.876680231306864 ], [ -43.035528383227586, -22.876769623918221 ], [ -43.035323718214272, -22.876868427035504 ], [ -43.035055537682183, -22.877002517751237 ], [ -43.034916741713516, -22.877094263888409 ], [ -43.03469796274004, -22.877221296724713 ], [ -43.034566224650803, -22.87724482209012 ], [ -43.034422724328522, -22.877223650250471 ], [ -43.034229822447628, -22.877160132933 ], [ -43.034055511352051, -22.877039455605598 ], [ -43.033766387408093, -22.876800206263738 ], [ -43.033547515804457, -22.876607701883188 ], [ -43.033163760698244, -22.876268777980954 ], [ -43.033040026575236, -22.876173734929125 ], [ -43.03293960467829, -22.876107384747229 ], [ -43.032818216886483, -22.876050869551193 ], [ -43.032677874083902, -22.876009122122525 ], [ -43.032417162421382, -22.875933337153015 ], [ -43.032371145011609, -22.875919960636907 ], [ -43.032307857920557, -22.875901564105106 ], [ -43.031921038824123, -22.875791773071114 ], [ -43.031402789206652, -22.875657280358439 ], [ -43.03108526377315, -22.875566687152116 ], [ -43.031046935566906, -22.875555752295384 ], [ -43.031008158598922, -22.875543823687735 ], [ -43.030642451986864, -22.875431330190963 ], [ -43.030302326590345, -22.875335967879835 ], [ -43.030217748049893, -22.875320886249142 ], [ -43.030133168610121, -22.875305802819753 ], [ -43.029935911312521, -22.875296836578968 ], [ -43.029740426578712, -22.875311036874052 ], [ -43.029517510723792, -22.875342749667368 ], [ -43.029171545129998, -22.875446591686057 ], [ -43.029027436865988, -22.875495475235198 ], [ -43.028793611335345, -22.875574790043743 ], [ -43.028519244366919, -22.875673418692543 ], [ -43.028196458798789, -22.875795359567405 ], [ -43.028149834346664, -22.875813292049031 ], [ -43.028103209894482, -22.87583122542992 ], [ -43.027870087633687, -22.875928059931255 ], [ -43.027812748658675, -22.875965481620881 ], [ -43.027699729058497, -22.876039242216507 ], [ -43.027604686906045, -22.87613786996593 ], [ -43.027543715569266, -22.8762257391258 ], [ -43.027520468993714, -22.876260181361488 ], [ -43.02749626014355, -22.876296045425363 ], [ -43.027403007641965, -22.876442847158899 ], [ -43.027334749997976, -22.876550369203414 ], [ -43.027177893843998, -22.876787026699162 ], [ -43.026777998605041, -22.877280169943106 ], [ -43.026537703351607, -22.877570677044332 ], [ -43.026348694635828, -22.877797938423328 ], [ -43.026085804815295, -22.878114032136125 ], [ -43.025782744976993, -22.878460128131621 ], [ -43.025616185138119, -22.87864074887068 ], [ -43.025527749405398, -22.878736650775068 ], [ -43.025506584760365, -22.878759602372952 ], [ -43.025029580749845, -22.879279644339363 ], [ -43.024900466882286, -22.879428483037316 ], [ -43.024705001933569, -22.879611395248901 ], [ -43.024473672920919, -22.879790720064932 ], [ -43.024003841903038, -22.880120677726325 ], [ -43.023654159411194, -22.880344833746335 ], [ -43.023417628719869, -22.880472576147724 ], [ -43.023139495390694, -22.880622787211109 ], [ -43.02294403134124, -22.88072500325552 ], [ -43.022748567291842, -22.880827218400611 ], [ -43.022494168870082, -22.880971727762244 ], [ -43.022445506554163, -22.880999371123323 ], [ -43.02217113958568, -22.881162555806554 ], [ -43.021898566764719, -22.881359813104098 ], [ -43.021721118833852, -22.881502054375517 ], [ -43.021672618395883, -22.881540931168274 ], [ -43.021517408900593, -22.881680332380654 ], [ -43.021478946695311, -22.881714877139075 ], [ -43.021274516405072, -22.88192109977814 ], [ -43.021200368201676, -22.882004621615238 ], [ -43.021159529987585, -22.882050624635838 ], [ -43.02111850291584, -22.882096838997143 ], [ -43.020957110581435, -22.882315616171979 ], [ -43.020753949234631, -22.882595889887625 ], [ -43.020711435583564, -22.882654539174894 ], [ -43.020485494409286, -22.882982767440012 ], [ -43.020446034855865, -22.883040088428572 ], [ -43.020416770017164, -22.883079887925703 ], [ -43.020266710039891, -22.883283970178297 ], [ -43.020191340557176, -22.883378719151779 ], [ -43.020078418083813, -22.883520678935383 ], [ -43.019875781041719, -22.88372869572197 ], [ -43.019730527940794, -22.883864982582111 ], [ -43.01969049012331, -22.883901297206307 ], [ -43.019576308599028, -22.884004855938599 ], [ -43.019388018441589, -22.884151903186989 ], [ -43.019154895281474, -22.88434915958527 ], [ -43.01894867084377, -22.884532071796912 ], [ -43.018701202597697, -22.88475443456872 ], [ -43.018469873585047, -22.884944518873681 ], [ -43.018318861225737, -22.885071448287931 ], [ -43.018098671215967, -22.885213506097671 ], [ -43.01790679366286, -22.885324688382866 ], [ -43.017659325416787, -22.88542869587684 ], [ -43.017413650418916, -22.885504013198897 ], [ -43.017175148413628, -22.885566776884446 ], [ -43.016893607553186, -22.885622367577412 ], [ -43.016655104648635, -22.885679752417843 ], [ -43.016491919066084, -22.885738928707838 ], [ -43.016291075272193, -22.885839350604783 ], [ -43.016113543704364, -22.885955911735152 ], [ -43.016040021429092, -22.886029434909744 ], [ -43.015966497355237, -22.88610295808428 ], [ -43.015832003743242, -22.886258970674191 ], [ -43.015692130386753, -22.886404223775116 ], [ -43.0155666030156, -22.886540510635257 ], [ -43.015444661241418, -22.886660659161294 ], [ -43.01534244609627, -22.886752114817455 ], [ -43.015218711973262, -22.886838190729122 ], [ -43.015075252120482, -22.886922474291964 ], [ -43.014912067437251, -22.886990616822743 ], [ -43.014727361977464, -22.88703903542239 ], [ -43.014422509790279, -22.887101798208676 ], [ -43.014001095573349, -22.887180701127704 ], [ -43.013567130417982, -22.887252431054094 ], [ -43.013409323680605, -22.88728112302465 ], [ -43.013251517842548, -22.887309814995206 ], [ -43.013004048697155, -22.887363613339289 ], [ -43.012702783006318, -22.887460447840624 ], [ -43.012509112205009, -22.887539350759653 ], [ -43.012387520267112, -22.88760014672863 ], [ -43.012325120806963, -22.887631346908336 ], [ -43.012154049069352, -22.88775812703517 ], [ -43.012053096572402, -22.887855715168371 ], [ -43.011938858390863, -22.88796614472102 ], [ -43.011698563137429, -22.888245892333316 ], [ -43.011465440876691, -22.888525638146916 ], [ -43.011293289053299, -22.888755173911363 ], [ -43.010801938158181, -22.889447368600429 ], [ -43.010630853830094, -22.889680291211675 ], [ -43.010504258963635, -22.889852642684559 ], [ -43.010364385607204, -22.890024795407214 ], [ -43.010288499913599, -22.890118192699674 ], [ -43.010224512250716, -22.890196948129869 ], [ -43.009965330334978, -22.890521744582088 ], [ -43.009941179041448, -22.890552011265527 ], [ -43.009890662323471, -22.890613119299246 ], [ -43.009840145605494, -22.890674228232285 ], [ -43.00971881626964, -22.890820997590197 ], [ -43.009433569303042, -22.891090939894184 ], [ -43.009297009049021, -22.891220173371551 ], [ -43.009076833428367, -22.891373318922774 ], [ -43.008832950779322, -22.891520366171164 ], [ -43.008603415014875, -22.891595681694582 ], [ -43.008398983825316, -22.891635133154125 ], [ -43.008083372149201, -22.891678171109959 ], [ -43.006917337264554, -22.891896209941365 ], [ -43.006759954107849, -22.891925640255295 ], [ -43.00651666860864, -22.891933456263246 ], [ -43.006225566156218, -22.891882602299461 ], [ -43.006058035948854, -22.891848032360031 ], [ -43.006028825968826, -22.891842004204364 ], [ -43.005999615988742, -22.891835976948016 ], [ -43.005948608240942, -22.891817064205384 ], [ -43.005753322257306, -22.891744655290836 ], [ -43.005680417816279, -22.891717622569445 ], [ -43.005343287162248, -22.891595681694582 ], [ -43.005052780061021, -22.891480913812359 ], [ -43.004694130429016, -22.891315934082343 ], [ -43.004382105249249, -22.891240617659605 ], [ -43.003887167857783, -22.891193993207423 ], [ -43.003553301742727, -22.891200928779085 ], [ -43.003457198390265, -22.891202925274001 ], [ -43.003155522608552, -22.891165302136187 ], [ -43.002717969158198, -22.891097157806826 ], [ -43.00242387556068, -22.891018254887797 ], [ -43.002315313000565, -22.890976500264514 ], [ -43.002190754199205, -22.890928593379101 ], [ -43.002164747604297, -22.890915589182327 ], [ -43.001968391427397, -22.890817411093849 ], [ -43.001826725722083, -22.890741198047067 ], [ -43.001802653568859, -22.890728248708911 ], [ -43.001401724109542, -22.890512558906721 ], [ -43.000800483254977, -22.89017599482554 ], [ -43.000741808786699, -22.890143148886466 ], [ -43.000408263729639, -22.889963824070435 ], [ -43.000006576141857, -22.889838296699281 ], [ -42.999626408431254, -22.889702009839084 ], [ -42.999170921600012, -22.889601587942138 ], [ -42.998871840362426, -22.889574513851983 ], [ -42.998631918327646, -22.889552796123894 ], [ -42.998245606448847, -22.889497580448221 ], [ -42.997696870713298, -22.889372052177691 ], [ -42.997394231757653, -22.889261184655197 ], [ -42.997334634585002, -22.889239351813842 ], [ -42.997051301375734, -22.889081545975785 ], [ -42.996785899748716, -22.888923740137727 ], [ -42.996004043551011, -22.888557916613763 ], [ -42.995283156891446, -22.888238719340677 ], [ -42.994874296310968, -22.887998423187923 ], [ -42.99452640526863, -22.887880068809352 ], [ -42.994149823155055, -22.887801164991004 ], [ -42.993998961881857, -22.887809624913473 ], [ -42.993438107781742, -22.887841075104745 ], [ -42.993382312043309, -22.887844202946837 ], [ -42.991996679802185, -22.887986391158279 ], [ -42.991395392182881, -22.888037874647409 ], [ -42.991097712089015, -22.888073739610604 ], [ -42.990896868295124, -22.888106018077508 ], [ -42.990856168576613, -22.88811958524991 ], [ -42.990662310716345, -22.888185753768767 ], [ -42.990466977068593, -22.888286062351142 ], [ -42.990405518299326, -22.888317622259706 ], [ -42.990244125964921, -22.888446736127207 ], [ -42.990161939621089, -22.888583164180886 ], [ -42.990064801148947, -22.888744415321753 ], [ -42.989860369959388, -22.889146102909535 ], [ -42.989663112661788, -22.889544204001027 ], [ -42.98957703675012, -22.889741462197946 ], [ -42.989473028356826, -22.889910026625671 ], [ -42.989433582293259, -22.890036256367353 ], [ -42.989419230912063, -22.890082179348326 ], [ -42.9893797785532, -22.890440828980275 ], [ -42.989229146607101, -22.890677537737417 ], [ -42.989091658252676, -22.890869710268134 ], [ -42.988913534930987, -22.891118676784743 ], [ -42.988703777956232, -22.891386769183271 ], [ -42.988515432940119, -22.891545470746109 ], [ -42.988357627102062, -22.891627960161486 ], [ -42.988106572359698, -22.891699690087876 ], [ -42.987855517617334, -22.891735555051071 ], [ -42.987730042406781, -22.891782957416751 ], [ -42.987694125282928, -22.891796526387793 ], [ -42.987529145552912, -22.891900533881767 ], [ -42.987360580225868, -22.892000955778713 ], [ -42.987309922314353, -22.892050030883468 ], [ -42.987268018403597, -22.892090625381286 ], [ -42.987245812343645, -22.892112137164645 ], [ -42.987166909424616, -22.892330914339425 ], [ -42.987070074023961, -22.892599901563415 ], [ -42.987001930593863, -22.892847369809488 ], [ -42.986978357564396, -22.8929652295609 ], [ -42.986948133149099, -22.893116357033477 ], [ -42.986908681689556, -22.893403276739036 ], [ -42.986872816726361, -22.893636398999831 ], [ -42.986869631327693, -22.893667341074149 ], [ -42.986847711252153, -22.893880281648933 ], [ -42.986793913807333, -22.894396737118939 ], [ -42.986724865659312, -22.895068626015529 ], [ -42.986700664903026, -22.895304121587174 ], [ -42.986578724028163, -22.8966096071469 ], [ -42.986485474224537, -22.897592308037815 ], [ -42.986394382793776, -22.898366590145258 ], [ -42.986385052327591, -22.898445895061229 ], [ -42.986331254882771, -22.898854755641707 ], [ -42.986273870941659, -22.899166780821531 ], [ -42.986223659993186, -22.899633027141704 ], [ -42.986173449044713, -22.900092097771335 ], [ -42.986119651599893, -22.900361084995325 ], [ -42.98606944065142, -22.900569101781855 ], [ -42.986008470214017, -22.900716149030302 ], [ -42.985936740287627, -22.900884715256609 ], [ -42.98592100125245, -22.900937545930219 ], [ -42.985864191978123, -22.901128240874868 ], [ -42.985820294270411, -22.901275593892763 ], [ -42.98574493468027, -22.901528556097219 ], [ -42.98561196002322, -22.901951072882923 ], [ -42.985418932237224, -22.902502274559538 ], [ -42.985369604422999, -22.902658841131824 ], [ -42.985339576959177, -22.902793960672 ], [ -42.985328853443093, -22.902926936228369 ], [ -42.985330997426843, -22.902994495099108 ], [ -42.985333142309912, -22.903062054869167 ], [ -42.985346010709122, -22.90320575394162 ], [ -42.98539319543886, -22.903368755163171 ], [ -42.985453248567808, -22.903488862320387 ], [ -42.985564776192746, -22.903645427993354 ], [ -42.98568917131746, -22.903823443396448 ], [ -42.985789975426314, -22.904022904932333 ], [ -42.985852173438332, -22.904179472403939 ], [ -42.985875765353569, -22.904376789056812 ], [ -42.985859913003878, -22.904592603864785 ], [ -42.985794800289057, -22.904803302429684 ], [ -42.985689901566957, -22.905040465344428 ], [ -42.985654176898038, -22.905143916158011 ], [ -42.985627761111573, -22.905219086890554 ], [ -42.98544466993485, -22.905657206913816 ], [ -42.985397485205056, -22.905807339736157 ], [ -42.985350299575941, -22.905957472558555 ], [ -42.985307406410925, -22.906120473780049 ], [ -42.985367458640553, -22.906437897590138 ], [ -42.985526170095966, -22.90687971742426 ], [ -42.985616249789359, -22.907158535137512 ], [ -42.985641986587666, -22.90734727315737 ], [ -42.985599091624067, -22.907505984612726 ], [ -42.98552188032977, -22.90763038063676 ], [ -42.985273089180964, -22.907862013620274 ], [ -42.984996031440971, -22.908086738911095 ], [ -42.98488703360897, -22.908175147664167 ], [ -42.984573899565078, -22.908453966276738 ], [ -42.984351084434252, -22.908662679138558 ], [ -42.984235028722878, -22.908771389187507 ], [ -42.983930473311943, -22.909097391630553 ], [ -42.983861841550038, -22.909170313158654 ], [ -42.983797498654894, -22.909204630388615 ], [ -42.9837503139251, -22.909215353005379 ], [ -42.983703130094625, -22.909226077420783 ], [ -42.983432891014388, -22.909161735424959 ], [ -42.983087513577175, -22.909064230029401 ], [ -42.9828753194397, -22.908992234803009 ], [ -42.982670702989822, -22.908980868271669 ], [ -42.982479348842162, -22.908986551087708 ], [ -42.982287993795126, -22.908992234803009 ], [ -42.981882549739169, -22.908988445959267 ], [ -42.981674144445492, -22.908958133410351 ], [ -42.98142927074349, -22.908878550603845 ], [ -42.981162602871109, -22.908749727217355 ], [ -42.981033771390685, -22.908738358887376 ], [ -42.980510860587003, -22.90879898578379 ], [ -42.980116784861025, -22.90879898578379 ], [ -42.979893222393571, -22.908768673234931 ], [ -42.979737876201284, -22.908706048044905 ], [ -42.979571140095288, -22.908518586163041 ], [ -42.979313474436537, -22.90825334191743 ], [ -42.979127804004236, -22.908041146880635 ], [ -42.97908991196914, -22.907978625112662 ], [ -42.979052019934045, -22.907916104244066 ], [ -42.979002759568971, -22.90772285522479 ], [ -42.978957290745655, -22.907434875218541 ], [ -42.978881506675464, -22.907199946219748 ], [ -42.978733727378881, -22.906961225679254 ], [ -42.978574581550959, -22.906802078952012 ], [ -42.978400279448579, -22.906658090297867 ], [ -42.978169138394264, -22.906533046761922 ], [ -42.977934207596888, -22.906377688878479 ], [ -42.977684121424318, -22.906260223929394 ], [ -42.977500886356097, -22.906135997877243 ], [ -42.977460558057601, -22.906108656688389 ], [ -42.976888910294235, -22.90625468590423 ], [ -42.976463998613895, -22.906336007999585 ], [ -42.976046137618425, -22.906426847620139 ], [ -42.975941089608853, -22.906449684104871 ], [ -42.974712028436613, -22.906718281023075 ], [ -42.974391308611246, -22.906786922677554 ], [ -42.973999152937836, -22.906863272421333 ], [ -42.973963128794651, -22.906870285334605 ], [ -42.973629679965029, -22.906904387626639 ], [ -42.973562818068842, -22.906905257271035 ], [ -42.973337912014301, -22.906908177369701 ], [ -42.973068012877775, -22.906876713688632 ], [ -42.972765744442825, -22.906802078952012 ], [ -42.972693145771302, -22.906774855574326 ], [ -42.972523234159212, -22.906711138607363 ], [ -42.972280725674239, -22.906586095071475 ], [ -42.970975491025342, -22.905842649817657 ], [ -42.970810517590564, -22.90574868325433 ], [ -42.969385780128903, -22.904934006298561 ], [ -42.969051806095251, -22.904737488243711 ], [ -42.969002829016631, -22.904708667670093 ], [ -42.968207339996013, -22.904240583135618 ], [ -42.96744571134974, -22.90385408419786 ], [ -42.966877331722742, -22.903607786869088 ], [ -42.965135059834438, -22.902882229130796 ], [ -42.964368883316581, -22.90251270939325 ], [ -42.963360957341592, -22.901989800388208 ], [ -42.962830469749633, -22.901701821281279 ], [ -42.962443269340667, -22.901517399107888 ], [ -42.962294953148842, -22.901446758260533 ], [ -42.96185985304902, -22.901302486319935 ], [ -42.961436044836887, -22.901175123432438 ], [ -42.961395379292583, -22.901168257108623 ], [ -42.96136305316162, -22.901162799123085 ], [ -42.961289925688789, -22.901150453230059 ], [ -42.961144276886159, -22.901125863067364 ], [ -42.960799460625879, -22.901072813858491 ], [ -42.960329599930333, -22.901034921823396 ], [ -42.958548677878468, -22.900962928395643 ], [ -42.957601377900517, -22.900917456874367 ], [ -42.957221210189971, -22.900888213619396 ], [ -42.956680603426378, -22.900784834751562 ], [ -42.956214531574631, -22.900690105563172 ], [ -42.955861446947495, -22.900643235596078 ], [ -42.955786352657299, -22.90063326840982 ], [ -42.955426379223297, -22.900629477767438 ], [ -42.955233130204078, -22.900654108399635 ], [ -42.955039881184859, -22.900678738132513 ], [ -42.954417421725907, -22.900918467712359 ], [ -42.955452323764973, -22.896023216797232 ], [ -42.95592376456932, -22.893793224576882 ], [ -42.948402459105466, -22.8917312481978 ], [ -42.94759451807181, -22.891509749674412 ], [ -42.946766154333829, -22.891282652871382 ], [ -42.943968659325435, -22.890469706211206 ], [ -42.943824321734326, -22.890424035040439 ], [ -42.942149371295727, -22.889894054666115 ], [ -42.940697304336368, -22.889349528657021 ], [ -42.939650262349005, -22.888931970733097 ], [ -42.938517130960122, -22.888556888688697 ], [ -42.937660900829201, -22.888245531705138 ], [ -42.936736399564438, -22.887831593552448 ], [ -42.936030470429159, -22.887457018725684 ], [ -42.935050150942971, -22.886978814120198 ], [ -42.934686281645838, -22.886813419802706 ], [ -42.93452412578705, -22.886739713166435 ], [ -42.933948250310777, -22.886486890356935 ], [ -42.933543807200238, -22.886309328212178 ], [ -42.931738565681542, -22.885382272872846 ], [ -42.930889773843262, -22.884922536744909 ], [ -42.93024419821046, -22.884420421864206 ], [ -42.92907259742168, -22.883511834103103 ], [ -42.928606066016414, -22.883184303711857 ], [ -42.928217752246724, -22.882843005599455 ], [ -42.928065686781281, -22.882753655256238 ], [ -42.927324579764786, -22.882318191830336 ], [ -42.927126013953625, -22.882248005140525 ], [ -42.926805069297757, -22.882134561959674 ], [ -42.925553290351331, -22.882156455055565 ], [ -42.924712522264372, -22.882445438705247 ], [ -42.924084924978558, -22.88253068724066 ], [ -42.923540041039303, -22.882320650576787 ], [ -42.923049505829283, -22.88213156631798 ], [ -42.922043490913666, -22.881743373057475 ], [ -42.920885965414243, -22.881867075704236 ], [ -42.919764572876034, -22.881765077295711 ], [ -42.917960753185469, -22.881345223402548 ], [ -42.917145244356789, -22.880935940140773 ], [ -42.915328946572913, -22.880024387314847 ], [ -42.914797216117904, -22.879847015826329 ], [ -42.912441878189384, -22.878991691312706 ], [ -42.911668563752471, -22.878804834674611 ], [ -42.910673691436955, -22.878909119159744 ], [ -42.910219396207424, -22.878861297709932 ], [ -42.909884653253414, -22.878717836957833 ], [ -42.908994462923374, -22.878082642199388 ], [ -42.908701097776714, -22.878012485187242 ], [ -42.90843752806876, -22.878104951681394 ], [ -42.908007701593419, -22.878371139315846 ], [ -42.906850739968945, -22.879075169083023 ], [ -42.906405717649022, -22.879363412590635 ], [ -42.905975333594029, -22.879459052792299 ], [ -42.905521040163137, -22.879363412590635 ], [ -42.90483959866782, -22.878992803774111 ], [ -42.903849053889985, -22.878402899773221 ], [ -42.902723545154743, -22.877928799673612 ], [ -42.902150273215796, -22.87784490281922 ], [ -42.901635630779026, -22.87780924919673 ], [ -42.901241111687227, -22.877725562783723 ], [ -42.900906368733217, -22.87755819175635 ], [ -42.900125544957177, -22.876598239216605 ], [ -42.899471756715457, -22.875501914381061 ], [ -42.898912646400788, -22.874580733413325 ], [ -42.897824348913844, -22.873329376248932 ], [ -42.896341216673079, -22.872067416976961 ], [ -42.895851633845098, -22.871650843810642 ], [ -42.895024457212173, -22.871114389216928 ], [ -42.89418759937746, -22.870660095786036 ], [ -42.893314876579552, -22.870373173382461 ], [ -42.892243192268779, -22.87013688101149 ], [ -42.89125610538423, -22.869969445232925 ], [ -42.89009534412412, -22.869772547664184 ], [ -42.888516002410825, -22.869460473021661 ], [ -42.887740856954281, -22.869023860262189 ], [ -42.887308206607713, -22.868646925614371 ], [ -42.886875556261202, -22.868269992765192 ], [ -42.885901805423259, -22.867622732702159 ] ] ] ] } },
{ "type": "Feature", "properties": { "id": 1, "risp": 4, "aisp": 1, "cisp": 73, "area_km2": 17.06 }, "geometry": { "type": "MultiPolygon", "coordinates": [ [ [ [ -43.055168746639595, -22.814566025301076 ], [ -43.05520875927607, -22.814549002933347 ], [ -43.055286783557506, -22.81451296260235 ], [ -43.055501870813941, -22.814443828119408 ], [ -43.055835977047991, -22.814293653928189 ], [ -43.056071046341003, -22.814179538054475 ], [ -43.0561019920126, -22.814071603221123 ], [ -43.056113863962935, -22.813872762217443 ], [ -43.056195749933181, -22.813630894949085 ], [ -43.056316591836492, -22.813289077927834 ], [ -43.056437482303238, -22.813019200375038 ], [ -43.056507416283523, -22.812858274788766 ], [ -43.056578337719372, -22.812678365413433 ], [ -43.056620247026046, -22.812507472640959 ], [ -43.056640235357861, -22.812471486269317 ], [ -43.05669018640225, -22.8123545411284 ], [ -43.056791090335821, -22.812121648194761 ], [ -43.056871011287399, -22.81193273840438 ], [ -43.056960945290655, -22.81175381018943 ], [ -43.057041872583625, -22.81157389002226 ], [ -43.057142775617876, -22.811339998841106 ], [ -43.057304564553306, -22.81088224391965 ], [ -43.057495377309067, -22.810433456138298 ], [ -43.057586273586935, -22.810199573950399 ], [ -43.057728129948487, -22.809858737190211 ], [ -43.057740971367991, -22.809614933681473 ], [ -43.057732892758054, -22.809507033921705 ], [ -43.057666744923608, -22.809352227322677 ], [ -43.057641507249002, -22.809027527097896 ], [ -43.057609154138447, -22.808539974039775 ], [ -43.05757681901423, -22.808079397045788 ], [ -43.057562537780143, -22.807681751011216 ], [ -43.057546367969792, -22.807447965950075 ], [ -43.057532113715354, -22.807326967564734 ], [ -43.057513032799477, -22.806987389855408 ], [ -43.057514001369327, -22.806941428203572 ], [ -43.057497818968443, -22.806688660252689 ], [ -43.057452629834245, -22.806453902125099 ], [ -43.057415470746662, -22.8062551051882 ], [ -43.0573866168981, -22.806013969068658 ], [ -43.057372196269114, -22.805893455417845 ], [ -43.057271799553178, -22.805404964366858 ], [ -43.057205616645149, -22.805197201189117 ], [ -43.05720137364375, -22.804845506014544 ], [ -43.057266081663613, -22.80435886396964 ], [ -43.057264642748351, -22.803718413573165 ], [ -43.057347460416224, -22.803376631625497 ], [ -43.057574480776907, -22.80319857935018 ], [ -43.057818573867337, -22.803111432345929 ], [ -43.058131704313951, -22.803015230967389 ], [ -43.059211041855349, -22.802521675833873 ], [ -43.060779530550178, -22.801799873664493 ], [ -43.06278111925252, -22.800829890985881 ], [ -43.063242251128258, -22.800600669984135 ], [ -43.063446373850354, -22.800593491595578 ], [ -43.063780932443365, -22.801102753388591 ], [ -43.064260636218648, -22.801694812165067 ], [ -43.064771218216435, -22.802079019630298 ], [ -43.065105541187052, -22.802245574972517 ], [ -43.065448605567951, -22.802443609284353 ], [ -43.065774340013036, -22.802631637739125 ], [ -43.065354707353151, -22.803171916250164 ], [ -43.065454133700598, -22.80340240439665 ], [ -43.065639935433921, -22.803833124798075 ], [ -43.06602888142703, -22.804260965570336 ], [ -43.066703056400229, -22.804883281137734 ], [ -43.067895825431265, -22.805920471951424 ], [ -43.069310414942947, -22.806830729753585 ], [ -43.069386787169776, -22.80687987320681 ], [ -43.070579557100132, -22.807968925224941 ], [ -43.071085187430697, -22.808396765097882 ], [ -43.071198630611605, -22.808633374929514 ], [ -43.071538958355518, -22.80934320172662 ], [ -43.072070518838643, -22.810082200732211 ], [ -43.072718763659282, -22.810963814227875 ], [ -43.073898568063726, -22.812649248962884 ], [ -43.074366914300924, -22.813349179620161 ], [ -43.075389530701557, -22.814256895038909 ], [ -43.076724914222666, -22.815501525274385 ], [ -43.076896182911753, -22.815606189273467 ], [ -43.076958281998373, -22.815644137965819 ], [ -43.077177874858307, -22.815652488170997 ], [ -43.077369857632107, -22.815938066987428 ], [ -43.077612890421847, -22.816180319165596 ], [ -43.078319595672099, -22.81675911923719 ], [ -43.07964201366724, -22.817887064235833 ], [ -43.079981678610864, -22.818152619646924 ], [ -43.080355083419647, -22.818444553972199 ], [ -43.081120011678479, -22.819118728046078 ], [ -43.081936799343111, -22.819831796899109 ], [ -43.082153399259255, -22.820038979114827 ], [ -43.082533183858629, -22.820402252161443 ], [ -43.083207357932508, -22.820609690683909 ], [ -43.08425751427211, -22.820959741897809 ], [ -43.085028915851069, -22.821048749599356 ], [ -43.085268775832617, -22.821076427134642 ], [ -43.08674677294448, -22.821154215793626 ], [ -43.087083860431107, -22.821607986718448 ], [ -43.087446877170919, -22.82202286286406 ], [ -43.087987460552142, -22.822418235412442 ], [ -43.088829701728628, -22.822662534447659 ], [ -43.089067487873535, -22.822645178431458 ], [ -43.089483626667288, -22.821971783170511 ], [ -43.090334497738127, -22.822388000205251 ], [ -43.09061030991711, -22.823474930722682 ], [ -43.090843677692817, -22.823824982835902 ], [ -43.09118975210464, -22.824019562851788 ], [ -43.092295745551496, -22.824434331978068 ], [ -43.092928156908158, -22.824668558606334 ], [ -43.093345900991778, -22.82482327887044 ], [ -43.09451274076963, -22.825458558165167 ], [ -43.095549931583321, -22.826145697764957 ], [ -43.096293359750007, -22.826733619660047 ], [ -43.097001999442, -22.827908922058327 ], [ -43.097170543185314, -22.82834972925582 ], [ -43.097313156776011, -22.828829430333144 ], [ -43.097441239121167, -22.829402306570444 ], [ -43.097494665145973, -22.830281498191823 ], [ -43.098557786112224, -22.830761199269148 ], [ -43.097974895024663, -22.831925729587965 ], [ -43.097551373696206, -22.832082297958891 ], [ -43.097029766010166, -22.832969762443781 ], [ -43.097758030707837, -22.833686504128082 ], [ -43.097481701418644, -22.834145035164454 ], [ -43.096949045561246, -22.834018532928155 ], [ -43.096416392401864, -22.833892031591233 ], [ -43.096086855623184, -22.833813768989501 ], [ -43.095732847392242, -22.834226778142522 ], [ -43.095488813657084, -22.834902133026219 ], [ -43.096293359750007, -22.835377303319092 ], [ -43.096716772260493, -22.835843435425431 ], [ -43.09779789135888, -22.837412845025995 ], [ -43.098000296375858, -22.838371587078313 ], [ -43.097624314110078, -22.83966807671959 ], [ -43.097468735892733, -22.840134813170323 ], [ -43.09737798170778, -22.840562653942527 ], [ -43.097339908908964, -22.840736698838782 ], [ -43.097287228422147, -22.840977530088196 ], [ -43.097157578558665, -22.841522055197913 ], [ -43.097196473337817, -22.841975826122678 ], [ -43.097365016181811, -22.84250738660586 ], [ -43.09763727963599, -22.842766685433389 ], [ -43.097948436970057, -22.842870404244991 ], [ -43.098682909687795, -22.84292946182444 ], [ -43.09942643408192, -22.84279261468663 ], [ -43.099591249236028, -22.842902491156281 ], [ -43.100437694743107, -22.843466788760509 ], [ -43.101241518680411, -22.844102068055236 ], [ -43.101695289605175, -22.844050208649435 ], [ -43.10196755216009, -22.844296541951053 ], [ -43.102305805168044, -22.844858491425441 ], [ -43.102265744867509, -22.845398555897873 ], [ -43.102615796081409, -22.846111625650224 ], [ -43.103138351652888, -22.846995759945571 ], [ -43.103251076275399, -22.847524798729694 ], [ -43.103121427311294, -22.848367517446206 ], [ -43.103956410958858, -22.848982731067395 ], [ -43.104197512904193, -22.849534357224059 ], [ -43.104347029690928, -22.850334118024364 ], [ -43.103886355570125, -22.851116073147466 ], [ -43.103137505390805, -22.851101135408271 ], [ -43.102369463679054, -22.850999388809953 ], [ -43.101734184384384, -22.850623408342869 ], [ -43.101254483307002, -22.850221495924529 ], [ -43.100511949066458, -22.849449099695448 ], [ -43.100398800863218, -22.849754760373116 ], [ -43.100476590421579, -22.850260389804362 ], [ -43.100489555048171, -22.850921600150969 ], [ -43.100726019189722, -22.851473093207915 ], [ -43.100878501041279, -22.851816177373905 ], [ -43.101148371399461, -22.852193900727173 ], [ -43.101345238391332, -22.852632965038538 ], [ -43.102395392932294, -22.854227647387233 ], [ -43.102849164756435, -22.854629558006934 ], [ -43.103212182395566, -22.854772171597688 ], [ -43.103408154561976, -22.854956732266601 ], [ -43.10333630682436, -22.855307988572065 ], [ -43.103276433559813, -22.855639288921282 ], [ -43.103393262688201, -22.855875635251607 ], [ -43.102899503408651, -22.856333272361837 ], [ -43.102864755403402, -22.856365479782312 ], [ -43.102657741360929, -22.856557349241484 ], [ -43.101753801296184, -22.857365058250082 ], [ -43.100778928104319, -22.858236147879154 ], [ -43.10038970781801, -22.85858393280148 ], [ -43.100370574741476, -22.858601028913597 ], [ -43.100322675949997, -22.858513214612401 ], [ -43.099569569279481, -22.858889767947687 ], [ -43.099509061992876, -22.858749994415916 ], [ -43.099448553807008, -22.858610219085563 ], [ -43.099297193409996, -22.858219691185013 ], [ -43.099042587244867, -22.857567480354135 ], [ -43.09895741065526, -22.857386712126299 ], [ -43.098938368410245, -22.857340769360235 ], [ -43.098627615771136, -22.856525747064779 ], [ -43.098486261231244, -22.85613621021713 ], [ -43.098381260885731, -22.855927350765853 ], [ -43.097853860666419, -22.855037587613822 ], [ -43.097638595344165, -22.854700339148565 ], [ -43.097041398740828, -22.853936404640592 ], [ -43.096296773576512, -22.852953102103186 ], [ -43.095704580801055, -22.852193836875301 ], [ -43.095464415050003, -22.851887538578296 ], [ -43.095359798714981, -22.85173584902941 ], [ -43.094601718793569, -22.851945519669243 ], [ -43.09411474939543, -22.852072646035026 ], [ -43.093848607626398, -22.85214933212518 ], [ -43.093152663663773, -22.852283549645335 ], [ -43.092737581573374, -22.852365572312522 ], [ -43.091683723624215, -22.852564413316259 ], [ -43.091084714886961, -22.852678746825916 ], [ -43.090567727917573, -22.8528278769042 ], [ -43.09012282071086, -22.853076428833333 ], [ -43.089621859660383, -22.853421559856315 ], [ -43.089316826709478, -22.853652638857398 ], [ -43.089165998711167, -22.85376684106609 ], [ -43.088919830884777, -22.853973700425172 ], [ -43.088827867111661, -22.854053237366259 ], [ -43.088793433869171, -22.854068783946445 ], [ -43.088572893123796, -22.854116225882365 ], [ -43.088242670162344, -22.854191579177268 ], [ -43.087309622640248, -22.854408772645968 ], [ -43.086343331678677, -22.854639265289109 ], [ -43.085851320681172, -22.85474786112411 ], [ -43.085620828937351, -22.854785538221222 ], [ -43.085447960354372, -22.85479440283865 ], [ -43.084306583980947, -22.85480991614395 ], [ -43.084076093136446, -22.854812132972768 ], [ -43.083875053290342, -22.854842259361988 ], [ -43.083621758336733, -22.854938459841264 ], [ -43.082843850162817, -22.854942892599638 ], [ -43.082759632250486, -22.854936243911766 ], [ -43.082445394738443, -22.854920774673246 ], [ -43.081924428269019, -22.854873587245493 ], [ -43.081716662393319, -22.854843575969483 ], [ -43.081615086666204, -22.854776628637751 ], [ -43.081272588858155, -22.854356018414762 ], [ -43.081160309400047, -22.854236435562257 ], [ -43.080928078367378, -22.853997307628845 ], [ -43.080494531396766, -22.853510552269427 ], [ -43.08016756038387, -22.853189186730788 ], [ -43.080015286275682, -22.853046253880734 ], [ -43.07986301126823, -22.852903321030681 ], [ -43.079164122025873, -22.852389404346752 ], [ -43.078908111119688, -22.852181605196165 ], [ -43.078564955007948, -22.851835351819261 ], [ -43.078433958859364, -22.851699861758448 ], [ -43.078357831248184, -22.85162095434282 ], [ -43.078268076210009, -22.851527914081203 ], [ -43.078176938014565, -22.8514334429982 ], [ -43.077912738781151, -22.851116002101037 ], [ -43.077681062630177, -22.85076893933433 ], [ -43.077365200043232, -22.850358834991482 ], [ -43.077215018657455, -22.850108532082288 ], [ -43.07688101224818, -22.849418046105143 ], [ -43.076476623996257, -22.848835115447457 ], [ -43.07620129025662, -22.848487818856995 ], [ -43.076107427115346, -22.84836579614381 ], [ -43.075685040731287, -22.848002856745666 ], [ -43.075337745040144, -22.847708749658295 ], [ -43.07529570083517, -22.847668847638431 ], [ -43.075230803957709, -22.847607255769447 ], [ -43.07493044658213, -22.847352277284983 ], [ -43.074611162974065, -22.847060930216969 ], [ -43.074506920757074, -22.846967647138456 ], [ -43.074223850149849, -22.846710504885095 ], [ -43.074107662238077, -22.846596859356794 ], [ -43.073955163299388, -22.846359503087797 ], [ -43.073823350566443, -22.846028894317271 ], [ -43.073798641693202, -22.845911522897666 ], [ -43.073754204392287, -22.845700445718194 ], [ -43.07373259458285, -22.845540542661126 ], [ -43.073715202593803, -22.845321888693434 ], [ -43.073695861773842, -22.845037066206885 ], [ -43.073718706352508, -22.844580161144734 ], [ -43.073733960653044, -22.844304493756624 ], [ -43.073775585773944, -22.844068866883902 ], [ -43.073808225768289, -22.843950160870463 ], [ -43.073829833779087, -22.843824833148744 ], [ -43.073894659610119, -22.843468293326282 ], [ -43.073965966855155, -22.843219796255823 ], [ -43.074000540391921, -22.843070696754467 ], [ -43.074108659586216, -22.842902039696583 ], [ -43.074005460582782, -22.842645643880587 ], [ -43.073760680410317, -22.842381175749892 ], [ -43.073707598825877, -22.842320519175871 ], [ -43.07318427343472, -22.841787704138483 ], [ -43.073030980394719, -22.841645712878574 ], [ -43.072251957061439, -22.841009839131971 ], [ -43.071869234376948, -22.840837441793724 ], [ -43.071541678804692, -22.840689179561195 ], [ -43.07113841830261, -22.840530101182424 ], [ -43.070953255087943, -22.840418026769726 ], [ -43.070242141361007, -22.840217554395849 ], [ -43.069888657434888, -22.840123490705764 ], [ -43.069651210334371, -22.840027112160726 ], [ -43.069271902375647, -22.839923544435237 ], [ -43.068906503331732, -22.839778395655685 ], [ -43.068605752053088, -22.839546387654877 ], [ -43.068421005224479, -22.839374530809152 ], [ -43.068107365761591, -22.839082372552696 ], [ -43.067832394448715, -22.838833180306267 ], [ -43.06765194278222, -22.838687099829031 ], [ -43.067424231742166, -22.838502353000422 ], [ -43.06721347562069, -22.838420636102683 ], [ -43.067041447903762, -22.838373891141373 ], [ -43.066652176356115, -22.838333277757783 ], [ -43.066358990174535, -22.838329547369938 ], [ -43.065793625974322, -22.83831407183618 ], [ -43.06507410898223, -22.838215808312157 ], [ -43.064552080413421, -22.838048252923784 ], [ -43.064136962350176, -22.837897329597297 ], [ -43.063561756868864, -22.837621685591557 ], [ -43.063042962262159, -22.837361796808693 ], [ -43.062565581435706, -22.836970344405074 ], [ -43.062116841318414, -22.836593211906404 ], [ -43.061882138948818, -22.836409144065954 ], [ -43.061583477694626, -22.83616119917923 ], [ -43.061447375195485, -22.836072927123098 ], [ -43.061176117183322, -22.835944281802369 ], [ -43.06078523494989, -22.835427506173687 ], [ -43.06063347975055, -22.835021176285466 ], [ -43.060487958651663, -22.834688396551485 ], [ -43.06038417688751, -22.834463912278977 ], [ -43.060038989207271, -22.8337035957436 ], [ -43.059733283563446, -22.832996298739431 ], [ -43.059613708804875, -22.832718794935658 ], [ -43.059584265001092, -22.832662202397955 ], [ -43.059518575820903, -22.832596558183866 ], [ -43.059162482961483, -22.832238240401693 ], [ -43.058255586825112, -22.831270148098099 ], [ -43.058061492443187, -22.831078588904973 ], [ -43.057835878622143, -22.830830414691093 ], [ -43.057601909200002, -22.830561868134907 ], [ -43.056651129745092, -22.829527530870052 ], [ -43.05654762856949, -22.829402284986713 ], [ -43.05576023974254, -22.828553979681658 ], [ -43.055569545697267, -22.828463728217685 ], [ -43.055076244172596, -22.828423919727356 ], [ -43.055001291975316, -22.828394635103564 ], [ -43.054966884813155, -22.828251270578903 ], [ -43.054939716294143, -22.827897818129031 ], [ -43.054849627607496, -22.82707390243786 ], [ -43.054793283282663, -22.826961519557699 ], [ -43.054789305581266, -22.826858101119683 ], [ -43.054813170890384, -22.82673081467459 ], [ -43.054856925605918, -22.826691038559829 ], [ -43.054904658022792, -22.826643306142898 ], [ -43.054994685555585, -22.826559703366854 ], [ -43.055063548443286, -22.826494890126298 ], [ -43.055137811759892, -22.826401723959634 ], [ -43.055171225171193, -22.826365533441844 ], [ -43.055243804956888, -22.826286921903147 ], [ -43.055328196438381, -22.826168132252747 ], [ -43.055399759090903, -22.826073615304324 ], [ -43.055488874711045, -22.825918336561188 ], [ -43.055606345955368, -22.825723902235552 ], [ -43.055761577034446, -22.825480143692914 ], [ -43.056036194913759, -22.82507657112609 ], [ -43.056071428552855, -22.824978293212894 ], [ -43.05628838729848, -22.824719318141263 ], [ -43.056377335644811, -22.82455728998616 ], [ -43.056420543572472, -22.824415514563555 ], [ -43.056423244236612, -22.824296694336226 ], [ -43.056403090429569, -22.82417967724956 ], [ -43.056308895438463, -22.823979933326484 ], [ -43.056232722861125, -22.823799156105395 ], [ -43.056136594327654, -22.823698330412867 ], [ -43.055906287844152, -22.823460742118755 ], [ -43.055638752125958, -22.823240802120552 ], [ -43.055553687052281, -22.823189493099846 ], [ -43.055253933121776, -22.823154387164436 ], [ -43.054994685555585, -22.823243502784635 ], [ -43.054743250399952, -22.823006184287181 ], [ -43.054579071066541, -22.822895428280617 ], [ -43.054514345959547, -22.822810759807965 ], [ -43.054405807681121, -22.822668779339949 ], [ -43.05436776455997, -22.822640837403924 ], [ -43.054289708802287, -22.822630916083142 ], [ -43.054047512382056, -22.82256519093005 ], [ -43.053824303348165, -22.822463481203897 ], [ -43.053689907762305, -22.822372191922341 ], [ -43.053621088042064, -22.822334774729313 ], [ -43.053505960430982, -22.822251949866825 ], [ -43.053361764033468, -22.822097213414906 ], [ -43.05324657976513, -22.821933457662169 ], [ -43.053161402276146, -22.821751691186819 ], [ -43.053156177215101, -22.821426972975644 ], [ -43.053166158790475, -22.821390994697879 ], [ -43.053196152979353, -22.821354999332982 ], [ -43.053305148113338, -22.821247991700659 ], [ -43.053433130633721, -22.821105996843528 ], [ -43.053453118965535, -22.821070009572509 ], [ -43.05351306957175, -22.820944063117224 ], [ -43.053574009432282, -22.820800131120393 ], [ -43.053663938039563, -22.820612210584272 ], [ -43.053676157128223, -22.820584317211683 ], [ -43.053734871166625, -22.820450284951903 ], [ -43.053804835723838, -22.820334320971369 ], [ -43.053913805676871, -22.820190345807021 ], [ -43.053993732923686, -22.820011426585268 ], [ -43.054015649401947, -22.819867529661963 ], [ -43.054036574827308, -22.819740619133484 ], [ -43.054027781256366, -22.819629874818077 ], [ -43.054007076164908, -22.819037248569373 ], [ -43.054047985425427, -22.818866357595539 ], [ -43.054167930704693, -22.818677410932992 ], [ -43.054296882694246, -22.818489456222665 ], [ -43.05454579255354, -22.818131535940836 ], [ -43.054736643080901, -22.817736701187016 ], [ -43.054763027391061, -22.817543343349826 ], [ -43.054768509658288, -22.817511866178904 ], [ -43.054772308394604, -22.817214115937929 ], [ -43.054843229830453, -22.817034206562596 ], [ -43.054863787433135, -22.816986491232797 ], [ -43.054893181774162, -22.816918260568514 ], [ -43.054901986136997, -22.81674955584657 ], [ -43.054897742236278, -22.816619418550545 ], [ -43.054918888894861, -22.816466623734925 ], [ -43.054950792344471, -22.816295740854969 ], [ -43.055031689060456, -22.816070859981437 ], [ -43.05507262889796, -22.815944930613284 ], [ -43.055109236701185, -22.815781914103297 ], [ -43.055024026836634, -22.815600283425567 ], [ -43.054941058981967, -22.815497133884833 ], [ -43.054878272813312, -22.815400712172334 ], [ -43.054799789877677, -22.815203382928985 ], [ -43.054757185395033, -22.815017267332223 ], [ -43.054789191367377, -22.81493016259617 ], [ -43.054844689430126, -22.814779135847687 ], [ -43.054914634202248, -22.814635195756921 ], [ -43.054963640958533, -22.814600180653031 ], [ -43.055032659428946, -22.814564150214608 ], [ -43.055129727753979, -22.814575051796453 ], [ -43.055168746639595, -22.814566025301076 ] ] ], [ [ [ -43.10976371742089, -22.831018201228233 ], [ -43.110705913746187, -22.830564549913277 ], [ -43.111464067412044, -22.830375012396132 ], [ -43.112459142075011, -22.831559626374883 ], [ -43.113122525183655, -22.831891317029886 ], [ -43.114117600745942, -22.831891317029886 ], [ -43.114384940411924, -22.832075113275096 ], [ -43.114875754411798, -22.832412547000672 ], [ -43.115112676308229, -22.833075931008636 ], [ -43.115491753141157, -22.833549776600137 ], [ -43.114971531310402, -22.834181909167 ], [ -43.114506562027486, -22.834755984200513 ], [ -43.113833293570906, -22.835113467411816 ], [ -43.113620799059902, -22.834846368764147 ], [ -43.113122525183655, -22.834781774058854 ], [ -43.11301822810799, -22.834793736840709 ], [ -43.112716958819874, -22.834828292391023 ], [ -43.112337345990966, -22.835189827048112 ], [ -43.11183119585229, -22.835858669041556 ], [ -43.111541967587016, -22.836437127370743 ], [ -43.111903503143424, -22.836762509281584 ], [ -43.111560043960139, -22.83690712296459 ], [ -43.111108123840097, -22.837467504021333 ], [ -43.110655880863476, -22.838246368174566 ], [ -43.110457359119096, -22.838588266134821 ], [ -43.110005439898373, -22.839275183602069 ], [ -43.109499289759697, -22.84014287019653 ], [ -43.109101599658345, -22.840377868443113 ], [ -43.108505065855354, -22.840522482126062 ], [ -43.108197760317637, -22.840468252107371 ], [ -43.107763916570775, -22.840775557645088 ], [ -43.107366227368743, -22.840522482126062 ], [ -43.107601225615326, -22.840179022942777 ], [ -43.107113151849774, -22.839916910136537 ], [ -43.106625078983484, -22.83965479733024 ], [ -43.10633584981889, -22.839907871050627 ], [ -43.105992390635606, -22.839889794677504 ], [ -43.106173158863442, -22.839166722665368 ], [ -43.105630855079141, -22.83826288332466 ], [ -43.105757392389023, -22.837612117704282 ], [ -43.105558547788007, -22.836834815673456 ], [ -43.10498009035814, -22.836075590015696 ], [ -43.104952974899163, -22.835867708127466 ], [ -43.104853553048315, -22.835316366156576 ], [ -43.104690861193546, -22.834755984200513 ], [ -43.105088551294898, -22.834448678662795 ], [ -43.105486241396193, -22.834014835815253 ], [ -43.105739316015899, -22.83350868567652 ], [ -43.1062816198002, -22.833599070240155 ], [ -43.106625078983484, -22.833345993821808 ], [ -43.106751616293309, -22.83296638189222 ], [ -43.107076999103469, -22.832387925361672 ], [ -43.107563317392476, -22.832178623443951 ], [ -43.107673303579361, -22.8318439326506 ], [ -43.108336686688006, -22.831180550441275 ], [ -43.109426531008864, -22.831180550441275 ], [ -43.10976371742089, -22.831018201228233 ] ] ], [ [ [ -43.093055312951606, -22.821339452752795 ], [ -43.093345640188431, -22.820432431610641 ], [ -43.093770576150462, -22.819950459745144 ], [ -43.094556741000076, -22.81947215711358 ], [ -43.09515494124679, -22.819216834188751 ], [ -43.095884464096002, -22.819315089618897 ], [ -43.096346070813809, -22.819780272940477 ], [ -43.09666010957568, -22.820365654250793 ], [ -43.096754847757268, -22.820542251422978 ], [ -43.097288814826186, -22.821468973113838 ], [ -43.097407322089509, -22.822101325115284 ], [ -43.09777087842258, -22.822583582965194 ], [ -43.098362408397691, -22.82281584817207 ], [ -43.099071016613379, -22.823057999626201 ], [ -43.09946029985224, -22.823116596752755 ], [ -43.099797692208995, -22.823382064030284 ], [ -43.100235989398641, -22.823413640126603 ], [ -43.100437300840042, -22.823687222886235 ], [ -43.100461544763732, -22.824020916331449 ], [ -43.100848937627632, -22.82424137613782 ], [ -43.101237251397322, -22.824344935769375 ], [ -43.101311483237623, -22.824616637147301 ], [ -43.101229647629395, -22.824931441232252 ], [ -43.101332927571832, -22.825248077236211 ], [ -43.101622747591023, -22.826181015041016 ], [ -43.101797369852022, -22.826931214203398 ], [ -43.10202579855104, -22.827349648966333 ], [ -43.10222522141612, -22.827784097057645 ], [ -43.102639729738996, -22.828150408014153 ], [ -43.102712028036933, -22.828521024924612 ], [ -43.103020420854989, -22.828812496099033 ], [ -43.103362019340977, -22.828982292597971 ], [ -43.103465850567829, -22.829033902891524 ], [ -43.1041953806116, -22.82914115064284 ], [ -43.104343316390214, -22.829365096221466 ], [ -43.10362076058891, -22.829886140931876 ], [ -43.102809186294166, -22.830016620869571 ], [ -43.101911240210825, -22.829685798959702 ], [ -43.101202336118206, -22.829024155139848 ], [ -43.101036924713583, -22.828527921825355 ], [ -43.099941625105203, -22.82758474703769 ], [ -43.09944259669777, -22.827155027581682 ], [ -43.098295827989318, -22.82663750911297 ], [ -43.097799594674825, -22.826141276697797 ], [ -43.097374252219254, -22.825763195414368 ], [ -43.097185211127851, -22.825101549795932 ], [ -43.096594457267656, -22.824817988158827 ], [ -43.096145484225985, -22.82503065983633 ], [ -43.096216375084907, -22.824558056208559 ], [ -43.096429045863033, -22.823967304147004 ], [ -43.096275449751488, -22.823612850751715 ], [ -43.096121855438525, -22.823258399155009 ], [ -43.095625621224713, -22.822974836618641 ], [ -43.095011237677738, -22.823116618336485 ], [ -43.094355791086173, -22.822972125162664 ], [ -43.093876990230171, -22.822573123849793 ], [ -43.093498908047422, -22.822218673152463 ], [ -43.093215346410375, -22.822242301939923 ], [ -43.093055312951606, -22.821339452752795 ] ] ], [ [ [ -43.103647233032632, -22.846005139624708 ], [ -43.103709089302299, -22.845774584928392 ], [ -43.103872165167559, -22.845611509962453 ], [ -43.104192693437312, -22.845791455310632 ], [ -43.104535712852112, -22.845819570815763 ], [ -43.104783137031404, -22.845954531175892 ], [ -43.105030562110016, -22.846016387445559 ], [ -43.105216130019642, -22.846038880389244 ], [ -43.105351088581131, -22.846022009107685 ], [ -43.105508540985625, -22.846106360119677 ], [ -43.105744719142763, -22.846179462411499 ], [ -43.105744719142763, -22.846314420073668 ], [ -43.105902170647937, -22.846438132612946 ], [ -43.105890924625726, -22.846556221691515 ], [ -43.105975273839078, -22.846719296657454 ], [ -43.106037130108746, -22.846871125601183 ], [ -43.106042753569511, -22.84694985225309 ], [ -43.106093362917647, -22.847090435174664 ], [ -43.106205829434771, -22.847219770275387 ], [ -43.10634078709694, -22.847416584207224 ], [ -43.106352034018414, -22.847579660072483 ], [ -43.106374526962099, -22.847725865555503 ], [ -43.106419513748847, -22.847860824116992 ], [ -43.106352034018414, -22.848007029599955 ], [ -43.106256437883587, -22.84802952344296 ], [ -43.105992143321998, -22.848299440565938 ], [ -43.105851561299801, -22.848361296835606 ], [ -43.105705355816781, -22.848271324161487 ], [ -43.105626630064194, -22.848198220970346 ], [ -43.105339842558976, -22.848237585195648 ], [ -43.105131780806289, -22.848181352386746 ], [ -43.105036184671462, -22.848097003173393 ], [ -43.104844993301072, -22.848018275622167 ], [ -43.104732527683268, -22.84796766717335 ], [ -43.104535712852112, -22.84796766717335 ], [ -43.104338897121693, -22.847917056925837 ], [ -43.104080226020869, -22.847770852342194 ], [ -43.103945266560061, -22.847602153016169 ], [ -43.103630363549712, -22.84709605683679 ], [ -43.103630363549712, -22.846961099174621 ], [ -43.103450418201533, -22.846702427174478 ], [ -43.103450418201533, -22.846516859264852 ], [ -43.103343576044495, -22.846224448298869 ], [ -43.103540390875594, -22.846263810725532 ], [ -43.103647233032632, -22.846005139624708 ] ] ], [ [ [ -43.108286444263285, -22.847410960746458 ], [ -43.108140238780265, -22.847326612432425 ], [ -43.10797154035356, -22.847231017196918 ], [ -43.107864698196522, -22.84709605683679 ], [ -43.107769102061695, -22.847022955444288 ], [ -43.107611649657201, -22.846977967758221 ], [ -43.107549793387534, -22.846837385735967 ], [ -43.107589156713459, -22.84675303742199 ], [ -43.107752231679399, -22.84672492011822 ], [ -43.107712869252794, -22.846606831039651 ], [ -43.107757855140164, -22.846539352208538 ], [ -43.107853451275048, -22.846488741961082 ], [ -43.108027773162462, -22.846528106186383 ], [ -43.108112122375815, -22.846646195264952 ], [ -43.108185224667636, -22.846679935130112 ], [ -43.108258327858834, -22.846803645870807 ], [ -43.108365170015873, -22.846983592118306 ], [ -43.108449519229225, -22.847084810814579 ], [ -43.108550738824817, -22.847242263219073 ], [ -43.108320184128445, -22.847298495128655 ], [ -43.108376416937347, -22.847422207667989 ], [ -43.108286444263285, -22.847410960746458 ] ] ] ] } },
{ "type": "Feature", "properties": { "id": 2, "risp": 4, "aisp": 7, "cisp": 74, "area_km2": 56.47 }, "geometry": { "type": "MultiPolygon", "coordinates": [ [ [ [ -42.991579764893515, -22.745680593383895 ], [ -42.992303419666371, -22.745810816115522 ], [ -42.992486073772568, -22.745765440821685 ], [ -42.993692052945164, -22.745465854165047 ], [ -42.994793678384838, -22.745370937018379 ], [ -42.995509376855523, -22.74573997292066 ], [ -42.99594000102951, -22.746259138947323 ], [ -42.996204587870693, -22.746875372399757 ], [ -42.996065141692213, -22.747081321644885 ], [ -42.995925696413053, -22.747287271789389 ], [ -42.995590692655583, -22.747590316339256 ], [ -42.994925406581501, -22.7477807549771 ], [ -42.994048851772334, -22.747770557564422 ], [ -42.993489707283459, -22.74807080612203 ], [ -42.993262704909171, -22.748275837159383 ], [ -42.992942674863798, -22.748826027998007 ], [ -42.992753355881916, -22.749409759951675 ], [ -42.992800685402585, -22.750151258173275 ], [ -42.993053110711742, -22.75098741633542 ], [ -42.993400194162916, -22.752060221201475 ], [ -42.993841937554635, -22.752864825750351 ], [ -42.994472999928291, -22.753606323971894 ], [ -42.995223103762498, -22.754379836259659 ], [ -42.995971773178042, -22.754821119198539 ], [ -42.996665941878973, -22.755105097221701 ], [ -42.997438992814523, -22.75513664993565 ], [ -42.998022724768191, -22.755215532170325 ], [ -42.99814406219798, -22.755459109949186 ], [ -42.998066879682028, -22.755838012313632 ], [ -42.997621942797707, -22.756337986807864 ], [ -42.996837692604686, -22.75668939599808 ], [ -42.996180486039862, -22.75698873534111 ], [ -42.995619445780051, -22.757442855202839 ], [ -42.994844237370899, -22.757848210225973 ], [ -42.99428695178068, -22.757940635351247 ], [ -42.993517464858371, -22.757932338206047 ], [ -42.993075364435811, -22.758188519084115 ], [ -42.992738464907518, -22.758644433992686 ], [ -42.992778873245697, -22.759204917572106 ], [ -42.992936392200022, -22.7598202481052 ], [ -42.993043916043177, -22.760488579283731 ], [ -42.993023396212038, -22.761209980355545 ], [ -42.992729797241623, -22.762064515264399 ], [ -42.992352847305312, -22.76248349681515 ], [ -42.99201497920717, -22.7629853733755 ], [ -42.991984070407796, -22.763147262135647 ], [ -42.991920264407952, -22.76348902699624 ], [ -42.992077783362276, -22.764104358428597 ], [ -42.992085869166772, -22.764222249656314 ], [ -42.99210392935214, -22.764294172037637 ], [ -42.992285222784062, -22.764557782215093 ], [ -42.992626877927364, -22.76520291987805 ], [ -42.99299757487745, -22.765883003397107 ], [ -42.993731810174154, -22.767019365150816 ], [ -42.994045385785171, -22.767573605636642 ], [ -42.994275703959829, -22.767829178572981 ], [ -42.994827244680891, -22.768115434578874 ], [ -42.996598897420427, -22.768911149329313 ], [ -42.998467661652512, -22.769781711056339 ], [ -43.000374449220715, -22.770651241261021 ], [ -43.001294315379596, -22.771077043270168 ], [ -43.002195132998281, -22.771448909338915 ], [ -43.002534440011686, -22.77158748317504 ], [ -43.003007900693319, -22.771827847676263 ], [ -43.00357942884682, -22.772078117310514 ], [ -43.004121926884693, -22.772309427437335 ], [ -43.004799578636892, -22.772642529128632 ], [ -43.005332044737315, -22.772837878964197 ], [ -43.005952617418643, -22.773107087421351 ], [ -43.006552206218601, -22.773420276323918 ], [ -43.007180801751872, -22.77371645275133 ], [ -43.007839404064498, -22.773994617556809 ], [ -43.008400932656173, -22.774253887606051 ], [ -43.009311775017693, -22.774652720745678 ], [ -43.010707047091842, -22.775236958118342 ], [ -43.011587864687499, -22.775625826769726 ], [ -43.012787036891496, -22.776244212299787 ], [ -43.012817062556678, -22.77625417588871 ], [ -43.013658842380948, -22.776624096723936 ], [ -43.014433585840607, -22.77700307103413 ], [ -43.015256335111019, -22.777346031993034 ], [ -43.01588134055072, -22.777581418746706 ], [ -43.015925926239788, -22.777598209988639 ], [ -43.016168147841029, -22.777699904426299 ], [ -43.0163603743311, -22.777855595958215 ], [ -43.01646554644708, -22.778010369282356 ], [ -43.016499789033332, -22.778335059614562 ], [ -43.016593990319677, -22.780005544019843 ], [ -43.016603594179799, -22.780384993172106 ], [ -43.016606330816785, -22.780493115064417 ], [ -43.016640085970437, -22.781566167244023 ], [ -43.01665962194329, -22.78233349219613 ], [ -43.016667183443019, -22.783145790445076 ], [ -43.016696688400714, -22.783859151577815 ], [ -43.016746157408534, -22.784499558806829 ], [ -43.016767540588773, -22.785041075684319 ], [ -43.016731845597462, -22.785519699373879 ], [ -43.016763240930118, -22.786070198679965 ], [ -43.01678134518221, -22.786205067309254 ], [ -43.016815570681331, -22.786503779824784 ], [ -43.016897887426808, -22.786892373283649 ], [ -43.016954084262863, -22.787128119766123 ], [ -43.016921198753607, -22.787325981408117 ], [ -43.016803192412681, -22.787424003014564 ], [ -43.016734200921917, -22.787500001123362 ], [ -43.016556214297111, -22.787683005065844 ], [ -43.016251161561115, -22.787886107956751 ], [ -43.015917099393903, -22.788099228395879 ], [ -43.015731036857119, -22.78817832916576 ], [ -43.01549498640378, -22.788319421103608 ], [ -43.015297946742123, -22.788443494271064 ], [ -43.015082872975483, -22.788531613442444 ], [ -43.014856828379209, -22.788673696433193 ], [ -43.014747840439725, -22.78878969638663 ], [ -43.014705948220183, -22.788987564323861 ], [ -43.014757357065662, -22.789538045643496 ], [ -43.014742570412579, -22.789862780941803 ], [ -43.014756868733798, -22.790287404839091 ], [ -43.014713055562311, -22.790602174749779 ], [ -43.014669257679373, -22.790935929348905 ], [ -43.014657183381587, -22.79096699463031 ], [ -43.014635622135529, -22.791022472908026 ], [ -43.014618740961396, -22.791065911062162 ], [ -43.014599336289621, -22.791115837824862 ], [ -43.014578353307627, -22.791159819169536 ], [ -43.014480334399195, -22.791221856202924 ], [ -43.014333279056871, -22.791274943183282 ], [ -43.014176234944557, -22.791354016973514 ], [ -43.01395019664352, -22.791505093184753 ], [ -43.013685152047401, -22.791682182286138 ], [ -43.013389118612224, -22.791904259073533 ], [ -43.013084079366024, -22.792126344854182 ], [ -43.012818052710259, -22.792330410918964 ], [ -43.012602008575129, -22.792463492595346 ], [ -43.01240500038972, -22.792632527368482 ], [ -43.012187981389502, -22.792801579228751 ], [ -43.011754940737205, -22.793139681150592 ], [ -43.011429907763329, -22.79338876188109 ], [ -43.011065867594994, -22.793663857300373 ], [ -43.010721790577463, -22.793866995264864 ], [ -43.010327739133118, -22.794151108186327 ], [ -43.010120743077096, -22.794347127117476 ], [ -43.01003982207942, -22.79453603870644 ], [ -43.010058872418313, -22.794590974692937 ], [ -43.009978889413503, -22.794688963024441 ], [ -43.00995891906814, -22.794751928158178 ], [ -43.009927021913825, -22.794931803359248 ], [ -43.009924174660227, -22.795157612333185 ], [ -43.009968406016412, -22.79545531670874 ], [ -43.01005360239111, -22.795664060147487 ], [ -43.010262980751236, -22.796027559823244 ], [ -43.010433311447457, -22.796354126141239 ], [ -43.010576562657491, -22.796590794428823 ], [ -43.010729807134169, -22.796808468135509 ], [ -43.010950113156468, -22.797055057743933 ], [ -43.01096914371027, -22.797082017620255 ], [ -43.011074333812701, -22.797263767008474 ], [ -43.011381738275873, -22.797574222871333 ], [ -43.011544970623163, -22.797764912420007 ], [ -43.01165916743588, -22.797946652815028 ], [ -43.01177432562389, -22.798074439283198 ], [ -43.01180142939171, -22.798201305744897 ], [ -43.011789544850899, -22.798381162060195 ], [ -43.011735751902677, -22.798732911194122 ], [ -43.011661976018672, -22.799128638075388 ], [ -43.011613105959327, -22.799411914627399 ], [ -43.011575377600877, -22.799795146328165 ], [ -43.011502516327312, -22.800064980713501 ], [ -43.011500639442204, -22.80024582718238 ], [ -43.0114106739627, -22.800379794691025 ], [ -43.011360710327779, -22.800478755189602 ], [ -43.011222715655094, -22.800612764966331 ], [ -43.011073732166267, -22.800772764250894 ], [ -43.010862432854253, -22.800985728207991 ], [ -43.010639758917023, -22.801209781705268 ], [ -43.010500751607651, -22.80132580863841 ], [ -43.010402941341965, -22.801420115145447 ], [ -43.010295775428972, -22.801513417109732 ], [ -43.010106736136208, -22.801663876385987 ], [ -43.009958716720689, -22.801770918192574 ], [ -43.009712678396681, -22.801938996986337 ], [ -43.009516639680442, -22.802063069254473 ], [ -43.009408602324413, -22.802107127940815 ], [ -43.009290577097715, -22.802178175281767 ], [ -43.009163546060051, -22.802249228918015 ], [ -43.009025507320587, -22.802319294199322 ], [ -43.00884943894971, -22.802380401333664 ], [ -43.008565352108576, -22.80251254501718 ], [ -43.008378319203359, -22.802636609191381 ], [ -43.008201287658551, -22.802751671151952 ], [ -43.008042310003873, -22.802930661420135 ], [ -43.007952382295855, -22.803118581056879 ], [ -43.007902412365695, -22.803208550133718 ], [ -43.007852437039617, -22.803289525090747 ], [ -43.007712545696677, -22.803576406125444 ], [ -43.007540738313708, -22.80401618629719 ], [ -43.007468834818155, -22.80422307443456 ], [ -43.007374694685666, -22.804431259394335 ], [ -43.007277040002634, -22.804698840078629 ], [ -43.0071761801359, -22.804995676608428 ], [ -43.007037209698751, -22.805165658367685 ], [ -43.006975324650796, -22.805390521254765 ], [ -43.006914413568609, -22.805578414811237 ], [ -43.006775456621313, -22.805766381212777 ], [ -43.006759349763456, -22.805827249127447 ], [ -43.006733403423084, -22.805920372126707 ], [ -43.006555594864096, -22.806170234368039 ], [ -43.006466324560506, -22.806330364953624 ], [ -43.006315732184532, -22.80659109010594 ], [ -43.006216761793382, -22.806725064809143 ], [ -43.006117773415781, -22.80683306259499 ], [ -43.00610300474915, -22.807184774856694 ], [ -43.006145340334456, -22.80763634963705 ], [ -43.006311375868563, -22.809000032125027 ], [ -43.006348492688062, -22.809135881914642 ], [ -43.006384668816679, -22.809361655814996 ], [ -43.006491254666912, -22.810120910251044 ], [ -43.006518371025265, -22.810265761355026 ], [ -43.006533571366504, -22.810545507168627 ], [ -43.006594942901586, -22.811033034146419 ], [ -43.006613052549596, -22.811177895142976 ], [ -43.006639187747567, -22.811349723210412 ], [ -43.006667285266246, -22.811467597350941 ], [ -43.006760560250939, -22.811784242348153 ], [ -43.006892846926633, -22.812082865830803 ], [ -43.006920895881933, -22.812128802301629 ], [ -43.00711027511835, -22.812510302807482 ], [ -43.00733772805296, -22.812963708607469 ], [ -43.007499070025347, -22.813317259982796 ], [ -43.00762038137475, -22.813661855009855 ], [ -43.007725559786024, -22.813825619755789 ], [ -43.007936847406825, -22.814053233669028 ], [ -43.008204008107782, -22.814480253360216 ], [ -43.008279471119977, -22.814652410579527 ], [ -43.008296605003579, -22.814833239961274 ], [ -43.008304703398608, -22.814969115831275 ], [ -43.008310879043108, -22.815220896326537 ], [ -43.008209000244449, -22.815490755892881 ], [ -43.008060084204772, -22.815750668957435 ], [ -43.007919292640509, -22.815887641100971 ], [ -43.007773092553464, -22.816026693376443 ], [ -43.007399024045014, -22.816266824953232 ], [ -43.00725783767831, -22.816346939259063 ], [ -43.006809878172589, -22.816593079206484 ], [ -43.006539861224894, -22.816740113864398 ], [ -43.006338758426239, -22.816849287064201 ], [ -43.005994713784276, -22.817098384881774 ], [ -43.005967813263226, -22.817120549572905 ], [ -43.000680816765566, -22.814855425336816 ], [ -43.000881270253672, -22.81505303516866 ], [ -43.001154531056045, -22.815409215262321 ], [ -43.00144003882599, -22.815890543213243 ], [ -43.001486191134063, -22.816071347413981 ], [ -43.001588508801888, -22.816442937390889 ], [ -43.001559922052024, -22.817073423299064 ], [ -43.001479287038705, -22.817558355732785 ], [ -43.001421402175254, -22.817901839197759 ], [ -43.001250083124091, -22.819055006582516 ], [ -43.001234139942881, -22.819205490140462 ], [ -43.00109796639731, -22.820166736804708 ], [ -43.001053944583134, -22.820495949827432 ], [ -43.000937358271756, -22.821207446665539 ], [ -43.000926715694618, -22.821299295325446 ], [ -43.000850160006166, -22.821336677444947 ], [ -43.000797700752571, -22.821362291935429 ], [ -43.000653353268888, -22.82143277720013 ], [ -43.000512564402584, -22.821501523175982 ], [ -42.999796374902076, -22.821886900659138 ], [ -42.99927799038619, -22.822166557439914 ], [ -42.9984424347698, -22.822589450142232 ], [ -42.998268503188115, -22.822678120598027 ], [ -42.997559134146002, -22.822971418295538 ], [ -42.99643597084264, -22.823434497203493 ], [ -42.996380270432383, -22.82349313120227 ], [ -42.996251278872705, -22.823616259182245 ], [ -42.996081244053414, -22.823850787982678 ], [ -42.995988425025075, -22.823995382779913 ], [ -42.99578531493961, -22.824395383239562 ], [ -42.995715362972874, -22.824530330109894 ], [ -42.99567536832285, -22.824574330340283 ], [ -42.995626361566622, -22.824610342792312 ], [ -42.995577336823885, -22.824618380033428 ], [ -42.994504540051764, -22.824645963139915 ], [ -42.993638723147797, -22.824754854851903 ], [ -42.993225989187295, -22.824798355059272 ], [ -42.992657637439265, -22.824857355981408 ], [ -42.992351672790733, -22.824935238169928 ], [ -42.992240414063133, -22.824985304327583 ], [ -42.992055656442631, -22.825191426242554 ], [ -42.991734556204051, -22.82553008034813 ], [ -42.991433788737652, -22.825785406870239 ], [ -42.991129825979954, -22.826016863586631 ], [ -42.990809132234915, -22.826120043704293 ], [ -42.989649048164324, -22.826421136725287 ], [ -42.989445485719841, -22.826482567615642 ], [ -42.989027188553166, -22.826602478720645 ], [ -42.988656300047467, -22.826641520089311 ], [ -42.988014911658126, -22.826694505446312 ], [ -42.98714764324842, -22.826817205348959 ], [ -42.986319544810385, -22.826700519212807 ], [ -42.985699418192837, -22.826506728801746 ], [ -42.98509031006904, -22.82635338719831 ], [ -42.98447639057224, -22.826157907860363 ], [ -42.983835914994756, -22.825986238972973 ], [ -42.982385205112394, -22.825639899261148 ], [ -42.982356548215421, -22.825628702701692 ], [ -42.982068295714555, -22.825516086897096 ], [ -42.981923217981375, -22.825428277092556 ], [ -42.981697966587149, -22.825233567574287 ], [ -42.981552888854026, -22.825035041333308 ], [ -42.981373450723424, -22.824779246264427 ], [ -42.981167287439632, -22.824492909319531 ], [ -42.980987849309088, -22.824374555840279 ], [ -42.980728799593692, -22.824255136664476 ], [ -42.980690762767779, -22.824236187948941 ], [ -42.980436628746702, -22.82411893793784 ], [ -42.98021351414161, -22.82401599973781 ], [ -42.979266421907141, -22.82357903984007 ], [ -42.978714893776612, -22.823310770275043 ], [ -42.978208469344679, -22.823068857141266 ], [ -42.977960310419235, -22.822961959226291 ], [ -42.977846769212306, -22.822901190236962 ], [ -42.977761783278936, -22.822908508919795 ], [ -42.977612887923726, -22.822916144163969 ], [ -42.976975569865942, -22.822965640151381 ], [ -42.976653384145607, -22.822988911008679 ], [ -42.976502429342929, -22.822994751206011 ], [ -42.975715345386163, -22.82298581913949 ], [ -42.975509487871818, -22.82296928960028 ], [ -42.975443859845541, -22.822970456920302 ], [ -42.974996340108305, -22.822978421316293 ], [ -42.974412946299708, -22.82293598590627 ], [ -42.973750501183929, -22.822891624148383 ], [ -42.973458309652528, -22.822878898741408 ], [ -42.973153239829401, -22.823056023815695 ], [ -42.972947171873727, -22.823144134893141 ], [ -42.972632137562357, -22.823384215208591 ], [ -42.972160036655623, -22.823667399130386 ], [ -42.9715009334206, -22.82411960883212 ], [ -42.97115685730239, -22.824322746796554 ], [ -42.970976070188783, -22.824342888013121 ], [ -42.970317405822868, -22.824430415430527 ], [ -42.96939777978298, -22.824445230861954 ], [ -42.968756508305489, -22.824546729247402 ], [ -42.968709605063509, -22.824599926844371 ], [ -42.968047422549773, -22.825070921584995 ], [ -42.967742347330727, -22.825239055237432 ], [ -42.967409228552299, -22.825370243840894 ], [ -42.967075127714224, -22.825528411206449 ], [ -42.966939065684585, -22.825562505404548 ], [ -42.966802967682099, -22.825543643923254 ], [ -42.966559058952669, -22.82548331470241 ], [ -42.966096751663031, -22.825317672172048 ], [ -42.965968260126374, -22.825271633178545 ], [ -42.965745057387778, -22.825178913974923 ], [ -42.965667983689741, -22.825142015690687 ], [ -42.965288681126992, -22.825047441185689 ], [ -42.96487136691934, -22.824969884551763 ], [ -42.964404059399101, -22.824946327710109 ], [ -42.963955774338785, -22.824940739322869 ], [ -42.963798706844102, -22.824984842975368 ], [ -42.96364168071824, -22.825090894628318 ], [ -42.963395617213223, -22.82522300413757 ], [ -42.963021558597347, -22.825480123008504 ], [ -42.962755532840845, -22.825685189119383 ], [ -42.962322485893253, -22.826013298674013 ], [ -42.962125459721449, -22.826155355584433 ], [ -42.961957469960566, -22.826324364277241 ], [ -42.961738517417928, -22.82659333171614 ], [ -42.961658571285284, -22.826745273974439 ], [ -42.96143964842031, -22.827058203872241 ], [ -42.961218809999366, -22.827498027211391 ], [ -42.960888996229471, -22.828071835146318 ], [ -42.960779056807269, -22.828327197641272 ], [ -42.96074770913873, -22.828386983671578 ], [ -42.960729922347298, -22.828420907897794 ], [ -42.960618534117316, -22.828605762645054 ], [ -42.960609792707032, -22.828635549090563 ], [ -42.960495267641761, -22.829025782912765 ], [ -42.960408524433149, -22.829372755747329 ], [ -42.960403958575114, -22.830153446423651 ], [ -42.960467255558683, -22.830858399794522 ], [ -42.960522917298078, -22.83149415483058 ], [ -42.960539594326065, -22.831684643830499 ], [ -42.96048049897513, -22.832107749672161 ], [ -42.960436712783348, -22.832459488014194 ], [ -42.960368089115264, -22.833170215931943 ], [ -42.960325203144862, -22.833267129573585 ], [ -42.960296739602143, -22.833342704101767 ], [ -42.960220183014314, -22.833476187775091 ], [ -42.960149515187254, -22.833597893926878 ], [ -42.96007982941984, -22.833675432574353 ], [ -42.959973827229589, -22.83375591470292 ], [ -42.959833472735852, -22.833827564589683 ], [ -42.959688212440312, -22.833898233316063 ], [ -42.959464429639013, -22.833948288681825 ], [ -42.959219055913991, -22.83400325344661 ], [ -42.958723399064866, -22.834122014318723 ], [ -42.958078955678502, -22.834391658047821 ], [ -42.957522953420835, -22.83457483106281 ], [ -42.957250624316146, -22.834668848887475 ], [ -42.957099061571682, -22.834701269447237 ], [ -42.956966949364471, -22.834673712421136 ], [ -42.956585204243027, -22.834583746042256 ], [ -42.956320981627243, -22.834502697340838 ], [ -42.956278006623961, -22.834476321124555 ], [ -42.95613213478947, -22.834386795413479 ], [ -42.955970844977799, -22.834282241131746 ], [ -42.95589871125577, -22.834241714982397 ], [ -42.955734179388116, -22.834121760709934 ], [ -42.955354719444017, -22.833738490338305 ], [ -42.955253740866738, -22.833525556058817 ], [ -42.955181299576566, -22.833301648251677 ], [ -42.955170323351012, -22.833169936242768 ], [ -42.955123681811756, -22.832974000049262 ], [ -42.955086407610906, -22.832817448765468 ], [ -42.954849718638854, -22.832422345114367 ], [ -42.9547537393928, -22.832352137740202 ], [ -42.95402934807521, -22.831595113622825 ], [ -42.95385170499145, -22.831411498141335 ], [ -42.953438197613991, -22.831112937611181 ], [ -42.953190392122167, -22.830975600342924 ], [ -42.952924673034488, -22.830884538589828 ], [ -42.952644025200868, -22.830874089366944 ], [ -42.952603461279978, -22.830886271583381 ], [ -42.952468845360215, -22.830926702404611 ], [ -42.952352929043684, -22.830981570941958 ], [ -42.951470680626699, -22.831451803956838 ], [ -42.950489907882229, -22.831999663752697 ], [ -42.948673422139962, -22.832934863352477 ], [ -42.948410640238137, -22.833050411846273 ], [ -42.94787899342009, -22.833231227738224 ], [ -42.947710305785279, -22.833246155584845 ], [ -42.94749369957384, -22.833274056151993 ], [ -42.946444438958963, -22.833531245170036 ], [ -42.945404495320474, -22.833749299289934 ], [ -42.945147305403111, -22.83379030028135 ], [ -42.944854703780834, -22.833849937923503 ], [ -42.944718654341671, -22.833890939814239 ], [ -42.944418598238997, -22.83399344274244 ], [ -42.944157680631747, -22.834108992135498 ], [ -42.943812896747033, -22.834315863185736 ], [ -42.94351284064436, -22.834472413570268 ], [ -42.943328334834064, -22.83455814414225 ], [ -42.942972368779067, -22.834770606277687 ], [ -42.942741269992894, -22.834902928026906 ], [ -42.942579129422541, -22.834973747839399 ], [ -42.942282800110377, -22.835055750721551 ], [ -42.942114426338946, -22.835122215117337 ], [ -42.942012563728099, -22.8351675733241 ], [ -42.941833649002945, -22.835245849415628 ], [ -42.941636096727734, -22.835325987103829 ], [ -42.941382633600938, -22.83536512469999 ], [ -42.941198127790642, -22.835387489040613 ], [ -42.940780658899541, -22.83540239890084 ], [ -42.940092955424802, -22.83535394342897 ], [ -42.939645666813362, -22.835387489040613 ], [ -42.939310200804414, -22.835478810697794 ], [ -42.939121967304231, -22.835529131363558 ], [ -42.93902505456191, -22.835573859145484 ], [ -42.938947461055761, -22.835667200680007 ], [ -42.938903914982973, -22.835752773870638 ], [ -42.938868505076698, -22.835842232132507 ], [ -42.938836821961047, -22.835924234115339 ], [ -42.938799547760198, -22.836011828082633 ], [ -42.93876786464449, -22.836082648794445 ], [ -42.93874567207439, -22.836160960858876 ], [ -42.9386609145688, -22.836592667816603 ], [ -42.938563353415304, -22.837322132209863 ], [ -42.938560228271172, -22.837355307300811 ], [ -42.938556326112803, -22.837396749859352 ], [ -42.938499521335132, -22.837627927785888 ], [ -42.93848705763088, -22.837677245707539 ], [ -42.938341006831251, -22.837665223570411 ], [ -42.938275492119544, -22.837659832134761 ], [ -42.938015395593311, -22.837638379706675 ], [ -42.9378741750524, -22.837591007917922 ], [ -42.937576538125995, -22.837506990554402 ], [ -42.937004504553499, -22.837316611271831 ], [ -42.936759602073266, -22.837290690112468 ], [ -42.936685416997648, -22.837287116206653 ], [ -42.936473350563972, -22.837263347124974 ], [ -42.936269125319143, -22.837240457580265 ], [ -42.935816090039793, -22.837190586575559 ], [ -42.9354904203459, -22.837154154140137 ], [ -42.935423627697503, -22.837146680773913 ], [ -42.934806352830208, -22.837072322129188 ], [ -42.934259635173305, -22.837006461178476 ], [ -42.933901894755934, -22.836935010941204 ], [ -42.933696418554121, -22.836805801745584 ], [ -42.933423291750785, -22.836652014078425 ], [ -42.933329789237632, -22.836585579360246 ], [ -42.933082499057377, -22.836301379204485 ], [ -42.93262359839963, -22.835694843141709 ], [ -42.932431671383767, -22.835446321789561 ], [ -42.932162236297415, -22.835109219913818 ], [ -42.931965388191372, -22.834800415206246 ], [ -42.931831285784483, -22.834679846696815 ], [ -42.931058658429606, -22.834131134343579 ], [ -42.930540702890369, -22.833763273855254 ], [ -42.930043662883975, -22.833431093969011 ], [ -42.929183684378813, -22.832716291223107 ], [ -42.928566074064349, -22.832235243860623 ], [ -42.928219130008131, -22.831975650954746 ], [ -42.927838968592766, -22.831749276307278 ], [ -42.927416976111829, -22.831570883188931 ], [ -42.92703066243439, -22.831413404704108 ], [ -42.926504094987251, -22.831195641964541 ], [ -42.926245732353948, -22.83108860555393 ], [ -42.926059956700897, -22.83100986721081 ], [ -42.925955381734752, -22.830927437150706 ], [ -42.925732697904948, -22.830607559090822 ], [ -42.925603516588296, -22.830424244882238 ], [ -42.92544726837599, -22.830163421703787 ], [ -42.925373450223844, -22.830034241286455 ], [ -42.925283639427676, -22.829863228904117 ], [ -42.925260263349742, -22.829506441768103 ], [ -42.925236887271808, -22.829266534122496 ], [ -42.925181524107302, -22.829088141004149 ], [ -42.925035118075527, -22.82885561409455 ], [ -42.924891174387483, -22.828621857811697 ], [ -42.924780447159151, -22.828442235320153 ], [ -42.924663568568121, -22.828244156042217 ], [ -42.924501168993004, -22.827977182400275 ], [ -42.924357224405639, -22.827742194046266 ], [ -42.924239116441356, -22.827544116566969 ], [ -42.924137001120982, -22.827403862797269 ], [ -42.923937691570472, -22.827170105615096 ], [ -42.923759299351445, -22.826959725410234 ], [ -42.923591978686147, -22.826789944199788 ], [ -42.923284404251149, -22.82654388519137 ], [ -42.922855030134826, -22.826051765375894 ], [ -42.922317389335319, -22.825469833864986 ], [ -42.92190893075184, -22.825051532201655 ], [ -42.921635804847767, -22.824868217993071 ], [ -42.921384823849792, -22.824782097115303 ], [ -42.921116619036013, -22.824684902885167 ], [ -42.920084398775259, -22.824381020167152 ], [ -42.919571364326259, -22.824240766397452 ], [ -42.919454485735173, -22.824186632606256 ], [ -42.918926660136549, -22.824034022151636 ], [ -42.918888548666871, -22.824023002758622 ], [ -42.91811469103942, -22.823828616096989 ], [ -42.917890994572986, -22.823776687443399 ], [ -42.917839103690937, -22.823764640125262 ], [ -42.917527245785038, -22.823697273709456 ], [ -42.917440487287934, -22.823781864840441 ], [ -42.917302694063324, -22.823929501144789 ], [ -42.917071398325618, -22.824234614135378 ], [ -42.916859786948862, -22.824261681030976 ], [ -42.916618648131362, -22.824301050652195 ], [ -42.916379970758328, -22.824333037738711 ], [ -42.916141293385238, -22.824357644089218 ], [ -42.915951826914522, -22.824384710984873 ], [ -42.915863246390984, -22.824217391218838 ], [ -42.915710158396337, -22.824029351072909 ], [ -42.915568312826622, -22.823825835393222 ], [ -42.915232202903098, -22.823357131225862 ], [ -42.914991683718483, -22.823122778692493 ], [ -42.91463090539122, -22.822780502117723 ], [ -42.913718164560919, -22.82202194015963 ], [ -42.9132987981003, -22.821691996887353 ], [ -42.913248268791847, -22.821622380367785 ], [ -42.912391997292104, -22.8216491378966 ], [ -42.912085305991354, -22.821690030070044 ], [ -42.911318578189082, -22.821925161416289 ], [ -42.910817387811448, -22.822065199348685 ], [ -42.909713472697888, -22.822308131414388 ], [ -42.909360864711402, -22.822436312684886 ], [ -42.908941718584686, -22.822518097031775 ], [ -42.907996087748529, -22.822814565738838 ], [ -42.906575084271992, -22.822661219638803 ], [ -42.906115046871207, -22.822548766611533 ], [ -42.905954034050694, -22.822487429250714 ], [ -42.905465883842737, -22.822236963564251 ], [ -42.905186683018258, -22.821975324700702 ], [ -42.904857612987712, -22.821659362288983 ], [ -42.904170714406234, -22.821082043400793 ], [ -42.90428964794819, -22.820753119060441 ], [ -42.904587042956962, -22.819930644982492 ], [ -42.905738257913526, -22.816746842591954 ], [ -42.905851121930993, -22.81643470499688 ], [ -42.905872956570931, -22.816374319118779 ], [ -42.90592547338116, -22.816600298064543 ], [ -42.905964367260992, -22.816681328779509 ], [ -42.906017848144472, -22.81669753636146 ], [ -42.906071328128576, -22.816713742144714 ], [ -42.906081051598505, -22.816781808233088 ], [ -42.906116705221052, -22.816833666739569 ], [ -42.906216597417313, -22.816891296195593 ], [ -42.906249302162848, -22.816885170013791 ], [ -42.906282007807704, -22.816879043832046 ], [ -42.906385726619249, -22.816830425582907 ], [ -42.906457033864285, -22.816843390209499 ], [ -42.906527564095086, -22.816901509796082 ], [ -42.906580199615803, -22.816892009357957 ], [ -42.906609370924969, -22.816950350177763 ], [ -42.9065510292059, -22.817105930193748 ], [ -42.906554270362562, -22.817177235640145 ], [ -42.906557512418544, -22.817248542885181 ], [ -42.906583440772465, -22.817378191849286 ], [ -42.906657615056133, -22.817453379668962 ], [ -42.906722659422485, -22.817454824879519 ], [ -42.90678770378878, -22.817456270989339 ], [ -42.906868668853235, -22.817530528910027 ], [ -42.906920528259036, -22.817537012122614 ], [ -42.90693673404229, -22.817507840813448 ], [ -42.906952940724921, -22.817478670403545 ], [ -42.907021005913975, -22.817465704877577 ], [ -42.907068813873934, -22.817465704877577 ], [ -42.907116621833893, -22.817465704877577 ], [ -42.907212238653187, -22.817465704877577 ], [ -42.907448847585499, -22.817417086628495 ], [ -42.907551995327594, -22.817389578165717 ], [ -42.90765514306969, -22.817362067005035 ], [ -42.907703003190306, -22.81736271361757 ], [ -42.907962123952132, -22.817366215577636 ], [ -42.908020202169837, -22.817341325041355 ], [ -42.908078280387599, -22.817316435404393 ], [ -42.908136356806665, -22.817328881122194 ], [ -42.908194434125107, -22.817341325041355 ], [ -42.908246289034253, -22.817357919331755 ], [ -42.908298144842774, -22.817374512722836 ], [ -42.908340114404041, -22.817315477626437 ], [ -42.908418690869155, -22.817303512146623 ], [ -42.908497267334269, -22.817291544868112 ], [ -42.908734223404963, -22.81730954120161 ], [ -42.908824990180392, -22.817316435404393 ], [ -42.908884726747999, -22.817302695562205 ], [ -42.909239830353158, -22.817221021831926 ], [ -42.909731216321859, -22.817269051924427 ], [ -42.909791567126376, -22.817274950577712 ], [ -42.9100107301104, -22.817159689867026 ], [ -42.910326709609251, -22.81712975683206 ], [ -42.910409054233753, -22.817135811967376 ], [ -42.910608800854732, -22.817150498795684 ], [ -42.91082960060487, -22.817116277793218 ], [ -42.910880534608282, -22.817105917603214 ], [ -42.911069272628083, -22.817067530941017 ], [ -42.911235208337473, -22.817005305050031 ], [ -42.91123695302224, -22.817065684632894 ], [ -42.911343066728421, -22.817096570049898 ], [ -42.91148825957481, -22.817013602195232 ], [ -42.911567079756196, -22.817063383267737 ], [ -42.911618934665398, -22.817036417995496 ], [ -42.911670789574544, -22.817009453622632 ], [ -42.911861615820158, -22.81696796969527 ], [ -42.911932357391663, -22.816992738823046 ], [ -42.911967727727699, -22.817005123386934 ], [ -42.912003098063792, -22.81701750705156 ], [ -42.912047053328138, -22.81702188135398 ], [ -42.912255713129923, -22.817042641304056 ], [ -42.912386388220511, -22.816992861130871 ], [ -42.91251706241178, -22.816943079158989 ], [ -42.912612475084927, -22.81697626684047 ], [ -42.912919456866689, -22.816934782913108 ], [ -42.913176657575946, -22.816930635239828 ], [ -42.913313942683601, -22.816895138099369 ], [ -42.913599992744764, -22.816821177854308 ], [ -42.913765729703925, -22.816826925421481 ], [ -42.913856993804472, -22.816868409348842 ], [ -42.914043670578224, -22.817017750767832 ], [ -42.914280130223119, -22.817241763795607 ], [ -42.914487549859814, -22.817602675222531 ], [ -42.914526105594575, -22.817847778251576 ], [ -42.914545628077519, -22.817971881096639 ], [ -42.914552414361708, -22.8180029059086 ], [ -42.914603705395962, -22.818237378951096 ], [ -42.914852608960018, -22.818544359833538 ], [ -42.914989505560527, -22.8185775466157 ], [ -42.915043267931765, -22.818627416721142 ], [ -42.915097029403626, -22.818677285927208 ], [ -42.915176184132861, -22.818876232151638 ], [ -42.91516788698766, -22.819008980179547 ], [ -42.915284041624489, -22.8191790653608 ], [ -42.915345238691089, -22.81930145769536 ], [ -42.915362861805875, -22.81933670302567 ], [ -42.915441681087998, -22.819494343388442 ], [ -42.915566132870026, -22.819598053206789 ], [ -42.915608431583109, -22.819611368569042 ], [ -42.91573545182888, -22.819651356923828 ], [ -42.915790145897802, -22.819668576243032 ], [ -42.915847037909714, -22.81967141989935 ], [ -42.915922302171793, -22.819675182662763 ], [ -42.915997566433816, -22.819678947224872 ], [ -42.916204986070511, -22.819689318206713 ], [ -42.916318601021885, -22.819747846085477 ], [ -42.91634188267102, -22.819759840343579 ], [ -42.916520264098153, -22.819722504089498 ], [ -42.91656960810019, -22.819715340989433 ], [ -42.91677746390809, -22.819685168734793 ], [ -42.91694754819008, -22.819573161771245 ], [ -42.916981772789825, -22.819577829252637 ], [ -42.917038813189947, -22.819585608388365 ], [ -42.917118523700196, -22.819686020392737 ], [ -42.917264691411674, -22.819697246629858 ], [ -42.918238875722807, -22.819772074720674 ], [ -42.918361157440756, -22.819781468139468 ], [ -42.918403635118921, -22.81978472998054 ], [ -42.918511494409188, -22.819851105343446 ], [ -42.918586061696658, -22.819884998992734 ], [ -42.918739655110244, -22.819954815161793 ], [ -42.918815085746871, -22.819954815161793 ], [ -42.919108862783048, -22.819954815161793 ], [ -42.919305311590108, -22.819913492213118 ], [ -42.919469863242853, -22.819878880904866 ], [ -42.919502871959253, -22.819868103429428 ], [ -42.9197708303588, -22.81978060568963 ], [ -42.919814541007554, -22.81976633344874 ], [ -42.919848144175774, -22.819744589640322 ], [ -42.920053704913812, -22.81961157990969 ], [ -42.920107109354888, -22.819564851136192 ], [ -42.920278799826008, -22.819414621187036 ], [ -42.920359015755253, -22.819347774579342 ], [ -42.920385688747785, -22.819325546935659 ], [ -42.920700854360234, -22.819062908925332 ], [ -42.921190849077675, -22.818606777280195 ], [ -42.921240125630561, -22.81856090466124 ], [ -42.921779396900888, -22.818058901296467 ], [ -42.922021276759779, -22.817833734438523 ], [ -42.922054815176864, -22.81780251357435 ], [ -42.922095873724857, -22.817764294186077 ], [ -42.922319274314304, -22.817556332258164 ], [ -42.922431275881934, -22.817452070256081 ], [ -42.922476646679172, -22.817426990862145 ], [ -42.923155438771744, -22.817051790107257 ], [ -42.924247480136387, -22.816448166948589 ], [ -42.924336543595871, -22.816398937160443 ], [ -42.925329138827976, -22.815850283263217 ], [ -42.925378443259831, -22.815823030207923 ], [ -42.925427747691685, -22.81579577715263 ], [ -42.925597317561426, -22.815702047111017 ], [ -42.926665356919955, -22.815111690751166 ], [ -42.926809668430735, -22.815031923583661 ], [ -42.92687164790749, -22.814997663910276 ], [ -42.931721459676908, -22.812316943171595 ], [ -42.931847165113822, -22.812247458852369 ], [ -42.93261480842591, -22.811823146120503 ], [ -42.933786822902846, -22.81117531678666 ], [ -42.934556307127139, -22.810749986022245 ], [ -42.934582213897329, -22.810735667016672 ], [ -42.934620399111395, -22.810714559928215 ], [ -42.9359115953431, -22.810000855254486 ], [ -42.936055494065045, -22.809921313816801 ], [ -42.938149723730021, -22.808763734358081 ], [ -42.939152411154112, -22.80820950106687 ], [ -42.939271227784218, -22.808143825376476 ], [ -42.939837512890165, -22.807830811841711 ], [ -42.939967625005181, -22.807758893057667 ], [ -42.939922363925234, -22.807422491753812 ], [ -42.939917893395318, -22.807389254609632 ], [ -42.939913583844088, -22.807357236046812 ], [ -42.939852438038827, -22.806902771744774 ], [ -42.939848634805912, -22.80687450515353 ], [ -42.9398423035787, -22.806827451724757 ], [ -42.939802358391375, -22.806530559437022 ], [ -42.939779905017872, -22.806363673144233 ], [ -42.939774729419469, -22.806325209140311 ], [ -42.939768924295663, -22.806282063265826 ], [ -42.939707359406384, -22.805824479215573 ], [ -42.939700769174408, -22.805789912873422 ], [ -42.939694696052641, -22.805758048993994 ], [ -42.939685147950513, -22.805707963051304 ], [ -42.939659179127091, -22.805571728351822 ], [ -42.939587776553935, -22.805381321190225 ], [ -42.939447092008947, -22.805128089189168 ], [ -42.939292878962476, -22.804926828109842 ], [ -42.939259831575214, -22.804883699322488 ], [ -42.939138665915948, -22.804725567030516 ], [ -42.939032071971837, -22.804586452701869 ], [ -42.938923040864893, -22.804389493979215 ], [ -42.938814010657325, -22.804192536155824 ], [ -42.938666291615334, -22.803890063574784 ], [ -42.938646466060845, -22.803800848129868 ], [ -42.938595949342869, -22.803573522899001 ], [ -42.93860447041925, -22.803454225131588 ], [ -42.938617051934671, -22.803278084814963 ], [ -42.938621908273717, -22.803200387886818 ], [ -42.938639854245139, -22.802913252343956 ], [ -42.938652224419911, -22.802715345735862 ], [ -42.938640597085168, -22.802668840893546 ], [ -42.938624763621192, -22.802605510635033 ], [ -42.938602983839928, -22.802518387013151 ], [ -42.938618310985532, -22.8024647406545 ], [ -42.938633639030456, -22.802411095195112 ], [ -42.938645189023532, -22.802370668870481 ], [ -42.93888435292979, -22.801941579839252 ], [ -42.938996900385916, -22.801554696891003 ], [ -42.939088346149504, -22.801062300983631 ], [ -42.939091349885132, -22.800939134332793 ], [ -42.939109448741362, -22.800197090222753 ], [ -42.939155171173468, -22.800017716843399 ], [ -42.93920089360563, -22.799838344363309 ], [ -42.93933842422814, -22.799647676398365 ], [ -42.939377251558199, -22.799593849275936 ], [ -42.939418497165207, -22.799536666782956 ], [ -42.93951039978441, -22.799409256231399 ], [ -42.93997087695368, -22.798810635101972 ], [ -42.940073138863511, -22.79867769461913 ], [ -42.940129296129385, -22.798608525961924 ], [ -42.940306762046703, -22.798389940342702 ], [ -42.940415996400361, -22.798255397268008 ], [ -42.940574382301179, -22.798060309135167 ], [ -42.940636640567789, -22.797983623944333 ], [ -42.941200144969969, -22.797289554168799 ], [ -42.941718254293278, -22.796651395244908 ], [ -42.941760907339244, -22.796598857750325 ], [ -42.941808417623633, -22.796540661721394 ], [ -42.941831050861595, -22.796514295397628 ], [ -42.941971053720408, -22.796351185358162 ], [ -42.942128830780177, -22.796167366629902 ], [ -42.942363045717229, -22.795894495233995 ], [ -42.942466331954904, -22.795774162346959 ], [ -42.942528086601158, -22.795702212985987 ], [ -42.942678640306269, -22.795492351689916 ], [ -42.942760216909733, -22.795378638712407 ], [ -42.942855741098867, -22.795120160965894 ], [ -42.942879798862919, -22.795055064438884 ], [ -42.942959742297546, -22.794706867627042 ], [ -42.942990843551854, -22.794579003817205 ], [ -42.943011138552492, -22.794495567415709 ], [ -42.943036956289745, -22.794389432125797 ], [ -42.943083791183312, -22.794196888175065 ], [ -42.943072501094321, -22.793948490929324 ], [ -42.943071113440396, -22.793917960744523 ], [ -42.943069723088513, -22.793887380197646 ], [ -42.943020483407849, -22.793514567142779 ], [ -42.942988545784033, -22.793325601594461 ], [ -42.942936072141265, -22.793015134939765 ], [ -42.942863390732157, -22.792585099821736 ], [ -42.942858064047698, -22.792553585778592 ], [ -42.942850825404548, -22.792511522687846 ], [ -42.942732079820871, -22.791917794769631 ], [ -42.942599318303166, -22.791508131993908 ], [ -42.942566431894591, -22.791406653393551 ], [ -42.942557650014805, -22.791379554122329 ], [ -42.942536369357242, -22.79131388742519 ], [ -42.942526439043206, -22.791283245724458 ], [ -42.942490699085738, -22.791172963660586 ], [ -42.942421211169233, -22.791024400155152 ], [ -42.942332672913778, -22.790841361139144 ], [ -42.9423063731399, -22.790786989926858 ], [ -42.942272328404499, -22.790716606285571 ], [ -42.942231026140234, -22.790631221053218 ], [ -42.942184191246724, -22.790534394645817 ], [ -42.942154293285284, -22.790462243836714 ], [ -42.942133089070069, -22.790411073311589 ], [ -42.942075926362179, -22.790273123605004 ], [ -42.941998286091291, -22.790085758849898 ], [ -42.941927799027951, -22.789915658380153 ], [ -42.941857312863988, -22.789745555212448 ], [ -42.941671417601128, -22.789296943698218 ], [ -42.941481039217877, -22.788837512440466 ], [ -42.941458884419262, -22.788784043248199 ], [ -42.941432875126338, -22.78870902000449 ], [ -42.941367437756298, -22.788520258602261 ], [ -42.941342817915995, -22.788409470220074 ], [ -42.941318198075635, -22.788298680039304 ], [ -42.941314041409157, -22.788209288327209 ], [ -42.941312603393214, -22.788178366037982 ], [ -42.941311163578632, -22.788147444648075 ], [ -42.941356335625642, -22.787965248296814 ], [ -42.941386009655901, -22.787880380174613 ], [ -42.941491283395294, -22.787579296146816 ], [ -42.941508601639896, -22.787529767783781 ], [ -42.941594878100432, -22.787283016297408 ], [ -42.941657484404629, -22.787060599566246 ], [ -42.941788101039322, -22.786596564678916 ], [ -42.941976973957424, -22.785925568809205 ], [ -42.941991902703421, -22.785878570239049 ], [ -42.942136481312843, -22.785444834410782 ], [ -42.942240074219342, -22.785134055691344 ], [ -42.942269657418024, -22.785033292051992 ], [ -42.942402642866966, -22.784580306235398 ], [ -42.942433125387709, -22.784377095425839 ], [ -42.942441143743054, -22.784264832155486 ], [ -42.942443285028844, -22.784234846060542 ], [ -42.942424956845571, -22.784134040153049 ], [ -42.942372161245487, -22.783843665252164 ], [ -42.94231521707286, -22.783603575943516 ], [ -42.942202930420194, -22.78313015123473 ], [ -42.942193560383771, -22.783090645815889 ], [ -42.942184191246724, -22.783051141296369 ], [ -42.942187284015233, -22.783024701228214 ], [ -42.942191519822074, -22.782988483730776 ], [ -42.942201328727606, -22.782904629144525 ], [ -42.942209592597862, -22.782731084271347 ], [ -42.942227373094056, -22.782601536031279 ], [ -42.942236263791813, -22.782536763260225 ], [ -42.942245155388889, -22.782471988690531 ], [ -42.942295957191959, -22.782050326260787 ], [ -42.942298496877413, -22.781844573967135 ], [ -42.942301036562867, -22.781638822572802 ], [ -42.942290876921675, -22.781339085729428 ], [ -42.942280716381219, -22.781100313028276 ], [ -42.942269325568191, -22.780931595715799 ], [ -42.94226501961424, -22.780867806803087 ], [ -42.94222991367883, -22.78070405105035 ], [ -42.942133389443654, -22.780546561773633 ], [ -42.941909855754488, -22.780353512403906 ], [ -42.941752367377148, -22.780226504748612 ], [ -42.941651218827928, -22.78012664043132 ], [ -42.941550071178085, -22.780026775214708 ], [ -42.941508514405655, -22.779936929345013 ], [ -42.941508514405655, -22.779857002098197 ], [ -42.941508613331109, -22.77982937222697 ], [ -42.941517324164465, -22.779753145690336 ], [ -42.941528834587302, -22.779652433312378 ], [ -42.941528834587302, -22.779484784394526 ], [ -42.941533165722262, -22.779289874327446 ], [ -42.941534582154532, -22.779242153601729 ], [ -42.94153645544236, -22.779202828047289 ], [ -42.941538995127814, -22.779149484760126 ], [ -42.941544075398042, -22.779042799085119 ], [ -42.941546631271308, -22.779010213050128 ], [ -42.941561072584705, -22.778826088552364 ], [ -42.941564395579633, -22.778783705302999 ], [ -42.941548420022855, -22.778619445929905 ], [ -42.941512197129441, -22.77856049087319 ], [ -42.941493272695652, -22.77852969089173 ], [ -42.941391667290873, -22.77844332629769 ], [ -42.941353732987636, -22.778421300102139 ], [ -42.941260579411505, -22.778367210377667 ], [ -42.941234178014156, -22.778351881433423 ], [ -42.941142904920412, -22.778278432902596 ], [ -42.941074482700458, -22.778223373708954 ], [ -42.94101392864917, -22.778150176988277 ], [ -42.940919795711295, -22.778036392065076 ], [ -42.940831981410099, -22.777929703692109 ], [ -42.940813912231533, -22.7778995979873 ], [ -42.940790299631885, -22.777856038424659 ], [ -42.940528076209034, -22.777369953959408 ], [ -42.940457358919218, -22.777206761182299 ], [ -42.940355304752757, -22.776971252120802 ], [ -42.940334968383354, -22.776924321899173 ], [ -42.94029686680625, -22.77683541672036 ], [ -42.940290515793947, -22.776797315143199 ], [ -42.940284165680964, -22.776759212666775 ], [ -42.94029686680625, -22.776662688431543 ], [ -42.940301947076478, -22.776633475753556 ], [ -42.940307027346705, -22.776604263974832 ], [ -42.940398472210973, -22.776520439066246 ], [ -42.940442924800379, -22.776467096678402 ], [ -42.940487377389843, -22.776413754290559 ], [ -42.940583903423658, -22.776304527131458 ], [ -42.94068042765889, -22.776164820149575 ], [ -42.940704387396806, -22.776108320242031 ], [ -42.94072834713478, -22.776051819435168 ], [ -42.940776265711349, -22.775938817821384 ], [ -42.940916838740407, -22.775736838183775 ], [ -42.941201160304558, -22.775328312151089 ], [ -42.941244248622468, -22.775266400123485 ], [ -42.941267050033616, -22.775233457956972 ], [ -42.941396052385187, -22.775047084254766 ], [ -42.94141965868954, -22.775012976566813 ], [ -42.941435854580277, -22.77498957710651 ], [ -42.941457905956838, -22.774957722220336 ], [ -42.941487906441012, -22.774914377595678 ], [ -42.941511634153869, -22.774880045976545 ], [ -42.941618004166799, -22.774721577338141 ], [ -42.941723170886917, -22.774564794029232 ], [ -42.94198750681727, -22.774170723699172 ], [ -42.942086693045724, -22.774022857168347 ], [ -42.942142218987499, -22.773940079070599 ], [ -42.942256343854467, -22.773769387746256 ], [ -42.942499609568586, -22.773405546328149 ], [ -42.942730279378168, -22.77306054390823 ], [ -42.942998751290588, -22.772659003809224 ], [ -42.943085791275507, -22.772528824245057 ], [ -42.94331172885245, -22.772148902049423 ], [ -42.943621351943079, -22.771628262033914 ], [ -42.943729881228307, -22.771445766208387 ], [ -42.943744058141021, -22.771412857316761 ], [ -42.943844751633264, -22.771179104631187 ], [ -42.9438581137602, -22.770791592157479 ], [ -42.943861161562609, -22.770703215780031 ], [ -42.943832152131392, -22.770160742023847 ], [ -42.943820136289503, -22.769936050007914 ], [ -42.943852956148248, -22.769804770572932 ], [ -42.943902185936395, -22.769655439945836 ], [ -42.943998184068221, -22.769512674369651 ], [ -42.944035251424964, -22.769487792826624 ], [ -42.944148221562443, -22.769411963790333 ], [ -42.944177873109652, -22.7693920599948 ], [ -42.944384638939198, -22.769360062116391 ], [ -42.944529866859114, -22.769361292388965 ], [ -42.944675094779086, -22.769362522661538 ], [ -42.944894773973886, -22.769364635168984 ], [ -42.944931090396778, -22.769364984105948 ], [ -42.945601937878394, -22.769356158159383 ], [ -42.945679383895708, -22.769355139227514 ], [ -42.946423604365123, -22.769350373719988 ], [ -42.947601810674314, -22.769342830206654 ], [ -42.947887198834451, -22.769347359192523 ], [ -42.948589646694131, -22.76935850538996 ], [ -42.948691699961273, -22.769360124169623 ], [ -42.949660910122191, -22.769375501677303 ], [ -42.950153511974293, -22.769383317685197 ], [ -42.950494606839925, -22.768967072771432 ], [ -42.950889707793067, -22.768484923739493 ], [ -42.950924236363676, -22.768442787803622 ], [ -42.95095563439429, -22.768404473087173 ], [ -42.950989609881844, -22.768363010743599 ], [ -42.951396931722286, -22.767865948254155 ], [ -42.952143265598522, -22.766955183234359 ], [ -42.952260968867904, -22.766800802913963 ], [ -42.952378672137286, -22.766646424392206 ], [ -42.952591084809967, -22.766367825214161 ], [ -42.952935865996665, -22.765915611915204 ], [ -42.953020701743242, -22.76581119792769 ], [ -42.953105538389138, -22.765706783940175 ], [ -42.953565775439472, -22.765140337855541 ], [ -42.953949180709401, -22.764668454584751 ], [ -42.954148468676181, -22.764461114987682 ], [ -42.954351541889423, -22.764249837259399 ], [ -42.95455883921835, -22.764108839750406 ], [ -42.9549583927149, -22.763839752701642 ], [ -42.956224010429025, -22.763148484314343 ], [ -42.957489628143094, -22.762457214128347 ], [ -42.957754269842951, -22.762306208064274 ], [ -42.958913191989495, -22.761644922174639 ], [ -42.959710798014157, -22.761189803166133 ], [ -42.959945854716693, -22.761055679175456 ], [ -42.960336754936577, -22.760832629321612 ], [ -42.960850664425891, -22.760558176018208 ], [ -42.961169773565473, -22.760387755389843 ], [ -42.961481349983558, -22.760221358328238 ], [ -42.96156750233763, -22.760127000559862 ], [ -42.961653653792382, -22.760032642791487 ], [ -42.961685938554467, -22.759950255898843 ], [ -42.961718223316609, -22.75986786810688 ], [ -42.961721995073276, -22.759752658657476 ], [ -42.961597642216702, -22.75934446267604 ], [ -42.961526477064524, -22.759117787654986 ], [ -42.961473144569254, -22.758998816341546 ], [ -42.961469041862074, -22.758968046937071 ], [ -42.961464940054213, -22.758937279331178 ], [ -42.961522374357344, -22.758900355865933 ], [ -42.961823828006516, -22.758860839655256 ], [ -42.963006065976458, -22.758755535338935 ], [ -42.963544901075579, -22.758707540319961 ], [ -42.96367182869119, -22.75868905475528 ], [ -42.963967457431465, -22.75864600241033 ], [ -42.964316169554877, -22.758539338319054 ], [ -42.965066925397537, -22.758481903116547 ], [ -42.966453565778693, -22.758436775136317 ], [ -42.96694176185207, -22.758293187579795 ], [ -42.967854461313607, -22.758046883955728 ], [ -42.968553522326488, -22.757858233170168 ], [ -42.969455747384075, -22.757614756115345 ], [ -42.969823044896884, -22.757515636436722 ], [ -42.969931588571228, -22.757486343718995 ], [ -42.970247559076881, -22.757406786992874 ], [ -42.974732387289123, -22.756278867175183 ], [ -42.976516969581724, -22.755819388253371 ], [ -42.976935424129806, -22.755669646636136 ], [ -42.977353877778512, -22.755519905918163 ], [ -42.984172213775935, -22.752077918060706 ], [ -42.985859368014701, -22.7511774565736 ], [ -42.986375523111178, -22.75082563009795 ], [ -42.986807424322421, -22.750478691437706 ], [ -42.987191645277449, -22.750207183414034 ], [ -42.987667534128661, -22.749944623644694 ], [ -42.988247100422598, -22.749744817668443 ], [ -42.988480792853579, -22.749724496587476 ], [ -42.988717771407266, -22.749731294562821 ], [ -42.989273316809374, -22.749917546856523 ], [ -42.989689899868267, -22.749892146404648 ], [ -42.990304614365755, -22.749841342802938 ], [ -42.990703375559576, -22.749764115320886 ], [ -42.990975210936483, -22.749688934695826 ], [ -42.991228494198936, -22.749517964581628 ], [ -42.991392594391982, -22.749271815641009 ], [ -42.991498480569703, -22.749079301367885 ], [ -42.991478160388056, -22.748977695063786 ], [ -42.991316995582167, -22.74881760584708 ], [ -42.991198743726329, -22.748642397228082 ], [ -42.99104633561916, -22.748185171107991 ], [ -42.990878685801988, -22.74774318669796 ], [ -42.990845665394431, -22.747656822103863 ], [ -42.990812642288859, -22.747570458409143 ], [ -42.990746598775786, -22.747336764179522 ], [ -42.990731357965046, -22.747164034991442 ], [ -42.990751679046014, -22.746940502201653 ], [ -42.990939649044833, -22.746671246979702 ], [ -42.991107298862005, -22.746462955899915 ], [ -42.991269868408949, -22.746193700677964 ], [ -42.991325749582927, -22.745965089416586 ], [ -42.991442597597086, -22.745782197889355 ], [ -42.991579764893515, -22.745680593383895 ] ] ] ] } },
{ "type": "Feature", "properties": { "id": 3, "risp": 4, "aisp": 1, "cisp": 72, "area_km2": 67.28 }, "geometry": { "type": "MultiPolygon", "coordinates": [ [ [ [ -42.991579764893515, -22.745680593383895 ], [ -42.991604802918573, -22.745638656198253 ], [ -42.991723839882582, -22.745439280997232 ], [ -42.991630567595905, -22.745319893297676 ], [ -42.991564524082776, -22.745015076184018 ], [ -42.99160516624471, -22.744705178800189 ], [ -42.991698869306617, -22.744444838557683 ], [ -42.991940464979734, -22.743897414033654 ], [ -42.992214799572594, -22.743470671333625 ], [ -42.9924230915517, -22.743176013861159 ], [ -42.992682185333877, -22.742886437558298 ], [ -42.992900637853438, -22.742713709269481 ], [ -42.993230856318235, -22.742505417290374 ], [ -42.993566155053259, -22.742413972426107 ], [ -42.993916693699703, -22.742368249094625 ], [ -42.994333276758596, -22.742388570175592 ], [ -42.994898962916068, -22.742441302823067 ], [ -42.995303611072075, -22.742495255850599 ], [ -42.995791317914268, -22.742490175580372 ], [ -42.996004689264282, -22.742452074003211 ], [ -42.996218062412936, -22.742413972426107 ], [ -42.996599082680802, -22.74227172396013 ], [ -42.996797213220077, -22.742104075042278 ], [ -42.997091869793223, -22.741758615766742 ], [ -42.997310322312785, -22.741326791897166 ], [ -42.997361125015175, -22.741072778385217 ], [ -42.997337308269437, -22.740603200976182 ], [ -42.997295082401422, -22.740376778664654 ], [ -42.997173154117036, -22.740163408213959 ], [ -42.996975023577761, -22.739944954795078 ], [ -42.996756571058199, -22.739792546687909 ], [ -42.996416192052891, -22.739655380290799 ], [ -42.996106295568381, -22.739548692817152 ], [ -42.995613507556584, -22.739457247952885 ], [ -42.994968312336994, -22.73931500128549 ], [ -42.994572050359125, -22.739223556421223 ], [ -42.99427231441507, -22.739101628136837 ], [ -42.993957336760957, -22.738873015976139 ], [ -42.993616957755648, -22.738491994808953 ], [ -42.993383264425404, -22.738161777243477 ], [ -42.993164812805162, -22.737724872204296 ], [ -42.993088607852258, -22.737425136260242 ], [ -42.993083527581973, -22.737244786217161 ], [ -42.993078447311746, -22.737064436174023 ], [ -42.993180053615845, -22.736744379149002 ], [ -42.993311371721688, -22.736547425822266 ], [ -42.993503800559211, -22.736423238440921 ], [ -42.993683001268778, -22.736312555279426 ], [ -42.993868370428231, -22.736267767242907 ], [ -42.994124985678809, -22.736221108616519 ], [ -42.994592371440035, -22.736119503211739 ], [ -42.994851466121531, -22.736033138617699 ], [ -42.995120720444163, -22.735921372672465 ], [ -42.995357557804311, -22.735731059939667 ], [ -42.995745594582786, -22.735316818715432 ], [ -42.996134506401631, -22.734780666293943 ], [ -42.996511296258575, -22.734466675196131 ], [ -42.996853096192694, -22.734285522058428 ], [ -42.997137592225386, -22.734214399174391 ], [ -42.99747289096041, -22.734122953410804 ], [ -42.997870739342432, -22.734083847290947 ], [ -42.99890044959534, -22.734122953410804 ], [ -42.999541209358597, -22.734227335922014 ], [ -42.99996730904337, -22.734346486200593 ], [ -43.000348330210556, -22.734478573226795 ], [ -43.000624085732227, -22.734668288809701 ], [ -43.000786771291757, -22.734985456312984 ], [ -43.00083603705275, -22.73537270168805 ], [ -43.000764913269393, -22.735687680241483 ], [ -43.000617585432508, -22.735951855193207 ], [ -43.000375323361766, -22.736380800332881 ], [ -42.999685912074426, -22.737203776232491 ], [ -42.999573460845795, -22.737573030670035 ], [ -42.999602969400769, -22.73795026119484 ], [ -42.999746524581724, -22.738237371556693 ], [ -43.000025659755636, -22.738460680415301 ], [ -43.000461109691742, -22.738589081120438 ], [ -43.00086864557079, -22.73860582919491 ], [ -43.001381135030613, -22.738522278579524 ], [ -43.001915673169037, -22.738398923071088 ], [ -43.002720552910432, -22.73837733844266 ], [ -43.00414436856704, -22.738362667802107 ], [ -43.00520514320209, -22.738193331756065 ], [ -43.006182545287515, -22.737901365055166 ], [ -43.006872530342264, -22.737603815363002 ], [ -43.00886467796181, -22.736404681829811 ], [ -43.0095842489132, -22.73624020931743 ], [ -43.010087949298679, -22.736363563926545 ], [ -43.010591649684159, -22.736486920334357 ], [ -43.011187866026489, -22.737103695178632 ], [ -43.011455134646042, -22.737864384033344 ], [ -43.011599049555741, -22.738686751991224 ], [ -43.011742963566178, -22.740043658087586 ], [ -43.011899253147305, -22.7407288479572 ], [ -43.012106609831449, -22.741185035360331 ], [ -43.012625003340474, -22.741454598150426 ], [ -43.013469935288526, -22.741585596996913 ], [ -43.014460114941642, -22.741661955733889 ], [ -43.015310279145353, -22.742004095611776 ], [ -43.016637366420582, -22.742978673825974 ], [ -43.017540653577555, -22.743538720334925 ], [ -43.017933347944904, -22.743662952682371 ], [ -43.01831695915962, -22.743621482244862 ], [ -43.018897559673917, -22.743414124661342 ], [ -43.019268612755525, -22.74311532760953 ], [ -43.020619391770765, -22.741119160020446 ], [ -43.021071693203339, -22.740543503079437 ], [ -43.021647351043669, -22.740132319550128 ], [ -43.022101228987822, -22.739940890758703 ], [ -43.02262532599724, -22.739919315123529 ], [ -43.023312644562168, -22.740008964041692 ], [ -43.024093893717463, -22.740296792961828 ], [ -43.024258367129221, -22.740430427721265 ], [ -43.024422841440241, -22.74056406338002 ], [ -43.02475178736438, -22.740831331999573 ], [ -43.025706654237979, -22.741939659187153 ], [ -43.026227576640622, -22.742698989166229 ], [ -43.026506832323719, -22.743200217315405 ], [ -43.027046698045922, -22.744414623135583 ], [ -43.027578356555182, -22.745395643193604 ], [ -43.028218271855053, -22.746133217673105 ], [ -43.028714504270226, -22.746604217809647 ], [ -43.028935581011524, -22.746814053924652 ], [ -43.02917614156496, -22.746967604170834 ], [ -43.029737472305783, -22.747325900369219 ], [ -43.030478973225286, -22.747478922713356 ], [ -43.031182207092456, -22.747476978379098 ], [ -43.031727679188293, -22.747409906940902 ], [ -43.032458534832756, -22.747198585145838 ], [ -43.033211892414158, -22.747821454695611 ], [ -43.034083395731386, -22.748304506646889 ], [ -43.034770535331234, -22.748771243097622 ], [ -43.035535463590065, -22.749315768207339 ], [ -43.035577277568564, -22.74934494221452 ], [ -43.036092953326431, -22.749704715099767 ], [ -43.036559689777107, -22.749912153622233 ], [ -43.036922707416295, -22.74995753071471 ], [ -43.037285723256787, -22.750002907807186 ], [ -43.03777838896076, -22.749951048401385 ], [ -43.038322914070477, -22.749951048401385 ], [ -43.038750755742058, -22.750002907807186 ], [ -43.040332471665522, -22.75080673084517 ], [ -43.041408558157684, -22.751662414188274 ], [ -43.043233318562045, -22.753637312810952 ], [ -43.043457011431201, -22.753879410305785 ], [ -43.045298024383612, -22.755668563852339 ], [ -43.046413004755607, -22.75675761407183 ], [ -43.046763056868826, -22.756926157815144 ], [ -43.04684498690591, -22.756947531102924 ], [ -43.047061249576302, -22.757003948272825 ], [ -43.048241053980746, -22.757159525590851 ], [ -43.049213420762044, -22.757444753671678 ], [ -43.050717348026467, -22.758157823424028 ], [ -43.051324265401774, -22.758391638162777 ], [ -43.052921378618009, -22.759104259153446 ], [ -43.053997464210852, -22.759869188311598 ], [ -43.05433455169748, -22.760206274898906 ], [ -43.054723498589851, -22.760608187317246 ], [ -43.055138374735463, -22.760828589566984 ], [ -43.055812548809342, -22.761191607206115 ], [ -43.056486722883221, -22.761424974082502 ], [ -43.057069593286371, -22.761531696629731 ], [ -43.057407230258718, -22.761593517825816 ], [ -43.057612403388987, -22.761754178112085 ], [ -43.058047159947762, -22.76209461287533 ], [ -43.058937086776382, -22.762436235643008 ], [ -43.06103739855638, -22.763434531677547 ], [ -43.061919011152725, -22.764432828611405 ], [ -43.062878413307374, -22.764821774604457 ], [ -43.063176606014849, -22.764847704757017 ], [ -43.063460611017661, -22.764672933208544 ], [ -43.0635136926021, -22.764640267133871 ], [ -43.063753486033818, -22.764840782675208 ], [ -43.064053630270109, -22.765091764572503 ], [ -43.064589778195, -22.766338668294111 ], [ -43.065069479272324, -22.767531437325204 ], [ -43.065334495989475, -22.768047146357958 ], [ -43.065549180349649, -22.768464909327349 ], [ -43.065912197089517, -22.768685311577087 ], [ -43.066210389796936, -22.768711241729648 ], [ -43.066378934439513, -22.769022399063715 ], [ -43.066573407436067, -22.769359485650966 ], [ -43.066923458649967, -22.769437275209327 ], [ -43.067104967019873, -22.769359485650966 ], [ -43.067299440016427, -22.76912611787526 ], [ -43.067643581785148, -22.769081495313969 ], [ -43.067856930652113, -22.769255766839422 ], [ -43.067856930652113, -22.769748433442658 ], [ -43.068181052612772, -22.769839186728291 ], [ -43.068503759939858, -22.769758852987877 ], [ -43.06882929743341, -22.769839186728291 ], [ -43.068888129282982, -22.770251015970814 ], [ -43.068894120566483, -22.770292957653112 ], [ -43.068304135626647, -22.770401838573207 ], [ -43.067973614090306, -22.770811554408908 ], [ -43.067895825431265, -22.771563517141828 ], [ -43.067688386908799, -22.772211761063147 ], [ -43.067558737944694, -22.772782217224744 ], [ -43.067908790057857, -22.773923126850036 ], [ -43.067779141093752, -22.774765844667229 ], [ -43.067688386908799, -22.775932685344401 ], [ -43.067727281687951, -22.776671684349992 ], [ -43.067882859905353, -22.777397716930295 ], [ -43.068015249103723, -22.77778575280945 ], [ -43.068028386400158, -22.777824259081513 ], [ -43.068258842171076, -22.778499732675755 ], [ -43.068673718316688, -22.779083152564681 ], [ -43.069088593563038, -22.779472100356372 ], [ -43.069425681948928, -22.779848080823513 ], [ -43.069581260166274, -22.780237027715884 ], [ -43.070022065565126, -22.780664869387465 ], [ -43.070851819655047, -22.78114456956547 ], [ -43.071513029102277, -22.781598341389554 ], [ -43.07235574691947, -22.782013218434486 ], [ -43.073431833411632, -22.782596638323412 ], [ -43.074248620176945, -22.783154127160458 ], [ -43.074845005591783, -22.783620863611191 ], [ -43.075195057705002, -22.78394498557185 ], [ -43.075726617288808, -22.784087599162604 ], [ -43.07580267025628, -22.784148130730898 ], [ -43.076361896583535, -22.784593231291808 ], [ -43.076841598560179, -22.784683984577441 ], [ -43.077502807108146, -22.784865492947347 ], [ -43.078073262370424, -22.784852528320755 ], [ -43.078578893600309, -22.784813634440923 ], [ -43.078799295850104, -22.785448912836273 ], [ -43.079084523930931, -22.785915649287006 ], [ -43.079356787385109, -22.786226805721753 ], [ -43.08006985533882, -22.786797260984031 ], [ -43.080406942825391, -22.787186207876402 ], [ -43.080666239854338, -22.787743697612768 ], [ -43.080705134633547, -22.788391943332726 ], [ -43.080731064786107, -22.78891053918926 ], [ -43.080828667308424, -22.7892064719004 ], [ -43.08108111689927, -22.789273555029752 ], [ -43.081366344080777, -22.789221695624008 ], [ -43.08148302841829, -22.789416168620505 ], [ -43.080873678376804, -22.790971956190049 ], [ -43.080589953063168, -22.791608606051568 ], [ -43.080342117893679, -22.792164726120461 ], [ -43.079966137426595, -22.793150056629031 ], [ -43.079810557410553, -22.793642723232324 ], [ -43.079719803225601, -22.79417428281613 ], [ -43.079680908446448, -22.795029966159234 ], [ -43.079732767852249, -22.79561338514884 ], [ -43.079719803225601, -22.796067156073605 ], [ -43.079914587387577, -22.796440221837997 ], [ -43.079745733378161, -22.796754295673452 ], [ -43.079395681264941, -22.79775259170799 ], [ -43.079045629151722, -22.79873792311588 ], [ -43.078980805119329, -22.799049081349267 ], [ -43.078475173889444, -22.799360237783958 ], [ -43.078086226997073, -22.799386167936518 ], [ -43.077800999815565, -22.79916576478746 ], [ -43.077321298738241, -22.799100939855691 ], [ -43.076698984070106, -22.799308379277534 ], [ -43.076374862109446, -22.799463958394199 ], [ -43.075726617288808, -22.800410394123617 ], [ -43.07515616292585, -22.800578937866931 ], [ -43.074845005591783, -22.800643761899323 ], [ -43.074546812884364, -22.800462254428737 ], [ -43.074028217027887, -22.800397430396345 ], [ -43.07353763954967, -22.800831040319508 ], [ -43.073302184447527, -22.800721552357004 ], [ -43.0730169563667, -22.800825271168549 ], [ -43.072511325136816, -22.801356830752354 ], [ -43.07187829774449, -22.801665459192805 ], [ -43.071396344764764, -22.801732813018134 ], [ -43.070605486353372, -22.801797637050527 ], [ -43.07019061020776, -22.801525375394988 ], [ -43.070158197741875, -22.80135034933835 ], [ -43.070125786175367, -22.801175323281768 ], [ -43.070099856022807, -22.800916025353501 ], [ -43.069218243426462, -22.800864165048381 ], [ -43.068012508869458, -22.801019744165103 ], [ -43.067117690628208, -22.801654684415382 ], [ -43.066754914906653, -22.801667988086422 ], [ -43.066391898166842, -22.801836531829679 ], [ -43.066126024395771, -22.802178845276728 ], [ -43.065774340013036, -22.802631637739125 ], [ -43.065448605567951, -22.802443609284353 ], [ -43.065105541187052, -22.802245574972517 ], [ -43.064771218216435, -22.802079019630298 ], [ -43.064260636218648, -22.801694812165067 ], [ -43.063780932443365, -22.801102753388591 ], [ -43.063446373850354, -22.800593491595578 ], [ -43.063242251128258, -22.800600669984135 ], [ -43.06278111925252, -22.800829890985881 ], [ -43.060779530550178, -22.801799873664493 ], [ -43.059211041855349, -22.802521675833873 ], [ -43.058131704313951, -22.803015230967389 ], [ -43.057818573867337, -22.803111432345929 ], [ -43.057574480776907, -22.80319857935018 ], [ -43.057347460416224, -22.803376631625497 ], [ -43.057264642748351, -22.803718413573165 ], [ -43.057266081663613, -22.80435886396964 ], [ -43.05720137364375, -22.804845506014544 ], [ -43.057205616645149, -22.805197201189117 ], [ -43.057271799553178, -22.805404964366858 ], [ -43.057372196269114, -22.805893455417845 ], [ -43.0573866168981, -22.806013969068658 ], [ -43.057415470746662, -22.8062551051882 ], [ -43.057452629834245, -22.806453902125099 ], [ -43.057497818968443, -22.806688660252689 ], [ -43.057514001369327, -22.806941428203572 ], [ -43.057513032799477, -22.806987389855408 ], [ -43.057532113715354, -22.807326967564734 ], [ -43.057546367969792, -22.807447965950075 ], [ -43.057562537780143, -22.807681751011216 ], [ -43.05757681901423, -22.808079397045788 ], [ -43.057609154138447, -22.808539974039775 ], [ -43.057641507249002, -22.809027527097896 ], [ -43.057666744923608, -22.809352227322677 ], [ -43.057732892758054, -22.809507033921705 ], [ -43.057740971367991, -22.809614933681473 ], [ -43.057728129948487, -22.809858737190211 ], [ -43.057586273586935, -22.810199573950399 ], [ -43.057495377309067, -22.810433456138298 ], [ -43.057304564553306, -22.81088224391965 ], [ -43.057142775617876, -22.811339998841106 ], [ -43.057041872583625, -22.81157389002226 ], [ -43.056960945290655, -22.81175381018943 ], [ -43.056871011287399, -22.81193273840438 ], [ -43.056791090335821, -22.812121648194761 ], [ -43.05669018640225, -22.8123545411284 ], [ -43.056640235357861, -22.812471486269317 ], [ -43.056620247026046, -22.812507472640959 ], [ -43.056578337719372, -22.812678365413433 ], [ -43.056507416283523, -22.812858274788766 ], [ -43.056437482303238, -22.813019200375038 ], [ -43.056316591836492, -22.813289077927834 ], [ -43.056195749933181, -22.813630894949085 ], [ -43.056113863962935, -22.813872762217443 ], [ -43.0561019920126, -22.814071603221123 ], [ -43.056071046341003, -22.814179538054475 ], [ -43.055835977047991, -22.814293653928189 ], [ -43.055501870813941, -22.814443828119408 ], [ -43.055286783557506, -22.81451296260235 ], [ -43.05520875927607, -22.814549002933347 ], [ -43.055168746639595, -22.814566025301076 ], [ -43.055129727753979, -22.814575051796453 ], [ -43.055032659428946, -22.814564150214608 ], [ -43.054963640958533, -22.814600180653031 ], [ -43.054914634202248, -22.814635195756921 ], [ -43.054844689430126, -22.814779135847687 ], [ -43.054789191367377, -22.81493016259617 ], [ -43.054757185395033, -22.815017267332223 ], [ -43.054799789877677, -22.815203382928985 ], [ -43.054878272813312, -22.815400712172334 ], [ -43.054941058981967, -22.815497133884833 ], [ -43.055024026836634, -22.815600283425567 ], [ -43.055109236701185, -22.815781914103297 ], [ -43.05507262889796, -22.815944930613284 ], [ -43.055031689060456, -22.816070859981437 ], [ -43.054950792344471, -22.816295740854969 ], [ -43.054918888894861, -22.816466623734925 ], [ -43.054897742236278, -22.816619418550545 ], [ -43.054901986136997, -22.81674955584657 ], [ -43.054893181774162, -22.816918260568514 ], [ -43.054863787433135, -22.816986491232797 ], [ -43.054843229830453, -22.817034206562596 ], [ -43.054772308394604, -22.817214115937929 ], [ -43.054768509658288, -22.817511866178904 ], [ -43.054763027391061, -22.817543343349826 ], [ -43.054736643080901, -22.817736701187016 ], [ -43.05454579255354, -22.818131535940836 ], [ -43.054296882694246, -22.818489456222665 ], [ -43.054167930704693, -22.818677410932992 ], [ -43.054047985425427, -22.818866357595539 ], [ -43.054007076164908, -22.819037248569373 ], [ -43.054027781256366, -22.819629874818077 ], [ -43.054036574827308, -22.819740619133484 ], [ -43.054015649401947, -22.819867529661963 ], [ -43.053993732923686, -22.820011426585268 ], [ -43.053913805676871, -22.820190345807021 ], [ -43.053804835723838, -22.820334320971369 ], [ -43.053734871166625, -22.820450284951903 ], [ -43.053676157128223, -22.820584317211683 ], [ -43.053663938039563, -22.820612210584272 ], [ -43.053574009432282, -22.820800131120393 ], [ -43.05351306957175, -22.820944063117224 ], [ -43.053453118965535, -22.821070009572509 ], [ -43.053433130633721, -22.821105996843528 ], [ -43.053305148113338, -22.821247991700659 ], [ -43.053196152979353, -22.821354999332982 ], [ -43.053166158790475, -22.821390994697879 ], [ -43.053156177215101, -22.821426972975644 ], [ -43.053161402276146, -22.821751691186819 ], [ -43.05324657976513, -22.821933457662169 ], [ -43.053361764033468, -22.822097213414906 ], [ -43.053505960430982, -22.822251949866825 ], [ -43.053621088042064, -22.822334774729313 ], [ -43.053689907762305, -22.822372191922341 ], [ -43.053824303348165, -22.822463481203897 ], [ -43.054047512382056, -22.82256519093005 ], [ -43.054289708802287, -22.822630916083142 ], [ -43.05436776455997, -22.822640837403924 ], [ -43.054405807681121, -22.822668779339949 ], [ -43.054514345959547, -22.822810759807965 ], [ -43.054579071066541, -22.822895428280617 ], [ -43.054743250399952, -22.823006184287181 ], [ -43.054994685555585, -22.823243502784635 ], [ -43.055253933121776, -22.823154387164436 ], [ -43.055553687052281, -22.823189493099846 ], [ -43.055638752125958, -22.823240802120552 ], [ -43.055906287844152, -22.823460742118755 ], [ -43.056136594327654, -22.823698330412867 ], [ -43.056232722861125, -22.823799156105395 ], [ -43.056308895438463, -22.823979933326484 ], [ -43.056403090429569, -22.82417967724956 ], [ -43.056423244236612, -22.824296694336226 ], [ -43.056420543572472, -22.824415514563555 ], [ -43.056377335644811, -22.82455728998616 ], [ -43.05628838729848, -22.824719318141263 ], [ -43.056071428552855, -22.824978293212894 ], [ -43.056036194913759, -22.82507657112609 ], [ -43.055761577034446, -22.825480143692914 ], [ -43.055606345955368, -22.825723902235552 ], [ -43.055488874711045, -22.825918336561188 ], [ -43.055399759090903, -22.826073615304324 ], [ -43.055328196438381, -22.826168132252747 ], [ -43.055243804956888, -22.826286921903147 ], [ -43.055171225171193, -22.826365533441844 ], [ -43.055137811759892, -22.826401723959634 ], [ -43.055063548443286, -22.826494890126298 ], [ -43.054994685555585, -22.826559703366854 ], [ -43.054904658022792, -22.826643306142898 ], [ -43.054856925605918, -22.826691038559829 ], [ -43.054813170890384, -22.82673081467459 ], [ -43.054789305581266, -22.826858101119683 ], [ -43.054793283282663, -22.826961519557699 ], [ -43.054849627607496, -22.82707390243786 ], [ -43.054939716294143, -22.827897818129031 ], [ -43.054966884813155, -22.828251270578903 ], [ -43.055001291975316, -22.828394635103564 ], [ -43.055076244172596, -22.828423919727356 ], [ -43.055569545697267, -22.828463728217685 ], [ -43.05576023974254, -22.828553979681658 ], [ -43.05654762856949, -22.829402284986713 ], [ -43.056651129745092, -22.829527530870052 ], [ -43.057601909200002, -22.830561868134907 ], [ -43.057835878622143, -22.830830414691093 ], [ -43.058061492443187, -22.831078588904973 ], [ -43.058255586825112, -22.831270148098099 ], [ -43.059162482961483, -22.832238240401693 ], [ -43.059518575820903, -22.832596558183866 ], [ -43.059584265001092, -22.832662202397955 ], [ -43.059613708804875, -22.832718794935658 ], [ -43.059733283563446, -22.832996298739431 ], [ -43.060038989207271, -22.8337035957436 ], [ -43.06038417688751, -22.834463912278977 ], [ -43.060487958651663, -22.834688396551485 ], [ -43.06063347975055, -22.835021176285466 ], [ -43.06078523494989, -22.835427506173687 ], [ -43.061176117183322, -22.835944281802369 ], [ -43.060914871323519, -22.835823621562099 ], [ -43.060788754896407, -22.835767783555582 ], [ -43.059412972929636, -22.835152805556731 ], [ -43.05878289891092, -22.834888352714529 ], [ -43.05856796274054, -22.834795359217708 ], [ -43.058224335384011, -22.834762858618262 ], [ -43.057857507317351, -22.834858011387325 ], [ -43.057285123009308, -22.835173084369558 ], [ -43.056844218685001, -22.835334392167681 ], [ -43.056437022749662, -22.835379762964919 ], [ -43.055584948385899, -22.835443209235962 ], [ -43.05480044098681, -22.835506319160515 ], [ -43.0542836797473, -22.835326963767614 ], [ -43.053847970806487, -22.835121621564838 ], [ -43.053605724024237, -22.834982959595152 ], [ -43.052928586684175, -22.834601316996384 ], [ -43.05230847085852, -22.83433668788706 ], [ -43.050826692996736, -22.833912959714553 ], [ -43.050724202659069, -22.833890185283053 ], [ -43.050115500129493, -22.833752013443871 ], [ -43.049925404133376, -22.833697697989578 ], [ -43.048918730014634, -22.833537109649114 ], [ -43.048720364752285, -22.833518839022418 ], [ -43.048379429066642, -22.833477651871362 ], [ -43.047315431261438, -22.833476256123561 ], [ -43.047151109835113, -22.83384220914985 ], [ -43.047046776786601, -22.834142166327126 ], [ -43.046955484807029, -22.834353439558811 ], [ -43.046856368725685, -22.834572538690907 ], [ -43.046759860678321, -22.834765554785747 ], [ -43.046679002633141, -22.834966395881679 ], [ -43.046652919595829, -22.835130720005964 ], [ -43.04664509459468, -22.835242878055624 ], [ -43.046639877627513, -22.835357644139208 ], [ -43.046650308863946, -22.835443104015269 ], [ -43.046605653027711, -22.83551844112236 ], [ -43.046599283129694, -22.835620354994603 ], [ -43.046660857012228, -22.835974936093635 ], [ -43.046706764704709, -22.836224756966203 ], [ -43.046759500050143, -22.836459814568002 ], [ -43.046807789147408, -22.836645425645088 ], [ -43.046853814651115, -22.836876307694695 ], [ -43.046900594685951, -22.837038529203994 ], [ -43.046933793159269, -22.837240739068079 ], [ -43.046976801437495, -22.837414277646019 ], [ -43.047012262605108, -22.83752066474608 ], [ -43.047039425728201, -22.837630069071679 ], [ -43.047081678575864, -22.837827752647911 ], [ -43.047116386111611, -22.837980919782865 ], [ -43.047125441385276, -22.838115223637885 ], [ -43.047146939678782, -22.838283983218503 ], [ -43.047165039434276, -22.838410857774079 ], [ -43.047182141841631, -22.838546725550145 ], [ -43.047238318892596, -22.838754496821821 ], [ -43.047322532308272, -22.838990219022605 ], [ -43.047359660818984, -22.839144054353824 ], [ -43.047500021607959, -22.839542586220603 ], [ -43.047603271872788, -22.83981425882024 ], [ -43.047544197206207, -22.840033204168265 ], [ -43.047485344672168, -22.840180334154297 ], [ -43.047592653577397, -22.840287538738153 ], [ -43.047779833072127, -22.840474533871884 ], [ -43.047912152123388, -22.840819119006369 ], [ -43.047995407761107, -22.841117789253815 ], [ -43.048089634228518, -22.841362492983876 ], [ -43.048208135196546, -22.841986850911667 ], [ -43.048226220562924, -22.842094742577558 ], [ -43.048244299634007, -22.842194641069057 ], [ -43.048232378220973, -22.84232054435688 ], [ -43.048180615042611, -22.842453777119317 ], [ -43.048141504426155, -22.842532000150925 ], [ -43.04811055425796, -22.842689339240849 ], [ -43.04802773569071, -22.843031121188517 ], [ -43.047986821034215, -22.843193018941918 ], [ -43.047979042797863, -22.843323246170087 ], [ -43.047982051929409, -22.843407484766828 ], [ -43.048000103121524, -22.843470663939229 ], [ -43.048006119586034, -22.843524819314212 ], [ -43.048104164574795, -22.843726410444731 ], [ -43.048266245789875, -22.843799331073512 ], [ -43.048437939858331, -22.843948807390802 ], [ -43.048525936721887, -22.84406009579601 ], [ -43.04861910918379, -22.844155857406122 ], [ -43.048766633072944, -22.844324086386678 ], [ -43.048880510626304, -22.844443140437818 ], [ -43.048958155393848, -22.844569959235457 ], [ -43.048981447834819, -22.844678661190471 ], [ -43.04897109573875, -22.844859829616667 ], [ -43.048927097306944, -22.845030646846112 ], [ -43.048844276941111, -22.84521440442046 ], [ -43.048740750584443, -22.845400750243641 ], [ -43.048699341300846, -22.845473217614142 ], [ -43.048632050428068, -22.845579332219643 ], [ -43.048544053564513, -22.845713913965199 ], [ -43.048425000412692, -22.845931316975907 ], [ -43.048194655258385, -22.845874378199198 ], [ -43.047482918301284, -22.845706150117962 ], [ -43.046753065400935, -22.845512040447545 ], [ -43.046434723383072, -22.845439572177725 ], [ -43.045748868015096, -22.845416278837433 ], [ -43.045596169426972, -22.845421455335099 ], [ -43.045143244764176, -22.845398161095488 ], [ -43.044898296418523, -22.845426217245347 ], [ -43.044632974831188, -22.845507730896315 ], [ -43.043534473636328, -22.845851018309077 ], [ -43.043534749728167, -22.84592916399896 ], [ -43.043529164038944, -22.846249416176818 ], [ -43.043527313234165, -22.846814199415007 ], [ -43.043423446933787, -22.84682204420119 ], [ -43.043125824396554, -22.846810090412589 ], [ -43.042830708269832, -22.846810090412589 ], [ -43.042458322392918, -22.846819400194363 ], [ -43.042156663698336, -22.846835180598305 ], [ -43.042067625419861, -22.846861239353927 ], [ -43.042014251555713, -22.846878981179259 ], [ -43.041960256260097, -22.846931114878259 ], [ -43.041908678342111, -22.847084191181693 ], [ -43.041857775814947, -22.847273075791065 ], [ -43.041825879559951, -22.847453950138913 ], [ -43.041818749734773, -22.84763957920245 ], [ -43.041804785062027, -22.847822978846636 ], [ -43.041792681985953, -22.848018481566896 ], [ -43.041786166397742, -22.848193503126879 ], [ -43.041736426694001, -22.848336275897623 ], [ -43.041633487594652, -22.848510962010494 ], [ -43.041559010239382, -22.848586370164071 ], [ -43.041437984874392, -22.848630124879605 ], [ -43.041298484736558, -22.848658896889788 ], [ -43.041234685031952, -22.848668629352971 ], [ -43.041019463776479, -22.848699447320882 ], [ -43.040916304343227, -22.848699447320882 ], [ -43.040669048337179, -22.848704359417866 ], [ -43.040402143943084, -22.848702720853112 ], [ -43.040059915931636, -22.848714183611889 ], [ -43.039756987394298, -22.848720734273684 ], [ -43.039375459908797, -22.848763308179343 ], [ -43.039090542094129, -22.848779682135842 ], [ -43.03838663193676, -22.848776932009059 ], [ -43.037792040669387, -22.848733832899313 ], [ -43.037598821327833, -22.848714183611889 ], [ -43.037449812657997, -22.848668335274681 ], [ -43.037354840652654, -22.848612660944752 ], [ -43.037236944029019, -22.848537339126153 ], [ -43.03690290344548, -22.848304820310432 ], [ -43.036725277448852, -22.848315830710249 ], [ -43.036560179008347, -22.84832297402528 ], [ -43.036419854192161, -22.848370317935064 ], [ -43.036325085433589, -22.848401120614426 ], [ -43.036128386615019, -22.848416167171592 ], [ -43.03600359488928, -22.84841332711261 ], [ -43.035880707927618, -22.848426360087672 ], [ -43.035723067564788, -22.848497027015412 ], [ -43.035601418070257, -22.848562280923773 ], [ -43.035493426579649, -22.848618138715381 ], [ -43.035348958586837, -22.848701084086997 ], [ -43.035197379654619, -22.848791298678691 ], [ -43.035100436335313, -22.848853637884304 ], [ -43.035010005906315, -22.848910679183746 ], [ -43.034849199030589, -22.849027763719562 ], [ -43.034743100612843, -22.849092434867202 ], [ -43.034644387427818, -22.849156237269767 ], [ -43.03449911993772, -22.849243081202474 ], [ -43.034386135411069, -22.849315130388163 ], [ -43.034271513219039, -22.849380627113476 ], [ -43.033986596303635, -22.84955419716772 ], [ -43.033944022397975, -22.849582853165373 ], [ -43.033792381412525, -22.84968931131192 ], [ -43.033608344149059, -22.849795721794351 ], [ -43.033554650126291, -22.849833403388061 ], [ -43.033299684232304, -22.850109294707408 ], [ -43.033241554753204, -22.850168242569566 ], [ -43.032969737362748, -22.850270583619761 ], [ -43.032652096816093, -22.850316806074943 ], [ -43.03252494886658, -22.850297387913372 ], [ -43.032421189585477, -22.850256665711754 ], [ -43.032331948959552, -22.850167424186509 ], [ -43.032229552151364, -22.849906539854146 ], [ -43.032190308435247, -22.849803090839202 ], [ -43.032128085242221, -22.849730224169718 ], [ -43.032085511336561, -22.849695019308911 ], [ -43.031926677573381, -22.84968437493319 ], [ -43.031774395371315, -22.84971385021322 ], [ -43.031649129702828, -22.849765429030526 ], [ -43.031577083215097, -22.849817208396701 ], [ -43.031438717122342, -22.849942275314959 ], [ -43.031327370261181, -22.850050345945931 ], [ -43.031221122556019, -22.850201200923891 ], [ -43.031132513254136, -22.85033198932905 ], [ -43.03111532001526, -22.850751995207645 ], [ -43.031099764441819, -22.851049194164204 ], [ -43.031104956228035, -22.851526172094395 ], [ -43.031102814942244, -22.851724693838776 ], [ -43.03104327172889, -22.851839265668787 ], [ -43.030940112295639, -22.852102895631333 ], [ -43.030953211820531, -22.85228629077892 ], [ -43.031026896873072, -22.852541734212878 ], [ -43.031080675432122, -22.85259927463602 ], [ -43.031059722127736, -22.852689216733211 ], [ -43.031029753119867, -22.852761183181258 ], [ -43.030920782267572, -22.852904159198829 ], [ -43.03072560600117, -22.85309273713932 ], [ -43.030585603142356, -22.853214728376258 ], [ -43.030274679632043, -22.853430026973399 ], [ -43.030151677557114, -22.853515199965727 ], [ -43.029970739357395, -22.853645377731198 ], [ -43.029679656690064, -22.853855469253745 ], [ -43.029437747153565, -22.854026085934322 ], [ -43.029058565099945, -22.85429065838639 ], [ -43.028820427320113, -22.854451005708597 ], [ -43.028498666979146, -22.854686798955811 ], [ -43.028366852447562, -22.854776041380433 ], [ -43.028193333654713, -22.854941637146055 ], [ -43.027895508769973, -22.855150114385481 ], [ -43.02749817569952, -22.855291462630134 ], [ -43.027048062317476, -22.855456061047619 ], [ -43.026393167909646, -22.855689656351785 ], [ -43.026185330987516, -22.855779399698747 ], [ -43.026096978891758, -22.855817761179935 ], [ -43.025185132886861, -22.856213669724298 ], [ -43.02475889020991, -22.855775280803812 ], [ -43.024652754919998, -22.855674463205162 ], [ -43.024511571251253, -22.855602670326221 ], [ -43.024416415784231, -22.855566014858937 ], [ -43.024178287896916, -22.855425106382768 ], [ -43.023956085204418, -22.855332387179146 ], [ -43.023741937739487, -22.855312597597504 ], [ -43.02351680055915, -22.855318795725054 ], [ -43.023321701634472, -22.855351943836354 ], [ -43.022548367412469, -22.855569459262369 ], [ -43.021598974712163, -22.855865064620275 ], [ -43.021510937379105, -22.855891123375898 ], [ -43.020599250554255, -22.856220028830478 ], [ -43.020621160737221, -22.856173372002729 ], [ -43.020621160737221, -22.856142646665035 ], [ -43.020621160737221, -22.85611192312598 ], [ -43.02061746092636, -22.856062735605974 ], [ -43.020599647155279, -22.856030796183518 ], [ -43.020581831585503, -22.855998855861742 ], [ -43.020835004231344, -22.85566948815557 ], [ -43.021320996066379, -22.855018393383375 ], [ -43.021409420107943, -22.85494194111692 ], [ -43.021615724585274, -22.854734498997175 ], [ -43.021734141017077, -22.854522092619732 ], [ -43.021896849059601, -22.85428319041614 ], [ -43.022044327083279, -22.853985774722958 ], [ -43.022132814077395, -22.853752267552352 ], [ -43.021960680240454, -22.853640641901336 ], [ -43.02173039264278, -22.853430030570678 ], [ -43.021566178235787, -22.853266319784041 ], [ -43.021451018249138, -22.853138534215191 ], [ -43.021368384942264, -22.853029622718168 ], [ -43.021284813642524, -22.852877229000171 ], [ -43.021262692118796, -22.852808405682595 ], [ -43.021201242342727, -22.852702712859127 ], [ -43.021171746378286, -22.852646178777377 ], [ -43.02110292306071, -22.852557691783261 ], [ -43.021031641896002, -22.852479037077103 ], [ -43.020945203557574, -22.852410614857206 ], [ -43.020858094324865, -22.852328763061166 ], [ -43.020800044885448, -22.852309833231459 ], [ -43.020732007575361, -22.852317886660387 ], [ -43.020622981864392, -22.852379932686972 ], [ -43.020474980435267, -22.852513952356219 ], [ -43.020336998353059, -22.852665946775232 ], [ -43.020247978960356, -22.852718981594933 ], [ -43.020149960051867, -22.852781017729001 ], [ -43.019983873256422, -22.852806146585635 ], [ -43.01990583638451, -22.852823203127571 ], [ -43.019894872749433, -22.852886159268053 ], [ -43.019854908676336, -22.852976117552998 ], [ -43.019805908215346, -22.853020124078682 ], [ -43.019736882550376, -22.853046164847854 ], [ -43.019668834448396, -22.853037233680595 ], [ -43.019629790381771, -22.853009292643947 ], [ -43.019514643884975, -22.85289949171738 ], [ -43.019437570186994, -22.852862593433144 ], [ -43.019398520724394, -22.85282666012148 ], [ -43.019379477580117, -22.852780715556833 ], [ -43.019352355825845, -22.85262687213168 ], [ -43.019335235432038, -22.852465025639674 ], [ -43.019337160880525, -22.852356116840554 ], [ -43.019300038665108, -22.852211274729768 ], [ -43.019203892145185, -22.852084471220621 ], [ -43.019088744749013, -22.851974669394679 ], [ -43.019020676861999, -22.851937762117245 ], [ -43.018907607799122, -22.851713528755567 ], [ -43.018836057737133, -22.851731695960211 ], [ -43.018748615755271, -22.851722191025544 ], [ -43.018614254343618, -22.851739528155917 ], [ -43.018553574387226, -22.851850052137422 ], [ -43.018527568691582, -22.851988749180634 ], [ -43.018469498567754, -22.852247647809918 ], [ -43.018425714174612, -22.852385332216556 ], [ -43.018399707579704, -22.852463350202697 ], [ -43.018352031820086, -22.85250019003098 ], [ -43.018209000943898, -22.852545701122438 ], [ -43.017853591569292, -22.852560869987371 ], [ -43.017446171702716, -22.852573873284825 ], [ -43.017207788407973, -22.852582540950721 ], [ -43.016800367642134, -22.852591210415255 ], [ -43.016679008628614, -22.852612882277924 ], [ -43.016609661006328, -22.852623717309939 ], [ -43.016540311585402, -22.852634553241273 ], [ -43.016522178554965, -22.852677775558107 ], [ -43.016427622036417, -22.852716904161014 ], [ -43.016301928290602, -22.852768913753607 ], [ -43.016028870735056, -22.852916279362034 ], [ -43.015916180286752, -22.852972624586187 ], [ -43.015941762401667, -22.853003547774733 ], [ -43.016136762400947, -22.853239259183681 ], [ -43.016047757397359, -22.853311277792443 ], [ -43.015791723108805, -22.853497351121064 ], [ -43.015546641663434, -22.853602482767599 ], [ -43.015477641179473, -22.853665491068796 ], [ -43.015379616875066, -22.853718534881693 ], [ -43.015252554361155, -22.853743627765425 ], [ -43.015038381715215, -22.853686870651813 ], [ -43.014980325980503, -22.85365894670224 ], [ -43.014932283297526, -22.853641006126736 ], [ -43.014795221221732, -22.853675102123475 ], [ -43.01473523913927, -22.853756086073759 ], [ -43.014686232382985, -22.853791101177592 ], [ -43.014569164934301, -22.85379919957262 ], [ -43.014462083557589, -22.853779312864219 ], [ -43.014345992772633, -22.85375144197468 ], [ -43.014279885407632, -22.853759149164603 ], [ -43.014228924424572, -22.85375854212225 ], [ -43.014081855592451, -22.853793646259021 ], [ -43.014023825038748, -22.853801690694695 ], [ -43.013906738704293, -22.853782813025646 ], [ -43.013799647435064, -22.853744942574281 ], [ -43.013615498655611, -22.853698149049592 ], [ -43.013469407386538, -22.853696282956321 ], [ -43.013400368231657, -22.853704339083208 ], [ -43.013283331359901, -22.853757399083918 ], [ -43.013165312428498, -22.853836438699886 ], [ -43.013115317317329, -22.853890437592838 ], [ -43.012997304681107, -22.853979468676755 ], [ -43.012967323082762, -22.854033449583255 ], [ -43.012936395397617, -22.854168362279324 ], [ -43.012857375566682, -22.854212395784657 ], [ -43.012762211106406, -22.854057615265958 ], [ -43.012636086585417, -22.853992784038951 ], [ -43.012558063203301, -22.854028824369948 ], [ -43.012421013718097, -22.854080903210331 ], [ -43.01237198807604, -22.854088941350767 ], [ -43.012274908059851, -22.854061053374153 ], [ -43.012177828942924, -22.854033165397482 ], [ -43.012119780402827, -22.854014232869758 ], [ -43.012084730225411, -22.853989433165054 ], [ -43.012044973895684, -22.853955356953406 ], [ -43.012019416961778, -22.853926959960461 ], [ -43.011905828090789, -22.853810531030433 ], [ -43.011843353986876, -22.853677065343504 ], [ -43.011786560000985, -22.853523720142789 ], [ -43.011761002167759, -22.853290863181996 ], [ -43.011681490407739, -22.853165915873547 ], [ -43.011570741595733, -22.853040968565097 ], [ -43.011448633446946, -22.852933058912754 ], [ -43.011332205416238, -22.852836508597193 ], [ -43.011207258107731, -22.852774035392656 ], [ -43.011173180996764, -22.852688844413876 ], [ -43.011164661719022, -22.852555376928308 ], [ -43.011111142164737, -22.852348954639751 ], [ -43.011158974406385, -22.852252611168296 ], [ -43.011141871099767, -22.852117743438328 ], [ -43.011074753796095, -22.852007898444981 ], [ -43.011017662134691, -22.851926018769973 ], [ -43.010894430732662, -22.851699324863205 ], [ -43.01084825324358, -22.851482553176538 ], [ -43.010714637369858, -22.851145447703459 ], [ -43.010681984785037, -22.850996176431636 ], [ -43.010700643019504, -22.850870228177712 ], [ -43.010653996084329, -22.85079092685902 ], [ -43.010612013033267, -22.850734950356923 ], [ -43.010588689115991, -22.850613665987112 ], [ -43.010486064779343, -22.850539031250491 ], [ -43.010412014602082, -22.85043805896845 ], [ -43.010259109169795, -22.850348056616724 ], [ -43.010112883901741, -22.850203167741199 ], [ -43.009982270864384, -22.850114537754962 ], [ -43.009835618418322, -22.850017723038718 ], [ -43.009547202240867, -22.849672279950994 ], [ -43.009480110118261, -22.849599404288313 ], [ -43.009354974851476, -22.849516588419021 ], [ -43.009240575691308, -22.849428818184663 ], [ -43.009077309169754, -22.849354183448042 ], [ -43.008967612564561, -22.849340090172234 ], [ -43.008758759408465, -22.849245466204536 ], [ -43.008580250277589, -22.849164590172904 ], [ -43.008483133389177, -22.849082749168758 ], [ -43.008436029598329, -22.848973885335738 ], [ -43.008417962218459, -22.848891970587204 ], [ -43.00831182063331, -22.848782160667383 ], [ -43.008043421565901, -22.848445691914378 ], [ -43.007900655090452, -22.848241347059741 ], [ -43.007837074820429, -22.848130081137583 ], [ -43.007757599033255, -22.848012001951531 ], [ -43.007830261556592, -22.847927984588068 ], [ -43.007902801772161, -22.847845291925921 ], [ -43.007935891427508, -22.847767370167219 ], [ -43.007898788997181, -22.847650504166666 ], [ -43.007855241125753, -22.847505626982354 ], [ -43.00772126732187, -22.847239950162816 ], [ -43.007481963121393, -22.846824589282619 ], [ -43.007267118681852, -22.84647925231485 ], [ -43.007248952376528, -22.84644973206872 ], [ -43.007183101318333, -22.846349819188049 ], [ -43.007142228030659, -22.846249907206698 ], [ -43.007099083954813, -22.846163619055005 ], [ -43.007101354742986, -22.846020562098488 ], [ -43.007133144878026, -22.845891129870949 ], [ -43.007142228030659, -22.845773051584274 ], [ -43.007183101318333, -22.845675410391095 ], [ -43.007187642894678, -22.845589122239403 ], [ -43.007178821444711, -22.845431055597942 ], [ -43.007209755425151, -22.845305136122363 ], [ -43.007240707391986, -22.845206192710862 ], [ -43.007339682279792, -22.845081210328829 ], [ -43.007467708866955, -22.845002161719606 ], [ -43.007547666690755, -22.844867204956756 ], [ -43.007648576919564, -22.844643306142871 ], [ -43.007658651125098, -22.844614297610974 ], [ -43.007770412573734, -22.844292495001866 ], [ -43.007852267067733, -22.84400466698105 ], [ -43.007954103598252, -22.843671861166683 ], [ -43.007966007024891, -22.843518980016142 ], [ -43.008046903740876, -22.843294099142611 ], [ -43.00813783779023, -22.843115170028284 ], [ -43.008246802347344, -22.842963201689656 ], [ -43.008267753853033, -22.842873259592466 ], [ -43.00829870042395, -22.842765323859851 ], [ -43.008348638877862, -22.84263039407665 ], [ -43.008439560336683, -22.842432481173319 ], [ -43.008563676671599, -22.842132272185836 ], [ -43.008693227609626, -22.841713867100509 ], [ -43.008703209185001, -22.841677888822744 ], [ -43.008733203373879, -22.841641892558528 ], [ -43.008782198438951, -22.84158889371173 ], [ -43.008901425159934, -22.841459832904206 ], [ -43.009072306241194, -22.841331673217383 ], [ -43.009228946557926, -22.841196390899938 ], [ -43.009291590633666, -22.841156585107569 ], [ -43.009464162440395, -22.840910856150344 ], [ -43.009545101424578, -22.840748922424041 ], [ -43.009664078133994, -22.840606935660787 ], [ -43.009764017994314, -22.840427000205125 ], [ -43.009922007294051, -22.840266992826685 ], [ -43.010020976785938, -22.840132018976703 ], [ -43.010129985409776, -22.840042996886041 ], [ -43.010161675720042, -22.839929021306489 ], [ -43.010298906868343, -22.8397750726607 ], [ -43.01038888313974, -22.839658092446257 ], [ -43.010517861209621, -22.839507105267899 ], [ -43.010666813222144, -22.839301146130197 ], [ -43.010561567361719, -22.839039444314153 ], [ -43.01060300992026, -22.83892411705358 ], [ -43.010527391325297, -22.838811691005958 ], [ -43.010367255343851, -22.838630970442182 ], [ -43.01027704165142, -22.838529159092673 ], [ -43.008383342816273, -22.836530657762864 ], [ -43.007900147872817, -22.835999143145159 ], [ -43.006153141953234, -22.834086587325373 ], [ -43.006061305883804, -22.833996858367527 ], [ -43.00517711672984, -22.833066453952938 ], [ -43.004687455660815, -22.832546342738738 ], [ -43.003746174845332, -22.831534063145739 ], [ -43.00286559107343, -22.830598508313756 ], [ -43.00263782157748, -22.830356521435533 ], [ -43.002526525977657, -22.830238275874933 ], [ -43.001845576411483, -22.829472548118815 ], [ -43.001693313994508, -22.829227895650092 ], [ -43.001512007972053, -22.828946300830353 ], [ -43.001311665100559, -22.8286277546664 ], [ -43.001072186431543, -22.828128404301651 ], [ -43.000941906143339, -22.827856749688465 ], [ -43.000724460864433, -22.827403334895223 ], [ -43.000650228124812, -22.827131635315936 ], [ -43.000567879903031, -22.826697081104612 ], [ -43.00047653756144, -22.826281519675604 ], [ -43.000464892240245, -22.826126052074869 ], [ -43.000402820133331, -22.825297430231444 ], [ -43.000431852047598, -22.824599023025712 ], [ -43.000433296358835, -22.824504080697977 ], [ -43.000457089722204, -22.824179338205113 ], [ -43.000519937944034, -22.823900518693222 ], [ -43.000589877320238, -22.823747587180605 ], [ -43.000594972878957, -22.823684763240465 ], [ -43.000731269631672, -22.822729330693278 ], [ -43.000926715694618, -22.821299295325446 ], [ -43.000937358271756, -22.821207446665539 ], [ -43.001053944583134, -22.820495949827432 ], [ -43.00109796639731, -22.820166736804708 ], [ -43.001234139942881, -22.819205490140462 ], [ -43.001250083124091, -22.819055006582516 ], [ -43.001421402175254, -22.817901839197759 ], [ -43.001479287038705, -22.817558355732785 ], [ -43.001559922052024, -22.817073423299064 ], [ -43.001588508801888, -22.816442937390889 ], [ -43.001486191134063, -22.816071347413981 ], [ -43.00144003882599, -22.815890543213243 ], [ -43.001154531056045, -22.815409215262321 ], [ -43.000881270253672, -22.81505303516866 ], [ -43.000680816765566, -22.814855425336816 ], [ -43.005967813263226, -22.817120549572905 ], [ -43.005994713784276, -22.817098384881774 ], [ -43.006338758426239, -22.816849287064201 ], [ -43.006539861224894, -22.816740113864398 ], [ -43.006809878172589, -22.816593079206484 ], [ -43.00725783767831, -22.816346939259063 ], [ -43.007399024045014, -22.816266824953232 ], [ -43.007773092553464, -22.816026693376443 ], [ -43.007919292640509, -22.815887641100971 ], [ -43.008060084204772, -22.815750668957435 ], [ -43.008209000244449, -22.815490755892881 ], [ -43.008310879043108, -22.815220896326537 ], [ -43.008304703398608, -22.814969115831275 ], [ -43.008296605003579, -22.814833239961274 ], [ -43.008279471119977, -22.814652410579527 ], [ -43.008204008107782, -22.814480253360216 ], [ -43.007936847406825, -22.814053233669028 ], [ -43.007725559786024, -22.813825619755789 ], [ -43.00762038137475, -22.813661855009855 ], [ -43.007499070025347, -22.813317259982796 ], [ -43.00733772805296, -22.812963708607469 ], [ -43.00711027511835, -22.812510302807482 ], [ -43.006920895881933, -22.812128802301629 ], [ -43.006892846926633, -22.812082865830803 ], [ -43.006760560250939, -22.811784242348153 ], [ -43.006667285266246, -22.811467597350941 ], [ -43.006639187747567, -22.811349723210412 ], [ -43.006613052549596, -22.811177895142976 ], [ -43.006594942901586, -22.811033034146419 ], [ -43.006533571366504, -22.810545507168627 ], [ -43.006518371025265, -22.810265761355026 ], [ -43.006491254666912, -22.810120910251044 ], [ -43.006384668816679, -22.809361655814996 ], [ -43.006348492688062, -22.809135881914642 ], [ -43.006311375868563, -22.809000032125027 ], [ -43.006145340334456, -22.80763634963705 ], [ -43.00610300474915, -22.807184774856694 ], [ -43.006117773415781, -22.80683306259499 ], [ -43.006216761793382, -22.806725064809143 ], [ -43.006315732184532, -22.80659109010594 ], [ -43.006466324560506, -22.806330364953624 ], [ -43.006555594864096, -22.806170234368039 ], [ -43.006733403423084, -22.805920372126707 ], [ -43.006759349763456, -22.805827249127447 ], [ -43.006775456621313, -22.805766381212777 ], [ -43.006914413568609, -22.805578414811237 ], [ -43.006975324650796, -22.805390521254765 ], [ -43.007037209698751, -22.805165658367685 ], [ -43.0071761801359, -22.804995676608428 ], [ -43.007277040002634, -22.804698840078629 ], [ -43.007374694685666, -22.804431259394335 ], [ -43.007468834818155, -22.80422307443456 ], [ -43.007540738313708, -22.80401618629719 ], [ -43.007712545696677, -22.803576406125444 ], [ -43.007852437039617, -22.803289525090747 ], [ -43.007902412365695, -22.803208550133718 ], [ -43.007952382295855, -22.803118581056879 ], [ -43.008042310003873, -22.802930661420135 ], [ -43.008201287658551, -22.802751671151952 ], [ -43.008378319203359, -22.802636609191381 ], [ -43.008565352108576, -22.80251254501718 ], [ -43.00884943894971, -22.802380401333664 ], [ -43.009025507320587, -22.802319294199322 ], [ -43.009163546060051, -22.802249228918015 ], [ -43.009290577097715, -22.802178175281767 ], [ -43.009408602324413, -22.802107127940815 ], [ -43.009516639680442, -22.802063069254473 ], [ -43.009712678396681, -22.801938996986337 ], [ -43.009958716720689, -22.801770918192574 ], [ -43.010106736136208, -22.801663876385987 ], [ -43.010295775428972, -22.801513417109732 ], [ -43.010402941341965, -22.801420115145447 ], [ -43.010500751607651, -22.80132580863841 ], [ -43.010639758917023, -22.801209781705268 ], [ -43.010862432854253, -22.800985728207991 ], [ -43.011073732166267, -22.800772764250894 ], [ -43.011222715655094, -22.800612764966331 ], [ -43.011360710327779, -22.800478755189602 ], [ -43.0114106739627, -22.800379794691025 ], [ -43.011500639442204, -22.80024582718238 ], [ -43.011502516327312, -22.800064980713501 ], [ -43.011575377600877, -22.799795146328165 ], [ -43.011613105959327, -22.799411914627399 ], [ -43.011661976018672, -22.799128638075388 ], [ -43.011735751902677, -22.798732911194122 ], [ -43.011789544850899, -22.798381162060195 ], [ -43.01180142939171, -22.798201305744897 ], [ -43.01177432562389, -22.798074439283198 ], [ -43.01165916743588, -22.797946652815028 ], [ -43.011544970623163, -22.797764912420007 ], [ -43.011381738275873, -22.797574222871333 ], [ -43.011074333812701, -22.797263767008474 ], [ -43.01096914371027, -22.797082017620255 ], [ -43.010950113156468, -22.797055057743933 ], [ -43.010729807134169, -22.796808468135509 ], [ -43.010576562657491, -22.796590794428823 ], [ -43.010433311447457, -22.796354126141239 ], [ -43.010262980751236, -22.796027559823244 ], [ -43.01005360239111, -22.795664060147487 ], [ -43.009968406016412, -22.79545531670874 ], [ -43.009924174660227, -22.795157612333185 ], [ -43.009927021913825, -22.794931803359248 ], [ -43.00995891906814, -22.794751928158178 ], [ -43.009978889413503, -22.794688963024441 ], [ -43.010058872418313, -22.794590974692937 ], [ -43.01003982207942, -22.79453603870644 ], [ -43.010120743077096, -22.794347127117476 ], [ -43.010327739133118, -22.794151108186327 ], [ -43.010721790577463, -22.793866995264864 ], [ -43.011065867594994, -22.793663857300373 ], [ -43.011429907763329, -22.79338876188109 ], [ -43.011754940737205, -22.793139681150592 ], [ -43.012187981389502, -22.792801579228751 ], [ -43.01240500038972, -22.792632527368482 ], [ -43.012602008575129, -22.792463492595346 ], [ -43.012818052710259, -22.792330410918964 ], [ -43.013084079366024, -22.792126344854182 ], [ -43.013389118612224, -22.791904259073533 ], [ -43.013685152047401, -22.791682182286138 ], [ -43.01395019664352, -22.791505093184753 ], [ -43.014176234944557, -22.791354016973514 ], [ -43.014333279056871, -22.791274943183282 ], [ -43.014480334399195, -22.791221856202924 ], [ -43.014578353307627, -22.791159819169536 ], [ -43.014599336289621, -22.791115837824862 ], [ -43.014618740961396, -22.791065911062162 ], [ -43.014635622135529, -22.791022472908026 ], [ -43.014657183381587, -22.79096699463031 ], [ -43.014669257679373, -22.790935929348905 ], [ -43.014713055562311, -22.790602174749779 ], [ -43.014756868733798, -22.790287404839091 ], [ -43.014742570412579, -22.789862780941803 ], [ -43.014757357065662, -22.789538045643496 ], [ -43.014705948220183, -22.788987564323861 ], [ -43.014747840439725, -22.78878969638663 ], [ -43.014856828379209, -22.788673696433193 ], [ -43.015082872975483, -22.788531613442444 ], [ -43.015297946742123, -22.788443494271064 ], [ -43.01549498640378, -22.788319421103608 ], [ -43.015731036857119, -22.78817832916576 ], [ -43.015917099393903, -22.788099228395879 ], [ -43.016251161561115, -22.787886107956751 ], [ -43.016556214297111, -22.787683005065844 ], [ -43.016734200921917, -22.787500001123362 ], [ -43.016803192412681, -22.787424003014564 ], [ -43.016921198753607, -22.787325981408117 ], [ -43.016954084262863, -22.787128119766123 ], [ -43.016897887426808, -22.786892373283649 ], [ -43.016815570681331, -22.786503779824784 ], [ -43.01678134518221, -22.786205067309254 ], [ -43.016763240930118, -22.786070198679965 ], [ -43.016731845597462, -22.785519699373879 ], [ -43.016767540588773, -22.785041075684319 ], [ -43.016746157408534, -22.784499558806829 ], [ -43.016696688400714, -22.783859151577815 ], [ -43.016667183443019, -22.783145790445076 ], [ -43.01665962194329, -22.78233349219613 ], [ -43.016640085970437, -22.781566167244023 ], [ -43.016606330816785, -22.780493115064417 ], [ -43.016603594179799, -22.780384993172106 ], [ -43.016593990319677, -22.780005544019843 ], [ -43.016499789033332, -22.778335059614562 ], [ -43.01646554644708, -22.778010369282356 ], [ -43.0163603743311, -22.777855595958215 ], [ -43.016168147841029, -22.777699904426299 ], [ -43.015925926239788, -22.777598209988639 ], [ -43.01588134055072, -22.777581418746706 ], [ -43.015256335111019, -22.777346031993034 ], [ -43.014433585840607, -22.77700307103413 ], [ -43.013658842380948, -22.776624096723936 ], [ -43.012817062556678, -22.77625417588871 ], [ -43.012787036891496, -22.776244212299787 ], [ -43.011587864687499, -22.775625826769726 ], [ -43.010707047091842, -22.775236958118342 ], [ -43.009311775017693, -22.774652720745678 ], [ -43.008400932656173, -22.774253887606051 ], [ -43.007839404064498, -22.773994617556809 ], [ -43.007180801751872, -22.77371645275133 ], [ -43.006552206218601, -22.773420276323918 ], [ -43.005952617418643, -22.773107087421351 ], [ -43.005332044737315, -22.772837878964197 ], [ -43.004799578636892, -22.772642529128632 ], [ -43.004121926884693, -22.772309427437335 ], [ -43.00357942884682, -22.772078117310514 ], [ -43.003007900693319, -22.771827847676263 ], [ -43.002534440011686, -22.77158748317504 ], [ -43.002195132998281, -22.771448909338915 ], [ -43.001294315379596, -22.771077043270168 ], [ -43.000374449220715, -22.770651241261021 ], [ -42.998467661652512, -22.769781711056339 ], [ -42.996598897420427, -22.768911149329313 ], [ -42.994827244680891, -22.768115434578874 ], [ -42.994275703959829, -22.767829178572981 ], [ -42.994045385785171, -22.767573605636642 ], [ -42.993731810174154, -22.767019365150816 ], [ -42.99299757487745, -22.765883003397107 ], [ -42.992626877927364, -22.76520291987805 ], [ -42.992285222784062, -22.764557782215093 ], [ -42.99210392935214, -22.764294172037637 ], [ -42.992085869166772, -22.764222249656314 ], [ -42.992077783362276, -22.764104358428597 ], [ -42.991920264407952, -22.76348902699624 ], [ -42.991984070407796, -22.763147262135647 ], [ -42.99201497920717, -22.7629853733755 ], [ -42.992352847305312, -22.76248349681515 ], [ -42.992729797241623, -22.762064515264399 ], [ -42.993023396212038, -22.761209980355545 ], [ -42.993043916043177, -22.760488579283731 ], [ -42.992936392200022, -22.7598202481052 ], [ -42.992778873245697, -22.759204917572106 ], [ -42.992738464907518, -22.758644433992686 ], [ -42.993075364435811, -22.758188519084115 ], [ -42.993517464858371, -22.757932338206047 ], [ -42.99428695178068, -22.757940635351247 ], [ -42.994844237370899, -22.757848210225973 ], [ -42.995619445780051, -22.757442855202839 ], [ -42.996180486039862, -22.75698873534111 ], [ -42.996837692604686, -22.75668939599808 ], [ -42.997621942797707, -22.756337986807864 ], [ -42.998066879682028, -22.755838012313632 ], [ -42.99814406219798, -22.755459109949186 ], [ -42.998022724768191, -22.755215532170325 ], [ -42.997438992814523, -22.75513664993565 ], [ -42.996665941878973, -22.755105097221701 ], [ -42.995971773178042, -22.754821119198539 ], [ -42.995223103762498, -22.754379836259659 ], [ -42.994472999928291, -22.753606323971894 ], [ -42.993841937554635, -22.752864825750351 ], [ -42.993400194162916, -22.752060221201475 ], [ -42.993053110711742, -22.75098741633542 ], [ -42.992800685402585, -22.750151258173275 ], [ -42.992753355881916, -22.749409759951675 ], [ -42.992942674863798, -22.748826027998007 ], [ -42.993262704909171, -22.748275837159383 ], [ -42.993489707283459, -22.74807080612203 ], [ -42.994048851772334, -22.747770557564422 ], [ -42.994925406581501, -22.7477807549771 ], [ -42.995590692655583, -22.747590316339256 ], [ -42.995925696413053, -22.747287271789389 ], [ -42.996065141692213, -22.747081321644885 ], [ -42.996204587870693, -22.746875372399757 ], [ -42.99594000102951, -22.746259138947323 ], [ -42.995509376855523, -22.74573997292066 ], [ -42.994793678384838, -22.745370937018379 ], [ -42.993692052945164, -22.745465854165047 ], [ -42.992486073772568, -22.745765440821685 ], [ -42.992303419666371, -22.745810816115522 ], [ -42.991579764893515, -22.745680593383895 ] ] ] ] } }
]
}
