{
"type": "FeatureCollection",
"name": "bairros",
"crs": { "type": "name", "properties": { "name": "urn:ogc:def:crs:EPSG::4674" } },
"features": [
{ "type": "Feature", "properties": { "id": 0, "cod_bairro": "3304904001", "nm_bairro": "Pedro de Alcântara", "area_km2": 1.0958223635168964, "cod_munic": "3304904", "nm_munic": "São Gonçalo", "cod_uf": "33", "sig_uf": "RJ" }, "geometry": { "type": "Polygon", "coordinates": [ [ [ -43.0116517, -22.8245983 ], [ -43.0113616, -22.8243135 ], [ -43.0107029, -22.8233367 ], [ -43.0107539, -22.8233002 ], [ -43.0115266, -22.8227474 ], [ -43.0115283, -22.822743 ], [ -43.0118681, -22.8227426 ], [ -43.0123147, -22.8216142 ], [ -43.0121316, -22.821265 ], [ -43.0121396, -22.8212424 ], [ -43.0121443, -22.8212292 ], [ -43.0121729, -22.8212227 ], [ -43.0124576, -22.8211623 ], [ -43.0127127, -22.8202499 ], [ -43.0125619, -22.8201085 ], [ -43.0125213, -22.8200468 ], [ -43.0126621, -22.8200675 ], [ -43.0126916, -22.8200479 ], [ -43.0130148, -22.8199434 ], [ -43.0137063, -22.818673 ], [ -43.0135619, -22.8185268 ], [ -43.0135732, -22.8184711 ], [ -43.013634, -22.8184827 ], [ -43.0136436, -22.8184336 ], [ -43.0140078, -22.8181849 ], [ -43.0138575, -22.8171686 ], [ -43.0137334, -22.8165681 ], [ -43.0133201, -22.8164258 ], [ -43.0132357, -22.8163878 ], [ -43.0120474, -22.8166112 ], [ -43.0110518, -22.8168029 ], [ -43.0103655, -22.816961 ], [ -43.0102675, -22.8170884 ], [ -43.0097994, -22.817131 ], [ -43.0075875, -22.8174421 ], [ -43.0052175, -22.8179408 ], [ -43.0049608, -22.8179852 ], [ -43.0050332, -22.8178553 ], [ -43.0051608, -22.8176757 ], [ -43.0052901, -22.8175456 ], [ -43.0055258, -22.8172984 ], [ -43.0058068, -22.81712 ], [ -43.0060165, -22.8171307 ], [ -43.0056752, -22.8169844 ], [ -43.0056505, -22.8169737 ], [ -43.0013215, -22.8151174 ], [ -43.0007258, -22.8148619 ], [ -43.0009299, -22.8150632 ], [ -43.0012032, -22.8154194 ], [ -43.0012873, -22.8155425 ], [ -43.0014887, -22.8159007 ], [ -43.0015584, -22.816167 ], [ -43.0016372, -22.8164531 ], [ -43.0016086, -22.8170836 ], [ -43.001528, -22.8175685 ], [ -43.0014701, -22.817912 ], [ -43.0012987, -22.8190651 ], [ -43.0012943, -22.8191076 ], [ -43.0012828, -22.8192156 ], [ -43.0011466, -22.8201769 ], [ -43.0011026, -22.8205061 ], [ -43.000986, -22.8212176 ], [ -43.0009754, -22.8213094 ], [ -43.0007799, -22.8227395 ], [ -43.0006436, -22.8236949 ], [ -43.0006385, -22.8237577 ], [ -43.0005686, -22.8239107 ], [ -43.0005058, -22.8241895 ], [ -43.000482, -22.8245142 ], [ -43.0004805, -22.8246092 ], [ -43.00054, -22.8246081 ], [ -43.0006071, -22.8246085 ], [ -43.0007844, -22.8245679 ], [ -43.0012993, -22.8245804 ], [ -43.0014761, -22.824583 ], [ -43.0016946, -22.8246156 ], [ -43.0024023, -22.8247221 ], [ -43.0048529, -22.8250421 ], [ -43.0062584, -22.8252435 ], [ -43.0083731, -22.8255425 ], [ -43.0092406, -22.825654 ], [ -43.0101033, -22.8258319 ], [ -43.0102935, -22.8258667 ], [ -43.0102822, -22.8256869 ], [ -43.0116078, -22.8246332 ], [ -43.0116121, -22.8246298 ], [ -43.0116517, -22.8245983 ] ] ] } },
{ "type": "Feature", "properties": { "id": 1, "cod_bairro": "3304904002", "nm_bairro": "Antonina", "area_km2": 0.63018287311802934, "cod_munic": "3304904", "nm_munic": "São Gonçalo", "cod_uf": "33", "sig_uf": "RJ" }, "geometry": { "type": "Polygon", "coordinates": [ [ [ -43.0303788, -22.8160914 ], [ -43.0307245, -22.8163173 ], [ -43.0308156, -22.8163803 ], [ -43.0310126, -22.816403 ], [ -43.0311702, -22.816381 ], [ -43.0331729, -22.8152035 ], [ -43.0329798, -22.8149037 ], [ -43.0329621, -22.8148837 ], [ -43.0329722, -22.8148477 ], [ -43.0330812, -22.8146727 ], [ -43.0329557, -22.81447 ], [ -43.0327518, -22.8144698 ], [ -43.03274, -22.8144408 ], [ -43.0327234, -22.8144201 ], [ -43.0327799, -22.8142562 ], [ -43.0326055, -22.8138957 ], [ -43.0330132, -22.8137013 ], [ -43.0329313, -22.8135102 ], [ -43.0325375, -22.812327 ], [ -43.03252, -22.8123047 ], [ -43.0327851, -22.8116956 ], [ -43.0328128, -22.8116926 ], [ -43.0330597, -22.8116076 ], [ -43.0327747, -22.8107896 ], [ -43.0329532, -22.8104193 ], [ -43.0329653, -22.8098749 ], [ -43.0327065, -22.809694 ], [ -43.0326877, -22.8096761 ], [ -43.0326517, -22.8096818 ], [ -43.0324551, -22.809566 ], [ -43.031962, -22.8101725 ], [ -43.0312334, -22.8105782 ], [ -43.0311986, -22.8107643 ], [ -43.0311738, -22.810777 ], [ -43.0311486, -22.8107905 ], [ -43.030941, -22.8107179 ], [ -43.0307011, -22.8108575 ], [ -43.0307111, -22.8109868 ], [ -43.0306881, -22.8110031 ], [ -43.0306658, -22.8110189 ], [ -43.0304651, -22.8110094 ], [ -43.0300178, -22.8113028 ], [ -43.0300465, -22.8114211 ], [ -43.0299851, -22.8114605 ], [ -43.029753, -22.8114174 ], [ -43.0292198, -22.8117967 ], [ -43.0292196, -22.8119628 ], [ -43.0292281, -22.812012 ], [ -43.0291703, -22.812001 ], [ -43.028909, -22.8119562 ], [ -43.0287911, -22.8120331 ], [ -43.0280425, -22.8111922 ], [ -43.0276086, -22.8112463 ], [ -43.0275627, -22.8112723 ], [ -43.0275623, -22.8112211 ], [ -43.0276285, -22.8107889 ], [ -43.0262993, -22.8094152 ], [ -43.0260422, -22.809253 ], [ -43.0260394, -22.8092593 ], [ -43.0257094, -22.8094641 ], [ -43.025657, -22.809534 ], [ -43.0257572, -22.8097531 ], [ -43.0255939, -22.8100352 ], [ -43.0253627, -22.8100024 ], [ -43.0253187, -22.81006 ], [ -43.0253694, -22.8102294 ], [ -43.0253035, -22.8103984 ], [ -43.0251746, -22.8103439 ], [ -43.0251505, -22.8103926 ], [ -43.0251745, -22.8105932 ], [ -43.0250685, -22.8108334 ], [ -43.0251446, -22.8116688 ], [ -43.0257212, -22.8116184 ], [ -43.0257402, -22.8117868 ], [ -43.0257399, -22.811822 ], [ -43.0257235, -22.8118555 ], [ -43.0255131, -22.8120753 ], [ -43.0258196, -22.813012 ], [ -43.0262588, -22.8131154 ], [ -43.0262771, -22.8131188 ], [ -43.0262843, -22.8131295 ], [ -43.0263027, -22.8131473 ], [ -43.0262945, -22.8131597 ], [ -43.0262695, -22.813337 ], [ -43.0258792, -22.8137265 ], [ -43.0260246, -22.8140241 ], [ -43.0259977, -22.8140546 ], [ -43.0257017, -22.8140695 ], [ -43.0255767, -22.8142598 ], [ -43.0256217, -22.8145297 ], [ -43.0255913, -22.8145697 ], [ -43.0254101, -22.8145931 ], [ -43.0252436, -22.8147415 ], [ -43.0251403, -22.8151362 ], [ -43.0250927, -22.8151997 ], [ -43.0249799, -22.8151741 ], [ -43.0249387, -22.8152315 ], [ -43.0250261, -22.8152952 ], [ -43.0250304, -22.8153229 ], [ -43.0250319, -22.8153275 ], [ -43.0250155, -22.8153471 ], [ -43.0249789, -22.8153909 ], [ -43.0247767, -22.8156326 ], [ -43.0247782, -22.8156965 ], [ -43.0248024, -22.8157476 ], [ -43.0249122, -22.8159017 ], [ -43.0246517, -22.8166292 ], [ -43.0241117, -22.8168172 ], [ -43.0239198, -22.8176982 ], [ -43.0237807, -22.8178253 ], [ -43.0237887, -22.8178238 ], [ -43.0238355, -22.8178493 ], [ -43.0241671, -22.8180534 ], [ -43.0242237, -22.8183573 ], [ -43.0242316, -22.8184043 ], [ -43.0242027, -22.8184465 ], [ -43.0241977, -22.8184781 ], [ -43.0243671, -22.8185828 ], [ -43.026191, -22.8191731 ], [ -43.0262193, -22.8193915 ], [ -43.0262913, -22.8193307 ], [ -43.0263181, -22.8193312 ], [ -43.0266601, -22.8192811 ], [ -43.0273243, -22.819638 ], [ -43.0275215, -22.8191864 ], [ -43.0275736, -22.8193079 ], [ -43.0277858, -22.8193488 ], [ -43.0278019, -22.8196456 ], [ -43.0280367, -22.8198002 ], [ -43.0282533, -22.819803 ], [ -43.02827, -22.8198037 ], [ -43.0282577, -22.8197667 ], [ -43.0281344, -22.81939 ], [ -43.0286386, -22.818877 ], [ -43.0289029, -22.8189086 ], [ -43.0287931, -22.8187032 ], [ -43.0286069, -22.8185946 ], [ -43.0289062, -22.8181577 ], [ -43.0292453, -22.8177978 ], [ -43.0291122, -22.8175226 ], [ -43.029095, -22.8174737 ], [ -43.0291219, -22.8174546 ], [ -43.0291364, -22.8174321 ], [ -43.0294215, -22.8169884 ], [ -43.0294344, -22.8169681 ], [ -43.0294479, -22.8169473 ], [ -43.0295048, -22.8168659 ], [ -43.0296335, -22.8166266 ], [ -43.0296375, -22.8166176 ], [ -43.029638, -22.8166135 ], [ -43.0296918, -22.816602 ], [ -43.0300126, -22.8164182 ], [ -43.0302968, -22.8161107 ], [ -43.0303788, -22.8160914 ] ] ] } },
{ "type": "Feature", "properties": { "id": 2, "cod_bairro": "3304904003", "nm_bairro": "Boaçu", "area_km2": 2.9798398156277361, "cod_munic": "3304904", "nm_munic": "São Gonçalo", "cod_uf": "33", "sig_uf": "RJ" }, "geometry": { "type": "Polygon", "coordinates": [ [ [ -43.0523942, -22.8204268 ], [ -43.0530446, -22.819921 ], [ -43.0531685, -22.8198023 ], [ -43.0537776, -22.8194203 ], [ -43.0540764, -22.81964 ], [ -43.0540557, -22.8190474 ], [ -43.0540966, -22.8188765 ], [ -43.0542025, -22.8187097 ], [ -43.0542166, -22.8186875 ], [ -43.0543455, -22.8184996 ], [ -43.0545945, -22.8181417 ], [ -43.0547853, -22.8177468 ], [ -43.0548117, -22.8175535 ], [ -43.0548172, -22.817522 ], [ -43.054821, -22.8172243 ], [ -43.0548919, -22.8170443 ], [ -43.0549125, -22.8169966 ], [ -43.0549418, -22.8169284 ], [ -43.0549507, -22.8167597 ], [ -43.0549464, -22.8166296 ], [ -43.0549676, -22.8164768 ], [ -43.0549995, -22.8163059 ], [ -43.0550804, -22.816081 ], [ -43.0551213, -22.8159551 ], [ -43.0551579, -22.8157921 ], [ -43.0550727, -22.8156104 ], [ -43.0549897, -22.8155073 ], [ -43.0549269, -22.8154108 ], [ -43.0548485, -22.8152135 ], [ -43.0548058, -22.8150274 ], [ -43.0548382, -22.8149394 ], [ -43.0548512, -22.814904 ], [ -43.0548934, -22.8147893 ], [ -43.0549633, -22.8146453 ], [ -43.0549878, -22.8146278 ], [ -43.0550123, -22.8146103 ], [ -43.0550813, -22.8145743 ], [ -43.0551784, -22.8145852 ], [ -43.0552174, -22.8145762 ], [ -43.0552574, -22.8145591 ], [ -43.0553354, -22.8145231 ], [ -43.0555505, -22.814454 ], [ -43.0558846, -22.8143038 ], [ -43.0561197, -22.8141897 ], [ -43.0561507, -22.8140817 ], [ -43.0561625, -22.8138829 ], [ -43.0562444, -22.813641 ], [ -43.0563653, -22.8132992 ], [ -43.0564861, -22.8130293 ], [ -43.0565561, -22.8128684 ], [ -43.056627, -22.8126885 ], [ -43.0566689, -22.8125176 ], [ -43.0566889, -22.8124816 ], [ -43.0567389, -22.8123647 ], [ -43.0568398, -22.8121318 ], [ -43.0569197, -22.8119429 ], [ -43.0570096, -22.8117639 ], [ -43.0570905, -22.811584 ], [ -43.0571914, -22.8113501 ], [ -43.0573532, -22.8108924 ], [ -43.057544, -22.8104436 ], [ -43.0576349, -22.8102097 ], [ -43.0577768, -22.8098689 ], [ -43.0577896, -22.8096251 ], [ -43.0577816, -22.8095172 ], [ -43.0577593, -22.8094652 ], [ -43.0577154, -22.8093624 ], [ -43.0576902, -22.8090377 ], [ -43.0576636, -22.8086379 ], [ -43.0576578, -22.8085501 ], [ -43.0576255, -22.8080895 ], [ -43.0576112, -22.8076919 ], [ -43.057595, -22.8074581 ], [ -43.0575808, -22.8073371 ], [ -43.0575794, -22.8073135 ], [ -43.0575617, -22.8069975 ], [ -43.0575627, -22.8069516 ], [ -43.0575465, -22.8066988 ], [ -43.0575013, -22.806464 ], [ -43.0574641, -22.8062652 ], [ -43.0574397, -22.8060613 ], [ -43.0574353, -22.8060241 ], [ -43.0574209, -22.8059036 ], [ -43.0573205, -22.8054151 ], [ -43.0572543, -22.8052073 ], [ -43.05725, -22.8048556 ], [ -43.0573147, -22.804369 ], [ -43.0573133, -22.8037286 ], [ -43.0573961, -22.8033868 ], [ -43.0576231, -22.8032087 ], [ -43.0577887, -22.8031496 ], [ -43.0578672, -22.8031216 ], [ -43.0579389, -22.8030996 ], [ -43.0581804, -22.8030254 ], [ -43.0592597, -22.8025318 ], [ -43.0608282, -22.80181 ], [ -43.0628298, -22.80084 ], [ -43.0630603, -22.8007254 ], [ -43.0632909, -22.8006108 ], [ -43.0636688, -22.8000559 ], [ -43.0646129, -22.7993717 ], [ -43.0660468, -22.7987793 ], [ -43.0653979, -22.7981501 ], [ -43.0649307, -22.7978796 ], [ -43.0639962, -22.7974861 ], [ -43.0637256, -22.7972648 ], [ -43.0634797, -22.7970188 ], [ -43.0632584, -22.7965024 ], [ -43.0629387, -22.7964778 ], [ -43.0624273, -22.7967077 ], [ -43.0621903, -22.7966584 ], [ -43.0619796, -22.7965516 ], [ -43.061291, -22.7963548 ], [ -43.0596017, -22.7962964 ], [ -43.0590623, -22.7963711 ], [ -43.0582214, -22.7965398 ], [ -43.0572423, -22.796598 ], [ -43.0562305, -22.7965317 ], [ -43.0559512, -22.7966713 ], [ -43.0557458, -22.7966686 ], [ -43.0555486, -22.79665 ], [ -43.0553845, -22.7963689 ], [ -43.0554298, -22.7963257 ], [ -43.0549539, -22.7964033 ], [ -43.0532601, -22.7978595 ], [ -43.0532397, -22.7981754 ], [ -43.0532424, -22.7982019 ], [ -43.0532118, -22.7981995 ], [ -43.052816, -22.798252 ], [ -43.0515973, -22.7993261 ], [ -43.0516599, -22.7995646 ], [ -43.0517031, -22.7995586 ], [ -43.0514812, -22.7997327 ], [ -43.0514512, -22.7997419 ], [ -43.0512674, -22.7999161 ], [ -43.0512133, -22.7999175 ], [ -43.0509684, -22.7998758 ], [ -43.0506876, -22.80003 ], [ -43.0494125, -22.8010977 ], [ -43.0482182, -22.8021725 ], [ -43.0481786, -22.8025777 ], [ -43.0481671, -22.8026345 ], [ -43.0481022, -22.8026114 ], [ -43.0478598, -22.8025107 ], [ -43.0463254, -22.8037584 ], [ -43.0463303, -22.8037637 ], [ -43.0465098, -22.8039561 ], [ -43.0465271, -22.8039793 ], [ -43.0464447, -22.8041675 ], [ -43.0462404, -22.8046429 ], [ -43.0460661, -22.805063 ], [ -43.0458733, -22.8053233 ], [ -43.0452106, -22.8058234 ], [ -43.0455781, -22.806164 ], [ -43.045612, -22.8061848 ], [ -43.0455968, -22.8062135 ], [ -43.0456472, -22.8066843 ], [ -43.0453527, -22.8067739 ], [ -43.0455941, -22.8073295 ], [ -43.0456452, -22.808296 ], [ -43.0463784, -22.8082832 ], [ -43.0465584, -22.8084632 ], [ -43.0465713, -22.8087076 ], [ -43.0465102, -22.8113368 ], [ -43.0461638, -22.8118567 ], [ -43.0461636, -22.8118739 ], [ -43.0461633, -22.8119021 ], [ -43.0463974, -22.8121941 ], [ -43.046233, -22.8130424 ], [ -43.0460347, -22.8132104 ], [ -43.0457721, -22.8132865 ], [ -43.0454394, -22.8133283 ], [ -43.0454083, -22.81329 ], [ -43.0453091, -22.8130868 ], [ -43.045172, -22.8128903 ], [ -43.0449732, -22.8129246 ], [ -43.0449609, -22.8129049 ], [ -43.0449486, -22.8128853 ], [ -43.0450568, -22.8127269 ], [ -43.0449797, -22.8125613 ], [ -43.0447094, -22.81251 ], [ -43.044672, -22.8125028 ], [ -43.0446652, -22.812538 ], [ -43.044593, -22.8128316 ], [ -43.0438027, -22.8132424 ], [ -43.0429548, -22.8137133 ], [ -43.0427367, -22.8137527 ], [ -43.042713, -22.8137265 ], [ -43.0427066, -22.8137643 ], [ -43.0425766, -22.8140264 ], [ -43.0427497, -22.8143147 ], [ -43.043057, -22.8142599 ], [ -43.0430808, -22.8142741 ], [ -43.0431042, -22.8142887 ], [ -43.0430856, -22.8145032 ], [ -43.0434273, -22.8147153 ], [ -43.0436919, -22.8146244 ], [ -43.0437264, -22.8146245 ], [ -43.0437364, -22.8146532 ], [ -43.0437911, -22.8150101 ], [ -43.0449166, -22.8156569 ], [ -43.0449424, -22.8159902 ], [ -43.0449738, -22.8160069 ], [ -43.045005, -22.8160236 ], [ -43.0455775, -22.8159929 ], [ -43.0456525, -22.8160723 ], [ -43.0456071, -22.8163733 ], [ -43.0456398, -22.8163889 ], [ -43.0456683, -22.8164095 ], [ -43.0458952, -22.8164098 ], [ -43.0462474, -22.8166065 ], [ -43.0462376, -22.8167384 ], [ -43.0462475, -22.8167779 ], [ -43.0463065, -22.8167665 ], [ -43.0464908, -22.8170112 ], [ -43.0452655, -22.8178599 ], [ -43.046291, -22.8188265 ], [ -43.0464281, -22.8189558 ], [ -43.0467609, -22.8188537 ], [ -43.0468001, -22.8188779 ], [ -43.046829, -22.8188958 ], [ -43.0468801, -22.8194175 ], [ -43.0475254, -22.8199372 ], [ -43.0480418, -22.8199492 ], [ -43.0479535, -22.8197815 ], [ -43.0480085, -22.8197693 ], [ -43.0482033, -22.8198911 ], [ -43.0484245, -22.8198449 ], [ -43.0485014, -22.8196957 ], [ -43.0485555, -22.8196858 ], [ -43.0486365, -22.8198283 ], [ -43.0488945, -22.819802 ], [ -43.048978, -22.8196316 ], [ -43.0489815, -22.8196267 ], [ -43.0490099, -22.8195877 ], [ -43.0490298, -22.8196188 ], [ -43.0492903, -22.8198518 ], [ -43.0493521, -22.8209548 ], [ -43.0498526, -22.8218522 ], [ -43.0501038, -22.8217023 ], [ -43.0503159, -22.821829 ], [ -43.0503583, -22.82184 ], [ -43.0503759, -22.8217869 ], [ -43.0504026, -22.8214219 ], [ -43.0512074, -22.8209485 ], [ -43.0513978, -22.8208365 ], [ -43.0514183, -22.8208244 ], [ -43.0520066, -22.8204843 ], [ -43.0522355, -22.8205908 ], [ -43.0523205, -22.8206565 ], [ -43.0523335, -22.8205881 ], [ -43.0523942, -22.8204268 ] ] ] } },
{ "type": "Feature", "properties": { "id": 3, "cod_bairro": "3304904004", "nm_bairro": "Brasilândia", "area_km2": 0.14912234341158462, "cod_munic": "3304904", "nm_munic": "São Gonçalo", "cod_uf": "33", "sig_uf": "RJ" }, "geometry": { "type": "Polygon", "coordinates": [ [ [ -43.0515174, -22.8260647 ], [ -43.0518145, -22.8262484 ], [ -43.0522451, -22.8264814 ], [ -43.0530652, -22.8268579 ], [ -43.0535805, -22.8270482 ], [ -43.0539484, -22.8271331 ], [ -43.0542357, -22.8271687 ], [ -43.054519, -22.8271264 ], [ -43.0548754, -22.8270732 ], [ -43.0548979, -22.8270805 ], [ -43.0548419, -22.8269717 ], [ -43.054838, -22.8268682 ], [ -43.0548618, -22.826741 ], [ -43.0549056, -22.8267012 ], [ -43.0549533, -22.8266534 ], [ -43.0550433, -22.8265698 ], [ -43.0551122, -22.826505 ], [ -43.0551865, -22.8264119 ], [ -43.0552199, -22.8263757 ], [ -43.0552925, -22.8262971 ], [ -43.0553769, -22.8261783 ], [ -43.0554484, -22.8260838 ], [ -43.0555375, -22.8259285 ], [ -43.055655, -22.825734 ], [ -43.0558102, -22.8254903 ], [ -43.0560534, -22.825133 ], [ -43.0560849, -22.8250867 ], [ -43.0561201, -22.8249884 ], [ -43.0563371, -22.8247295 ], [ -43.056426, -22.8245674 ], [ -43.0564692, -22.8244257 ], [ -43.0564719, -22.8243068 ], [ -43.0564518, -22.8241898 ], [ -43.0563576, -22.8239901 ], [ -43.0562814, -22.8238093 ], [ -43.0561853, -22.8237085 ], [ -43.055955, -22.8234709 ], [ -43.0556874, -22.8232509 ], [ -43.0556024, -22.8231996 ], [ -43.0553026, -22.8231645 ], [ -43.0550433, -22.8232536 ], [ -43.0547919, -22.8230163 ], [ -43.0546277, -22.8229056 ], [ -43.054563, -22.8228209 ], [ -43.0545232, -22.8228285 ], [ -43.0545313, -22.8228668 ], [ -43.0545251, -22.8229026 ], [ -43.0545534, -22.8231083 ], [ -43.0543602, -22.8233618 ], [ -43.0523011, -22.8246212 ], [ -43.0519769, -22.8242665 ], [ -43.0517929, -22.8242601 ], [ -43.0517708, -22.8242746 ], [ -43.0517473, -22.8243001 ], [ -43.0517631, -22.8244303 ], [ -43.0516813, -22.8245493 ], [ -43.0518412, -22.8247278 ], [ -43.0514283, -22.8251519 ], [ -43.0515683, -22.8256351 ], [ -43.0515076, -22.8259905 ], [ -43.0515009, -22.8260371 ], [ -43.051505, -22.826044 ], [ -43.0515174, -22.8260647 ] ] ] } },
{ "type": "Feature", "properties": { "id": 4, "cod_bairro": "3304904005", "nm_bairro": "Centro", "area_km2": 0.78476955414289451, "cod_munic": "3304904", "nm_munic": "São Gonçalo", "cod_uf": "33", "sig_uf": "RJ" }, "geometry": { "type": "Polygon", "coordinates": [ [ [ -43.0502861, -22.8286292 ], [ -43.0510748, -22.8287538 ], [ -43.0515469, -22.8288926 ], [ -43.0519169, -22.8290917 ], [ -43.052194, -22.8292572 ], [ -43.052686, -22.8296034 ], [ -43.0531792, -22.8298823 ], [ -43.0537615, -22.8301636 ], [ -43.0540385, -22.8302557 ], [ -43.0542647, -22.8303058 ], [ -43.054326, -22.830311 ], [ -43.0543444, -22.8302519 ], [ -43.0543805, -22.8297798 ], [ -43.0546978, -22.8291203 ], [ -43.0546456, -22.8290032 ], [ -43.0546293, -22.8289611 ], [ -43.0547258, -22.8288982 ], [ -43.0548898, -22.8288764 ], [ -43.0550457, -22.8286829 ], [ -43.0549549, -22.8284654 ], [ -43.0548983, -22.8284378 ], [ -43.0549817, -22.8284045 ], [ -43.0550155, -22.8282614 ], [ -43.0549884, -22.827908 ], [ -43.0548979, -22.8270805 ], [ -43.0548754, -22.8270732 ], [ -43.054519, -22.8271264 ], [ -43.0542357, -22.8271687 ], [ -43.0539484, -22.8271331 ], [ -43.0535805, -22.8270482 ], [ -43.0530652, -22.8268579 ], [ -43.0522451, -22.8264814 ], [ -43.0518145, -22.8262484 ], [ -43.0515174, -22.8260647 ], [ -43.0514882, -22.8260461 ], [ -43.051131, -22.8257843 ], [ -43.0506889, -22.8253469 ], [ -43.0506344, -22.8252871 ], [ -43.050558, -22.8252032 ], [ -43.050147, -22.8248087 ], [ -43.0501242, -22.8247867 ], [ -43.0501129, -22.8247758 ], [ -43.0497764, -22.8243337 ], [ -43.0497451, -22.8242411 ], [ -43.0496296, -22.8241125 ], [ -43.0494529, -22.8239239 ], [ -43.0491998, -22.8237062 ], [ -43.0488675, -22.8234481 ], [ -43.0483691, -22.8231148 ], [ -43.0483062, -22.8230885 ], [ -43.0483325, -22.8230536 ], [ -43.0482787, -22.8228018 ], [ -43.0481583, -22.8226592 ], [ -43.0485353, -22.8222539 ], [ -43.0491064, -22.8218956 ], [ -43.0492659, -22.8221545 ], [ -43.0494138, -22.8220736 ], [ -43.0494901, -22.8221892 ], [ -43.049639, -22.8222195 ], [ -43.04969, -22.8222542 ], [ -43.0496971, -22.8221638 ], [ -43.0496896, -22.8219604 ], [ -43.0498526, -22.8218522 ], [ -43.0493521, -22.8209548 ], [ -43.0492903, -22.8198518 ], [ -43.0490298, -22.8196188 ], [ -43.0490099, -22.8195877 ], [ -43.0489815, -22.8196267 ], [ -43.048978, -22.8196316 ], [ -43.0488945, -22.819802 ], [ -43.0486365, -22.8198283 ], [ -43.0485555, -22.8196858 ], [ -43.0485014, -22.8196957 ], [ -43.0484245, -22.8198449 ], [ -43.0482033, -22.8198911 ], [ -43.0480085, -22.8197693 ], [ -43.0479535, -22.8197815 ], [ -43.0480418, -22.8199492 ], [ -43.0475254, -22.8199372 ], [ -43.0468801, -22.8194175 ], [ -43.0446629, -22.821768 ], [ -43.0445215, -22.8219897 ], [ -43.0444884, -22.822019 ], [ -43.0442036, -22.8219422 ], [ -43.0440629, -22.8219043 ], [ -43.0430003, -22.8216374 ], [ -43.0414659, -22.8212478 ], [ -43.041342, -22.821514 ], [ -43.0412901, -22.8215325 ], [ -43.0412772, -22.82154 ], [ -43.0408626, -22.821768 ], [ -43.0406138, -22.8220951 ], [ -43.0399656, -22.8241178 ], [ -43.0402496, -22.82439 ], [ -43.0402399, -22.8244213 ], [ -43.0402257, -22.8244545 ], [ -43.0398744, -22.8245742 ], [ -43.0396038, -22.8253698 ], [ -43.0396976, -22.8257276 ], [ -43.0397042, -22.8257625 ], [ -43.0397362, -22.8257612 ], [ -43.0398041, -22.8257551 ], [ -43.0400034, -22.8257093 ], [ -43.0402473, -22.825805 ], [ -43.0405461, -22.8257172 ], [ -43.0405713, -22.8256997 ], [ -43.0406354, -22.8256642 ], [ -43.0407887, -22.8255042 ], [ -43.0411041, -22.8255853 ], [ -43.0412233, -22.8258788 ], [ -43.0412794, -22.8258985 ], [ -43.0413325, -22.8258821 ], [ -43.0414681, -22.8258302 ], [ -43.0415712, -22.8257872 ], [ -43.0416064, -22.825786 ], [ -43.0417338, -22.8257817 ], [ -43.0426271, -22.825981 ], [ -43.0428642, -22.8252342 ], [ -43.0431709, -22.8253294 ], [ -43.0432326, -22.8253486 ], [ -43.0450307, -22.8259103 ], [ -43.0450637, -22.8259238 ], [ -43.0449885, -22.8260787 ], [ -43.0450128, -22.826091 ], [ -43.0450267, -22.826098 ], [ -43.0455745, -22.8263314 ], [ -43.0463233, -22.826941 ], [ -43.0465892, -22.8274208 ], [ -43.0466767, -22.8279062 ], [ -43.0465827, -22.8280894 ], [ -43.046584, -22.8283772 ], [ -43.0466074, -22.8285596 ], [ -43.0465923, -22.8287253 ], [ -43.0465777, -22.8288418 ], [ -43.0476295, -22.8288311 ], [ -43.0482422, -22.8288271 ], [ -43.0484805, -22.8274625 ], [ -43.0487889, -22.8275097 ], [ -43.0488787, -22.8275235 ], [ -43.0488944, -22.8275176 ], [ -43.0489123, -22.8275 ], [ -43.0489878, -22.8274726 ], [ -43.0497039, -22.8282464 ], [ -43.0502861, -22.8286292 ] ] ] } },
{ "type": "Feature", "properties": { "id": 5, "cod_bairro": "3304904006", "nm_bairro": "Colubandê", "area_km2": 5.3128384379642375, "cod_munic": "3304904", "nm_munic": "São Gonçalo", "cod_uf": "33", "sig_uf": "RJ" }, "geometry": { "type": "Polygon", "coordinates": [ [ [ -43.0176919, -22.8481495 ], [ -43.0174821, -22.847862 ], [ -43.0174208, -22.8477301 ], [ -43.0174074, -22.8476546 ], [ -43.0174091, -22.8475719 ], [ -43.0174211, -22.8475001 ], [ -43.0176687, -22.8467323 ], [ -43.0176926, -22.8467067 ], [ -43.0177225, -22.8466875 ], [ -43.0177639, -22.8466731 ], [ -43.0178105, -22.8466715 ], [ -43.0178852, -22.8466702 ], [ -43.018535, -22.8466264 ], [ -43.0185301, -22.8465739 ], [ -43.0183119, -22.8460288 ], [ -43.018335, -22.8460159 ], [ -43.0184248, -22.8459658 ], [ -43.0184324, -22.8459615 ], [ -43.0184457, -22.8459562 ], [ -43.0185182, -22.8459271 ], [ -43.0197461, -22.8454339 ], [ -43.0208786, -22.844979 ], [ -43.0243111, -22.8505621 ], [ -43.0262784, -22.8472574 ], [ -43.0262889, -22.8472398 ], [ -43.0263064, -22.8472095 ], [ -43.0273525, -22.8455224 ], [ -43.033402, -22.8458807 ], [ -43.0326015, -22.843864 ], [ -43.0316666, -22.8414556 ], [ -43.0317426, -22.8413278 ], [ -43.0317814, -22.8412957 ], [ -43.0318202, -22.8412637 ], [ -43.0317449, -22.8412116 ], [ -43.0317271, -22.8411347 ], [ -43.0316568, -22.8408295 ], [ -43.0316689, -22.8406782 ], [ -43.0321228, -22.8401638 ], [ -43.0321167, -22.840079 ], [ -43.0313642, -22.8392609 ], [ -43.0312855, -22.8392488 ], [ -43.0307851, -22.8395508 ], [ -43.0306762, -22.8395387 ], [ -43.0302586, -22.8390727 ], [ -43.030313, -22.8389819 ], [ -43.0306899, -22.8387433 ], [ -43.0306899, -22.8386646 ], [ -43.0303979, -22.8383058 ], [ -43.030404, -22.8382089 ], [ -43.0306801, -22.8380629 ], [ -43.0307045, -22.8380515 ], [ -43.0312345, -22.8352663 ], [ -43.0311336, -22.8347066 ], [ -43.0296181, -22.8343663 ], [ -43.0286323, -22.8333943 ], [ -43.0288552, -22.8329625 ], [ -43.02891, -22.8327609 ], [ -43.0288894, -22.8327074 ], [ -43.0285716, -22.8326034 ], [ -43.0285882, -22.832462 ], [ -43.0287714, -22.8322052 ], [ -43.028811, -22.8318771 ], [ -43.0287902, -22.8318418 ], [ -43.0285, -22.8318328 ], [ -43.0283744, -22.8316273 ], [ -43.0284317, -22.8312753 ], [ -43.0284146, -22.8312579 ], [ -43.0284011, -22.8312443 ], [ -43.0276192, -22.8311537 ], [ -43.0275931, -22.831173 ], [ -43.0274722, -22.831325 ], [ -43.0266729, -22.8324872 ], [ -43.0262868, -22.8330429 ], [ -43.025207, -22.8341193 ], [ -43.0247205, -22.8337844 ], [ -43.0247293, -22.8337734 ], [ -43.0257613, -22.8324765 ], [ -43.0257537, -22.8324713 ], [ -43.0249909, -22.8319464 ], [ -43.0248737, -22.8318654 ], [ -43.0248387, -22.8318417 ], [ -43.0247079, -22.8317596 ], [ -43.0246698, -22.8317351 ], [ -43.0244899, -22.8316196 ], [ -43.0248362, -22.8311621 ], [ -43.0250983, -22.8302942 ], [ -43.0251865, -22.8300281 ], [ -43.0250243, -22.8299727 ], [ -43.025051, -22.8297876 ], [ -43.0249889, -22.8297657 ], [ -43.0246699, -22.8298845 ], [ -43.0244252, -22.8297797 ], [ -43.0244235, -22.8295055 ], [ -43.0244493, -22.8294655 ], [ -43.0243784, -22.8294468 ], [ -43.0241316, -22.8294496 ], [ -43.0236344, -22.8290056 ], [ -43.0235647, -22.8289433 ], [ -43.0235604, -22.8289488 ], [ -43.0225547, -22.8280786 ], [ -43.0224678, -22.8280467 ], [ -43.0224169, -22.8282609 ], [ -43.022095, -22.8282228 ], [ -43.0217762, -22.8279286 ], [ -43.0217254, -22.8279206 ], [ -43.0216714, -22.8279122 ], [ -43.0215894, -22.8281165 ], [ -43.0212715, -22.8281316 ], [ -43.0208911, -22.8278171 ], [ -43.0208347, -22.8277829 ], [ -43.020758, -22.8279444 ], [ -43.0206362, -22.8279352 ], [ -43.0206309, -22.8277932 ], [ -43.020487, -22.8277942 ], [ -43.0203013, -22.8279386 ], [ -43.0198937, -22.8278947 ], [ -43.0198639, -22.8277498 ], [ -43.0198339, -22.8277331 ], [ -43.0198153, -22.8277227 ], [ -43.0193697, -22.8279678 ], [ -43.0178425, -22.8277065 ], [ -43.0169398, -22.8275707 ], [ -43.0169699, -22.8271891 ], [ -43.015859, -22.8268706 ], [ -43.0156522, -22.8268116 ], [ -43.0144684, -22.826542 ], [ -43.0143973, -22.8265258 ], [ -43.0136973, -22.8263672 ], [ -43.0136575, -22.8263595 ], [ -43.0134098, -22.826318 ], [ -43.0131994, -22.8262821 ], [ -43.0126208, -22.8261841 ], [ -43.0125039, -22.8261643 ], [ -43.0119006, -22.8260841 ], [ -43.0115293, -22.8260346 ], [ -43.0103518, -22.8258773 ], [ -43.0102935, -22.8258667 ], [ -43.0101033, -22.8258319 ], [ -43.0092406, -22.825654 ], [ -43.0083731, -22.8255425 ], [ -43.0062584, -22.8252435 ], [ -43.0062392, -22.8254282 ], [ -43.0062254, -22.825708 ], [ -43.0061454, -22.825825 ], [ -43.0061054, -22.8259319 ], [ -43.0061725, -22.8260148 ], [ -43.0063067, -22.8261515 ], [ -43.006567, -22.8263711 ], [ -43.0069144, -22.8266186 ], [ -43.0072518, -22.826902 ], [ -43.0074431, -22.8271656 ], [ -43.0075283, -22.8273294 ], [ -43.0077765, -22.8278107 ], [ -43.0078229, -22.8279007 ], [ -43.0078319, -22.8279276 ], [ -43.0079732, -22.8282992 ], [ -43.0080594, -22.828409 ], [ -43.0082226, -22.8285637 ], [ -43.0083468, -22.8287555 ], [ -43.0083649, -22.8288813 ], [ -43.008381, -22.8291161 ], [ -43.0083943, -22.8295228 ], [ -43.0083415, -22.8298196 ], [ -43.0081916, -22.8301424 ], [ -43.0079315, -22.8304909 ], [ -43.0076971, -22.8308974 ], [ -43.0075235, -22.8312382 ], [ -43.0074313, -22.8314695 ], [ -43.0073187, -22.8317259 ], [ -43.0071468, -22.8319698 ], [ -43.0068654, -22.8321965 ], [ -43.0067137, -22.8323372 ], [ -43.0066387, -22.8324966 ], [ -43.0066028, -22.8327139 ], [ -43.0066168, -22.8329109 ], [ -43.00667, -22.8330313 ], [ -43.0067591, -22.8331767 ], [ -43.0068576, -22.8332814 ], [ -43.0070811, -22.8334861 ], [ -43.007153, -22.833555 ], [ -43.0072859, -22.8336941 ], [ -43.0074716, -22.8338603 ], [ -43.0078928, -22.8342874 ], [ -43.0081007, -22.8344647 ], [ -43.0082432, -22.8345867 ], [ -43.0083823, -22.8347285 ], [ -43.0085193, -22.8348861 ], [ -43.0086303, -22.8350026 ], [ -43.008732, -22.835123 ], [ -43.0088515, -22.8352564 ], [ -43.0089767, -22.8353752 ], [ -43.0091301, -22.8355131 ], [ -43.0092107, -22.835584 ], [ -43.0096304, -22.8359482 ], [ -43.0098841, -22.836165 ], [ -43.0099935, -22.8362579 ], [ -43.0100326, -22.8363095 ], [ -43.0100787, -22.836387 ], [ -43.0101021, -22.8364263 ], [ -43.0101281, -22.8364503 ], [ -43.0102499, -22.8365627 ], [ -43.0105336, -22.8368281 ], [ -43.0108202, -22.8370661 ], [ -43.0111035, -22.8373053 ], [ -43.0113248, -22.8375849 ], [ -43.0115137, -22.8378525 ], [ -43.0115298, -22.8379142 ], [ -43.0115459, -22.837976 ], [ -43.0115443, -22.8380932 ], [ -43.0114364, -22.8382323 ], [ -43.0111597, -22.8384418 ], [ -43.0110722, -22.8385497 ], [ -43.010919, -22.8388342 ], [ -43.0108407, -22.8389499 ], [ -43.010821, -22.838979 ], [ -43.0108107, -22.8389942 ], [ -43.0108041, -22.839004 ], [ -43.0106517, -22.8389343 ], [ -43.0106102, -22.8390496 ], [ -43.0107155, -22.8393113 ], [ -43.0105665, -22.8395172 ], [ -43.0104375, -22.8396682 ], [ -43.0103476, -22.8397852 ], [ -43.0102103, -22.8399392 ], [ -43.0101786, -22.8400531 ], [ -43.0100696, -22.8401422 ], [ -43.0099707, -22.8402771 ], [ -43.0098127, -22.8404371 ], [ -43.0097127, -22.8406171 ], [ -43.0095938, -22.8407591 ], [ -43.0095128, -22.840921 ], [ -43.0093403, -22.8411667 ], [ -43.0092776, -22.8412065 ], [ -43.009121, -22.8413418 ], [ -43.0089501, -22.84147 ], [ -43.0088309, -22.841599 ], [ -43.0087819, -22.841652 ], [ -43.0087519, -22.841688 ], [ -43.0087419, -22.841724 ], [ -43.0086123, -22.8421424 ], [ -43.0084882, -22.8424426 ], [ -43.0083973, -22.8426405 ], [ -43.0083474, -22.8427755 ], [ -43.0083164, -22.8428834 ], [ -43.0082955, -22.8429733 ], [ -43.0081865, -22.8431253 ], [ -43.0080956, -22.8433042 ], [ -43.0080147, -22.8435291 ], [ -43.0080028, -22.843682 ], [ -43.0079009, -22.8440148 ], [ -43.0078191, -22.8443026 ], [ -43.0077073, -22.8446244 ], [ -43.0076972, -22.8446534 ], [ -43.0075963, -22.8448773 ], [ -43.0075164, -22.8450123 ], [ -43.0073883, -22.8450913 ], [ -43.0072894, -22.8452163 ], [ -43.0072584, -22.8453153 ], [ -43.0072275, -22.8454412 ], [ -43.0072363, -22.8455993 ], [ -43.0072318, -22.8456855 ], [ -43.0071909, -22.8457832 ], [ -43.0071818, -22.8459013 ], [ -43.00715, -22.8460307 ], [ -43.0071477, -22.8461738 ], [ -43.0071909, -22.84626 ], [ -43.0072318, -22.84636 ], [ -43.0072976, -22.8464599 ], [ -43.0073158, -22.8464894 ], [ -43.0075124, -22.8468054 ], [ -43.0075306, -22.8468347 ], [ -43.0077699, -22.8472501 ], [ -43.0079039, -22.8475158 ], [ -43.0079475, -22.8476606 ], [ -43.0079846, -22.8477775 ], [ -43.0079515, -22.8478554 ], [ -43.0078789, -22.8479381 ], [ -43.0078063, -22.8480221 ], [ -43.0078857, -22.8481402 ], [ -43.0079493, -22.8482515 ], [ -43.0080921, -22.8484558 ], [ -43.0083605, -22.8487923 ], [ -43.0084666, -22.8489021 ], [ -43.0084847, -22.848984 ], [ -43.0085318, -22.8490929 ], [ -43.0086289, -22.8491747 ], [ -43.0088074, -22.8492556 ], [ -43.0090163, -22.8493502 ], [ -43.009126, -22.8493643 ], [ -43.0092892, -22.849439 ], [ -43.0094036, -22.8495267 ], [ -43.0095288, -22.8496095 ], [ -43.0095959, -22.8496824 ], [ -43.0098843, -22.8500279 ], [ -43.0100309, -22.8501247 ], [ -43.0101615, -22.8502133 ], [ -43.0103078, -22.8503582 ], [ -43.0104607, -22.8504482 ], [ -43.0105347, -22.8505492 ], [ -43.0106374, -22.8506238 ], [ -43.0106607, -22.8507451 ], [ -43.0107027, -22.8508011 ], [ -43.0107493, -22.8508804 ], [ -43.0107306, -22.8510063 ], [ -43.0107633, -22.8511556 ], [ -43.0108969, -22.8514927 ], [ -43.0109431, -22.8517095 ], [ -43.0110663, -22.8519362 ], [ -43.0111234, -22.852018 ], [ -43.0111905, -22.8521279 ], [ -43.0112076, -22.8522627 ], [ -43.0111598, -22.8523591 ], [ -43.0112133, -22.8525655 ], [ -43.0112218, -22.852699 ], [ -43.0112559, -22.8527842 ], [ -43.0113809, -22.8528466 ], [ -43.0114973, -22.8529432 ], [ -43.0116194, -22.8530511 ], [ -43.0117302, -22.8531761 ], [ -43.0118097, -22.853301 ], [ -43.0118352, -22.8535339 ], [ -43.011892, -22.8536872 ], [ -43.0119545, -22.8538207 ], [ -43.0120681, -22.8539371 ], [ -43.0120936, -22.8539655 ], [ -43.0121334, -22.8539996 ], [ -43.0121684, -22.8540244 ], [ -43.0122265, -22.8540433 ], [ -43.0123236, -22.8540712 ], [ -43.0124207, -22.8540991 ], [ -43.0124697, -22.854091 ], [ -43.0126067, -22.854039 ], [ -43.0126848, -22.8540029 ], [ -43.0128109, -22.8540678 ], [ -43.012906, -22.8542225 ], [ -43.0129851, -22.8541785 ], [ -43.013016, -22.8540436 ], [ -43.013046, -22.8539896 ], [ -43.013164, -22.8539006 ], [ -43.013214, -22.8538466 ], [ -43.013332, -22.8537675 ], [ -43.013449, -22.8537145 ], [ -43.0135181, -22.8537064 ], [ -43.0136642, -22.8537083 ], [ -43.0138483, -22.8537551 ], [ -43.0139554, -22.853793 ], [ -43.0140725, -22.8538118 ], [ -43.0141305, -22.8538038 ], [ -43.0142776, -22.8537687 ], [ -43.0143286, -22.8537693 ], [ -43.0143947, -22.8537616 ], [ -43.0145206, -22.8537913 ], [ -43.0146178, -22.8538093 ], [ -43.0146365, -22.853808 ], [ -43.0147349, -22.8538012 ], [ -43.0147839, -22.8537662 ], [ -43.0148439, -22.8536852 ], [ -43.0149809, -22.8536511 ], [ -43.015029, -22.8536691 ], [ -43.015087, -22.853697 ], [ -43.0153012, -22.8537538 ], [ -43.0154283, -22.8537287 ], [ -43.0155263, -22.8536756 ], [ -43.0155953, -22.8536126 ], [ -43.0158404, -22.8535075 ], [ -43.0161854, -22.8532494 ], [ -43.0163072, -22.8531197 ], [ -43.0163276, -22.8530385 ], [ -43.0164748, -22.8530029 ], [ -43.0165815, -22.8530436 ], [ -43.016749, -22.8529304 ], [ -43.0167694, -22.8529166 ], [ -43.0166204, -22.8527456 ], [ -43.0165689, -22.8526436 ], [ -43.0166761, -22.8525882 ], [ -43.0168089, -22.8525331 ], [ -43.0168548, -22.8525265 ], [ -43.0169593, -22.8525164 ], [ -43.0171579, -22.8522457 ], [ -43.0175293, -22.8519057 ], [ -43.0178136, -22.8510022 ], [ -43.0181873, -22.8496849 ], [ -43.0177887, -22.8486229 ], [ -43.0178304, -22.8483674 ], [ -43.0176919, -22.8481495 ] ] ] } },
{ "type": "Feature", "properties": { "id": 6, "cod_bairro": "3304904007", "nm_bairro": "Cruzeiro do Sul", "area_km2": 0.32411111313126839, "cod_munic": "3304904", "nm_munic": "São Gonçalo", "cod_uf": "33", "sig_uf": "RJ" }, "geometry": { "type": "Polygon", "coordinates": [ [ [ -43.029753, -22.8114174 ], [ -43.0299851, -22.8114605 ], [ -43.0300465, -22.8114211 ], [ -43.0300178, -22.8113028 ], [ -43.0304651, -22.8110094 ], [ -43.0306658, -22.8110189 ], [ -43.0306881, -22.8110031 ], [ -43.0307111, -22.8109868 ], [ -43.0307011, -22.8108575 ], [ -43.030941, -22.8107179 ], [ -43.0311486, -22.8107905 ], [ -43.0311738, -22.810777 ], [ -43.0311986, -22.8107643 ], [ -43.0312334, -22.8105782 ], [ -43.031962, -22.8101725 ], [ -43.0324551, -22.809566 ], [ -43.032878, -22.8090155 ], [ -43.0327517, -22.808929 ], [ -43.0327596, -22.8087074 ], [ -43.0327607, -22.8086932 ], [ -43.0327736, -22.8086552 ], [ -43.0327092, -22.8086536 ], [ -43.0322037, -22.8085152 ], [ -43.0317555, -22.8069738 ], [ -43.0314392, -22.8060175 ], [ -43.0315908, -22.8058529 ], [ -43.0315683, -22.8057974 ], [ -43.0313754, -22.8057971 ], [ -43.0310961, -22.8053491 ], [ -43.0304589, -22.805712 ], [ -43.0300806, -22.8057167 ], [ -43.0299859, -22.8057212 ], [ -43.0299784, -22.8057587 ], [ -43.0299381, -22.8060138 ], [ -43.0296733, -22.8061791 ], [ -43.0294358, -22.8060991 ], [ -43.0294217, -22.8061087 ], [ -43.0293983, -22.8061233 ], [ -43.0294245, -22.8063175 ], [ -43.0283548, -22.8068655 ], [ -43.0280781, -22.8067171 ], [ -43.028043, -22.8067783 ], [ -43.0280267, -22.8068069 ], [ -43.0278567, -22.8070412 ], [ -43.0277034, -22.8069753 ], [ -43.0275711, -22.8069404 ], [ -43.0260864, -22.806236 ], [ -43.0260203, -22.8061991 ], [ -43.0259273, -22.8061512 ], [ -43.0259271, -22.8061677 ], [ -43.0259282, -22.806185 ], [ -43.0257365, -22.8065168 ], [ -43.0255309, -22.8077963 ], [ -43.026085, -22.8083675 ], [ -43.0259978, -22.8084588 ], [ -43.0259764, -22.8084813 ], [ -43.0259929, -22.808553 ], [ -43.0261285, -22.8090588 ], [ -43.0260422, -22.809253 ], [ -43.0262993, -22.8094152 ], [ -43.0276285, -22.8107889 ], [ -43.0275623, -22.8112211 ], [ -43.0275627, -22.8112723 ], [ -43.0276086, -22.8112463 ], [ -43.0280425, -22.8111922 ], [ -43.0287911, -22.8120331 ], [ -43.028909, -22.8119562 ], [ -43.0291703, -22.812001 ], [ -43.0292281, -22.812012 ], [ -43.0292196, -22.8119628 ], [ -43.0292198, -22.8117967 ], [ -43.029753, -22.8114174 ] ] ] } },
{ "type": "Feature", "properties": { "id": 7, "cod_bairro": "3304904008", "nm_bairro": "Engenho Pequeno", "area_km2": 1.096534897716708, "cod_munic": "3304904", "nm_munic": "São Gonçalo", "cod_uf": "33", "sig_uf": "RJ" }, "geometry": { "type": "Polygon", "coordinates": [ [ [ -43.0457975, -22.8454264 ], [ -43.0464834, -22.8454497 ], [ -43.0468017, -22.8455222 ], [ -43.0475316, -22.8457163 ], [ -43.0482433, -22.8458845 ], [ -43.0484737, -22.8459415 ], [ -43.0485927, -22.8457241 ], [ -43.0486807, -22.8455895 ], [ -43.048748, -22.8454834 ], [ -43.0487894, -22.8454109 ], [ -43.0488929, -22.8452245 ], [ -43.0489758, -22.8450408 ], [ -43.0490198, -22.84487 ], [ -43.0490301, -22.8446888 ], [ -43.0490068, -22.8445801 ], [ -43.0489292, -22.8444533 ], [ -43.0488153, -22.8443342 ], [ -43.0486678, -22.844166 ], [ -43.0485746, -22.8440702 ], [ -43.0484866, -22.8439589 ], [ -43.0484261, -22.8439062 ], [ -43.0483149, -22.8438095 ], [ -43.0481528, -22.8437365 ], [ -43.0480548, -22.843535 ], [ -43.0480488, -22.8434808 ], [ -43.0480307, -22.8434176 ], [ -43.0480277, -22.8433334 ], [ -43.0480355, -22.8432032 ], [ -43.0480764, -22.8430413 ], [ -43.0481592, -22.8426995 ], [ -43.0481902, -22.8425421 ], [ -43.0482293, -22.8424639 ], [ -43.048281, -22.8423307 ], [ -43.048293, -22.8422048 ], [ -43.0482749, -22.8421049 ], [ -43.0482568, -22.841997 ], [ -43.0436432, -22.8433572 ], [ -43.043596, -22.8432968 ], [ -43.0429777, -22.8423245 ], [ -43.0409781, -22.8412148 ], [ -43.0387862, -22.8399069 ], [ -43.0378113, -22.8393252 ], [ -43.0373738, -22.8390055 ], [ -43.0367511, -22.8386017 ], [ -43.0361622, -22.8384334 ], [ -43.0355488, -22.8383761 ], [ -43.0352732, -22.8383761 ], [ -43.0350803, -22.838445 ], [ -43.0349721, -22.8385178 ], [ -43.034833, -22.8385265 ], [ -43.0347942, -22.8385424 ], [ -43.0347269, -22.8385698 ], [ -43.0347525, -22.8386167 ], [ -43.0347978, -22.8386996 ], [ -43.0348718, -22.8387736 ], [ -43.0349014, -22.8389067 ], [ -43.0348792, -22.8390473 ], [ -43.0333919, -22.8405447 ], [ -43.0326966, -22.8412448 ], [ -43.0326078, -22.8414445 ], [ -43.0326596, -22.8415703 ], [ -43.0327706, -22.8417331 ], [ -43.033129, -22.8421578 ], [ -43.0331758, -22.8424258 ], [ -43.0331627, -22.8426061 ], [ -43.0330813, -22.8428873 ], [ -43.0326015, -22.843864 ], [ -43.033402, -22.8458807 ], [ -43.0357494, -22.8484515 ], [ -43.0357761, -22.8485052 ], [ -43.0359294, -22.8484365 ], [ -43.0360523, -22.8484235 ], [ -43.0361771, -22.8484263 ], [ -43.0363737, -22.8484113 ], [ -43.0364685, -22.8483805 ], [ -43.0366088, -22.8483331 ], [ -43.0367739, -22.848326 ], [ -43.0369516, -22.848315 ], [ -43.0372856, -22.8485475 ], [ -43.0374035, -22.8486228 ], [ -43.0374985, -22.8486785 ], [ -43.0376475, -22.8487243 ], [ -43.0378407, -22.848744 ], [ -43.0384353, -22.8487871 ], [ -43.0391392, -22.8487898 ], [ -43.0394241, -22.8487734 ], [ -43.0398057, -22.8487309 ], [ -43.0401086, -22.8487243 ], [ -43.0404508, -22.8487129 ], [ -43.0407177, -22.8487145 ], [ -43.040965, -22.8487096 ], [ -43.0410571, -22.8487096 ], [ -43.0410663, -22.8487096 ], [ -43.0410681, -22.8487096 ], [ -43.0412833, -22.8486788 ], [ -43.0413471, -22.848669 ], [ -43.0414866, -22.8486403 ], [ -43.0416077, -22.8485965 ], [ -43.0416822, -22.8485211 ], [ -43.0417851, -22.8483464 ], [ -43.0418348, -22.8482036 ], [ -43.0418413, -22.8480286 ], [ -43.0418534, -22.8478331 ], [ -43.0418674, -22.8476497 ], [ -43.0418745, -22.8474641 ], [ -43.0419064, -22.8472832 ], [ -43.0419573, -22.8470943 ], [ -43.0420089, -22.8469413 ], [ -43.0420629, -22.8468891 ], [ -43.0421163, -22.8468714 ], [ -43.0422053, -22.8468453 ], [ -43.042507, -22.8468295 ], [ -43.0428794, -22.8468202 ], [ -43.0431745, -22.8468202 ], [ -43.0434721, -22.8468322 ], [ -43.0434974, -22.8468303 ], [ -43.043576, -22.8468243 ], [ -43.0435778, -22.8462596 ], [ -43.0435834, -22.8459393 ], [ -43.0435831, -22.8458612 ], [ -43.0446816, -22.8455179 ], [ -43.044947, -22.8454364 ], [ -43.0451919, -22.8454083 ], [ -43.0456448, -22.8454316 ], [ -43.0457975, -22.8454264 ] ] ] } },
{ "type": "Feature", "properties": { "id": 8, "cod_bairro": "3304904009", "nm_bairro": "Estrela do Norte", "area_km2": 0.66038824205592972, "cod_munic": "3304904", "nm_munic": "São Gonçalo", "cod_uf": "33", "sig_uf": "RJ" }, "geometry": { "type": "Polygon", "coordinates": [ [ [ -43.0398744, -22.8245742 ], [ -43.0402257, -22.8244545 ], [ -43.0402399, -22.8244213 ], [ -43.0402496, -22.82439 ], [ -43.0399656, -22.8241178 ], [ -43.0406138, -22.8220951 ], [ -43.0408626, -22.821768 ], [ -43.0412772, -22.82154 ], [ -43.0412901, -22.8215325 ], [ -43.041342, -22.821514 ], [ -43.0414659, -22.8212478 ], [ -43.0430003, -22.8216374 ], [ -43.0440629, -22.8219043 ], [ -43.0440254, -22.8218674 ], [ -43.043463, -22.8215425 ], [ -43.0421448, -22.8209239 ], [ -43.0422133, -22.8206952 ], [ -43.0422792, -22.8205871 ], [ -43.0424713, -22.8201789 ], [ -43.0425092, -22.820101 ], [ -43.0416983, -22.8189943 ], [ -43.0407188, -22.8177562 ], [ -43.0404143, -22.8179631 ], [ -43.0402969, -22.8180502 ], [ -43.0399112, -22.817769 ], [ -43.0399034, -22.8176116 ], [ -43.0398996, -22.81759 ], [ -43.0398679, -22.8175871 ], [ -43.0397014, -22.8176196 ], [ -43.0395256, -22.8174497 ], [ -43.0395602, -22.817321 ], [ -43.0395594, -22.8172826 ], [ -43.039496, -22.8172616 ], [ -43.0391131, -22.8172511 ], [ -43.0387817, -22.8167897 ], [ -43.0389008, -22.8165034 ], [ -43.0389058, -22.8164528 ], [ -43.0389621, -22.816462 ], [ -43.0391483, -22.8165552 ], [ -43.0395669, -22.8163104 ], [ -43.0392327, -22.815889 ], [ -43.0364074, -22.8172203 ], [ -43.0363701, -22.8172382 ], [ -43.0351707, -22.8178217 ], [ -43.0346882, -22.8181724 ], [ -43.0343363, -22.8179543 ], [ -43.0338063, -22.8182435 ], [ -43.0337761, -22.8184827 ], [ -43.0337707, -22.818529 ], [ -43.033753, -22.8185551 ], [ -43.0333334, -22.8189069 ], [ -43.033302, -22.8189323 ], [ -43.0332588, -22.8189658 ], [ -43.0311376, -22.8206102 ], [ -43.0321211, -22.8211048 ], [ -43.0322542, -22.8212788 ], [ -43.0324138, -22.821545 ], [ -43.0324027, -22.8219145 ], [ -43.0323427, -22.8220909 ], [ -43.0321668, -22.8227176 ], [ -43.0333221, -22.8232823 ], [ -43.0333524, -22.823311 ], [ -43.0334082, -22.8233424 ], [ -43.0336346, -22.8233254 ], [ -43.0337768, -22.8235964 ], [ -43.0344034, -22.8239927 ], [ -43.0347039, -22.8240343 ], [ -43.0347475, -22.824049 ], [ -43.0347937, -22.8239619 ], [ -43.0349188, -22.8235786 ], [ -43.035352, -22.8234442 ], [ -43.0356582, -22.8234143 ], [ -43.0376444, -22.8239116 ], [ -43.0379292, -22.8240737 ], [ -43.038192, -22.824709 ], [ -43.0393316, -22.8252549 ], [ -43.0396038, -22.8253698 ], [ -43.0398744, -22.8245742 ] ] ] } },
{ "type": "Feature", "properties": { "id": 9, "cod_bairro": "3304904010", "nm_bairro": "Fazenda dos Mineiros", "area_km2": 1.5085576087524848, "cod_munic": "3304904", "nm_munic": "São Gonçalo", "cod_uf": "33", "sig_uf": "RJ" }, "geometry": { "type": "Polygon", "coordinates": [ [ [ -43.0341158, -22.7861441 ], [ -43.0359054, -22.7868534 ], [ -43.0359479, -22.7868681 ], [ -43.0359828, -22.786884 ], [ -43.0360287, -22.7869022 ], [ -43.0379722, -22.7876725 ], [ -43.0382131, -22.7876744 ], [ -43.0382778, -22.7876749 ], [ -43.038284, -22.78763 ], [ -43.038242, -22.787361 ], [ -43.0385416, -22.7869982 ], [ -43.0388362, -22.7869852 ], [ -43.0388702, -22.7869598 ], [ -43.0388961, -22.7869342 ], [ -43.038828, -22.7867253 ], [ -43.0391037, -22.7864802 ], [ -43.0394703, -22.7864881 ], [ -43.0394901, -22.7864738 ], [ -43.0395149, -22.7864598 ], [ -43.0394024, -22.7862121 ], [ -43.0398314, -22.7857678 ], [ -43.0402027, -22.7857738 ], [ -43.0402584, -22.7857777 ], [ -43.0402447, -22.7857289 ], [ -43.0401837, -22.7854308 ], [ -43.0406203, -22.7850019 ], [ -43.0409939, -22.7850286 ], [ -43.0410364, -22.7850316 ], [ -43.0410291, -22.7849892 ], [ -43.0410339, -22.7846495 ], [ -43.0415701, -22.7840904 ], [ -43.0418906, -22.7840831 ], [ -43.0419423, -22.7840762 ], [ -43.0419401, -22.7840319 ], [ -43.0418325, -22.7837446 ], [ -43.0435855, -22.7821907 ], [ -43.0438808, -22.7823165 ], [ -43.0439437, -22.7823391 ], [ -43.043984, -22.7822886 ], [ -43.0441285, -22.7820836 ], [ -43.0443234, -22.7821008 ], [ -43.0444558, -22.7823703 ], [ -43.0445136, -22.7823431 ], [ -43.0445729, -22.7823151 ], [ -43.0446858, -22.7820547 ], [ -43.0447599, -22.7816479 ], [ -43.0458113, -22.7807122 ], [ -43.0488216, -22.7797138 ], [ -43.0492983, -22.7797866 ], [ -43.0493811, -22.7797201 ], [ -43.0494555, -22.7796603 ], [ -43.0492906, -22.7792902 ], [ -43.0507125, -22.7783221 ], [ -43.0509602, -22.7781037 ], [ -43.0510907, -22.7779741 ], [ -43.0507125, -22.7770514 ], [ -43.0505159, -22.7764312 ], [ -43.0501831, -22.7759017 ], [ -43.0494267, -22.7754479 ], [ -43.0487611, -22.7752059 ], [ -43.0481711, -22.7750848 ], [ -43.0477476, -22.7750092 ], [ -43.0469912, -22.774752 ], [ -43.0468551, -22.774752 ], [ -43.0467341, -22.7749336 ], [ -43.046492, -22.7751 ], [ -43.0458113, -22.7753269 ], [ -43.0454482, -22.7755689 ], [ -43.0450095, -22.7758412 ], [ -43.0444952, -22.7760379 ], [ -43.0439204, -22.7763555 ], [ -43.0433455, -22.7766581 ], [ -43.0431172, -22.7769225 ], [ -43.0427707, -22.7773237 ], [ -43.0426278, -22.7774896 ], [ -43.0426087, -22.7774976 ], [ -43.0425985, -22.7775347 ], [ -43.0418532, -22.7782554 ], [ -43.0413483, -22.7788813 ], [ -43.0413396, -22.7788896 ], [ -43.0408543, -22.7793543 ], [ -43.0407373, -22.7794064 ], [ -43.0404532, -22.7795116 ], [ -43.0401781, -22.7796807 ], [ -43.0396199, -22.779872 ], [ -43.0392097, -22.7799403 ], [ -43.0387224, -22.7799248 ], [ -43.0383231, -22.7799121 ], [ -43.0375285, -22.7798058 ], [ -43.0350559, -22.7795781 ], [ -43.0325756, -22.7793611 ], [ -43.0303573, -22.7792253 ], [ -43.0301465, -22.779251 ], [ -43.0296208, -22.779272 ], [ -43.0294834, -22.779301 ], [ -43.0294442, -22.7793289 ], [ -43.0294074, -22.7792396 ], [ -43.0293983, -22.7792136 ], [ -43.0293608, -22.7791056 ], [ -43.0280465, -22.7790018 ], [ -43.0272872, -22.7789304 ], [ -43.0268167, -22.7789109 ], [ -43.0266503, -22.778899 ], [ -43.0266035, -22.7788961 ], [ -43.0265849, -22.7790065 ], [ -43.026909, -22.779224 ], [ -43.0267096, -22.7808934 ], [ -43.0266914, -22.7810102 ], [ -43.0269169, -22.7810042 ], [ -43.0280299, -22.7821518 ], [ -43.0279487, -22.7823495 ], [ -43.0279902, -22.7824002 ], [ -43.0282511, -22.782449 ], [ -43.0290253, -22.7835205 ], [ -43.0288948, -22.7837338 ], [ -43.0288998, -22.7837647 ], [ -43.0288991, -22.7837899 ], [ -43.0290989, -22.7838768 ], [ -43.0291133, -22.7843123 ], [ -43.0288549, -22.784392 ], [ -43.0288492, -22.7844105 ], [ -43.0288359, -22.7844544 ], [ -43.0290957, -22.784716 ], [ -43.031207, -22.7846239 ], [ -43.0315393, -22.784735 ], [ -43.0315812, -22.7847433 ], [ -43.0315875, -22.7847119 ], [ -43.0316124, -22.7845028 ], [ -43.0318827, -22.7844055 ], [ -43.0321532, -22.7844803 ], [ -43.0321653, -22.7845047 ], [ -43.0321743, -22.7845338 ], [ -43.0320017, -22.7847408 ], [ -43.0321315, -22.7850328 ], [ -43.0323723, -22.7850924 ], [ -43.0324138, -22.7850988 ], [ -43.0324579, -22.7851179 ], [ -43.0325262, -22.7851301 ], [ -43.0330832, -22.7856925 ], [ -43.0332725, -22.7857736 ], [ -43.0335915, -22.7858222 ], [ -43.034038, -22.7857697 ], [ -43.0341346, -22.7857611 ], [ -43.0341284, -22.7858005 ], [ -43.0341158, -22.7861441 ] ] ] } },
{ "type": "Feature", "properties": { "id": 10, "cod_bairro": "3304904011", "nm_bairro": "Galo Branco", "area_km2": 1.3479167507218466, "cod_munic": "3304904", "nm_munic": "São Gonçalo", "cod_uf": "33", "sig_uf": "RJ" }, "geometry": { "type": "Polygon", "coordinates": [ [ [ -43.034831, -22.8314617 ], [ -43.0348562, -22.8314345 ], [ -43.0350835, -22.831188 ], [ -43.0357362, -22.8313239 ], [ -43.0358259, -22.8311098 ], [ -43.0360411, -22.8310444 ], [ -43.0360558, -22.8310019 ], [ -43.0359617, -22.8308219 ], [ -43.0360913, -22.830517 ], [ -43.0362971, -22.8304665 ], [ -43.0363235, -22.8304196 ], [ -43.0362479, -22.8302094 ], [ -43.0363877, -22.8299109 ], [ -43.0366009, -22.8298588 ], [ -43.0366217, -22.8298169 ], [ -43.0365243, -22.8296018 ], [ -43.0366277, -22.8293916 ], [ -43.036887, -22.8293271 ], [ -43.0369154, -22.829313 ], [ -43.0369182, -22.8292743 ], [ -43.0367512, -22.8291098 ], [ -43.0368139, -22.8289787 ], [ -43.0370539, -22.829014 ], [ -43.0371569, -22.8290123 ], [ -43.0372909, -22.828809 ], [ -43.0374009, -22.8288761 ], [ -43.0373252, -22.8291097 ], [ -43.0373433, -22.8291648 ], [ -43.0373674, -22.8291626 ], [ -43.0375928, -22.8290376 ], [ -43.037931, -22.8291782 ], [ -43.0379458, -22.8294123 ], [ -43.0379632, -22.8294475 ], [ -43.038013, -22.8294379 ], [ -43.0381382, -22.8293793 ], [ -43.0382312, -22.8293358 ], [ -43.0384553, -22.8293951 ], [ -43.0389145, -22.8284533 ], [ -43.0386964, -22.8281936 ], [ -43.0386885, -22.8281693 ], [ -43.038717, -22.828157 ], [ -43.0389176, -22.8281473 ], [ -43.0389904, -22.827987 ], [ -43.0389162, -22.8278894 ], [ -43.0388962, -22.8278658 ], [ -43.038877, -22.8278021 ], [ -43.0389632, -22.8278157 ], [ -43.03912, -22.8277914 ], [ -43.0391636, -22.8277209 ], [ -43.0393615, -22.8277824 ], [ -43.0400669, -22.8265139 ], [ -43.0399878, -22.8261889 ], [ -43.0400302, -22.8260744 ], [ -43.039924, -22.825927 ], [ -43.0399136, -22.8258638 ], [ -43.0397996, -22.8258159 ], [ -43.0397042, -22.8257625 ], [ -43.0396976, -22.8257276 ], [ -43.0396038, -22.8253698 ], [ -43.0393316, -22.8252549 ], [ -43.038192, -22.824709 ], [ -43.0379292, -22.8240737 ], [ -43.0376444, -22.8239116 ], [ -43.0356582, -22.8234143 ], [ -43.035352, -22.8234442 ], [ -43.0349188, -22.8235786 ], [ -43.0347937, -22.8239619 ], [ -43.0347475, -22.824049 ], [ -43.0347039, -22.8240343 ], [ -43.0344034, -22.8239927 ], [ -43.0337768, -22.8235964 ], [ -43.0336346, -22.8233254 ], [ -43.0334082, -22.8233424 ], [ -43.0333524, -22.823311 ], [ -43.0333221, -22.8232823 ], [ -43.0321668, -22.8227176 ], [ -43.0323427, -22.8220909 ], [ -43.0324027, -22.8219145 ], [ -43.0324138, -22.821545 ], [ -43.0322542, -22.8212788 ], [ -43.0321211, -22.8211048 ], [ -43.0311376, -22.8206102 ], [ -43.0308972, -22.8204568 ], [ -43.0292934, -22.8203677 ], [ -43.0291978, -22.8203758 ], [ -43.0290829, -22.8207544 ], [ -43.029077, -22.8207824 ], [ -43.0287282, -22.8207665 ], [ -43.0286224, -22.8207225 ], [ -43.0286277, -22.8207795 ], [ -43.0287919, -22.8209437 ], [ -43.0287094, -22.8210777 ], [ -43.0288486, -22.8211344 ], [ -43.0289877, -22.8212116 ], [ -43.0291107, -22.8213625 ], [ -43.0291732, -22.8215723 ], [ -43.0290804, -22.8218299 ], [ -43.0290083, -22.8218609 ], [ -43.0291732, -22.8219742 ], [ -43.0293947, -22.8222267 ], [ -43.0294926, -22.8223864 ], [ -43.0295235, -22.8225307 ], [ -43.0295132, -22.8226853 ], [ -43.0294124, -22.8228345 ], [ -43.0286616, -22.8233052 ], [ -43.0286313, -22.8233242 ], [ -43.0285625, -22.823433 ], [ -43.028135, -22.8235916 ], [ -43.027474, -22.8238987 ], [ -43.0268474, -22.8243749 ], [ -43.0268765, -22.8248198 ], [ -43.0268762, -22.8248631 ], [ -43.0270804, -22.8249863 ], [ -43.0269987, -22.825017 ], [ -43.026466, -22.8249787 ], [ -43.0260735, -22.8252584 ], [ -43.0256646, -22.8258278 ], [ -43.0251862, -22.8259259 ], [ -43.0250779, -22.8271655 ], [ -43.0243728, -22.827846 ], [ -43.0237877, -22.8287587 ], [ -43.0237272, -22.8288088 ], [ -43.023673, -22.8288537 ], [ -43.0235647, -22.8289433 ], [ -43.0236344, -22.8290056 ], [ -43.0241316, -22.8294496 ], [ -43.0243784, -22.8294468 ], [ -43.0244493, -22.8294655 ], [ -43.0244235, -22.8295055 ], [ -43.0244252, -22.8297797 ], [ -43.0246699, -22.8298845 ], [ -43.0249889, -22.8297657 ], [ -43.025051, -22.8297876 ], [ -43.0250243, -22.8299727 ], [ -43.0251865, -22.8300281 ], [ -43.0250983, -22.8302942 ], [ -43.0248362, -22.8311621 ], [ -43.0244899, -22.8316196 ], [ -43.0246698, -22.8317351 ], [ -43.0247079, -22.8317596 ], [ -43.0248387, -22.8318417 ], [ -43.0248737, -22.8318654 ], [ -43.0249909, -22.8319464 ], [ -43.0257537, -22.8324713 ], [ -43.0257613, -22.8324765 ], [ -43.0247293, -22.8337734 ], [ -43.0247205, -22.8337844 ], [ -43.025207, -22.8341193 ], [ -43.0262868, -22.8330429 ], [ -43.0266729, -22.8324872 ], [ -43.0274722, -22.831325 ], [ -43.0275931, -22.831173 ], [ -43.0276192, -22.8311537 ], [ -43.0284011, -22.8312443 ], [ -43.0284146, -22.8312579 ], [ -43.0284317, -22.8312753 ], [ -43.0284957, -22.8313117 ], [ -43.0289446, -22.8316645 ], [ -43.029341, -22.8317996 ], [ -43.0296903, -22.8316262 ], [ -43.0297318, -22.8316351 ], [ -43.0298722, -22.8319146 ], [ -43.0310546, -22.8322375 ], [ -43.0329147, -22.8321088 ], [ -43.0331891, -22.8319494 ], [ -43.033205, -22.831953 ], [ -43.0332271, -22.8319577 ], [ -43.0333072, -22.8321707 ], [ -43.0336285, -22.8322336 ], [ -43.0338414, -22.8321011 ], [ -43.0339143, -22.8321164 ], [ -43.033958, -22.8322799 ], [ -43.0343072, -22.832356 ], [ -43.0345736, -22.8322246 ], [ -43.034392, -22.8320379 ], [ -43.0345078, -22.8316222 ], [ -43.034765, -22.8315717 ], [ -43.0347911, -22.831505 ], [ -43.034831, -22.8314617 ] ] ] } },
{ "type": "Feature", "properties": { "id": 11, "cod_bairro": "3304904012", "nm_bairro": "Itaóca", "area_km2": 8.463318744537192, "cod_munic": "3304904", "nm_munic": "São Gonçalo", "cod_uf": "33", "sig_uf": "RJ" }, "geometry": { "type": "MultiPolygon", "coordinates": [ [ [ [ -43.0670406, -22.8016694 ], [ -43.0671594, -22.8016192 ], [ -43.0678025, -22.8012135 ], [ -43.0679321, -22.8011316 ], [ -43.0681145, -22.801023 ], [ -43.0681336, -22.8010116 ], [ -43.0682433, -22.8010064 ], [ -43.0685816, -22.8009902 ], [ -43.0692975, -22.8009332 ], [ -43.0700766, -22.8009635 ], [ -43.0701575, -22.8010156 ], [ -43.0701947, -22.8010396 ], [ -43.0702238, -22.8012639 ], [ -43.0702048, -22.8013496 ], [ -43.070171, -22.8015027 ], [ -43.0703274, -22.8016863 ], [ -43.0706025, -22.801821 ], [ -43.0708982, -22.8018664 ], [ -43.0717706, -22.8016975 ], [ -43.0718796, -22.8016763 ], [ -43.0721107, -22.8015466 ], [ -43.0723065, -22.8014906 ], [ -43.0725636, -22.801417 ], [ -43.0730345, -22.8009067 ], [ -43.0732092, -22.8007832 ], [ -43.0732297, -22.8007687 ], [ -43.0732506, -22.8007681 ], [ -43.0734194, -22.8007636 ], [ -43.0734585, -22.8007625 ], [ -43.0736355, -22.8007766 ], [ -43.0737634, -22.8006846 ], [ -43.0738112, -22.8006503 ], [ -43.0741428, -22.8004363 ], [ -43.0745471, -22.8005487 ], [ -43.0749036, -22.8006807 ], [ -43.0750412, -22.8006831 ], [ -43.075338, -22.8005713 ], [ -43.0756324, -22.8005648 ], [ -43.0757979, -22.8004802 ], [ -43.0760818, -22.7999908 ], [ -43.0764916, -22.7994761 ], [ -43.0769356, -22.7992843 ], [ -43.0774272, -22.7991469 ], [ -43.0775659, -22.7991376 ], [ -43.0778399, -22.799119 ], [ -43.0779484, -22.7992522 ], [ -43.0780046, -22.7993211 ], [ -43.0781291, -22.7993973 ], [ -43.0783189, -22.7994175 ], [ -43.078645, -22.7993587 ], [ -43.0789438, -22.7991317 ], [ -43.0789594, -22.7991023 ], [ -43.0790599, -22.798913 ], [ -43.0790638, -22.7989058 ], [ -43.0793301, -22.7980843 ], [ -43.0795216, -22.7974937 ], [ -43.0797964, -22.7967325 ], [ -43.079917, -22.7964024 ], [ -43.079776, -22.796117 ], [ -43.0797322, -22.7959414 ], [ -43.0797786, -22.7957222 ], [ -43.0798024, -22.7956096 ], [ -43.0797766, -22.7955688 ], [ -43.0797205, -22.7954802 ], [ -43.0797249, -22.7950342 ], [ -43.0797261, -22.7949092 ], [ -43.0797131, -22.794399 ], [ -43.0797863, -22.7938693 ], [ -43.0798568, -22.793667 ], [ -43.0802286, -22.7925998 ], [ -43.0803151, -22.7923515 ], [ -43.0806237, -22.7916118 ], [ -43.0809151, -22.7909133 ], [ -43.081259, -22.7901225 ], [ -43.081401, -22.7897962 ], [ -43.081464, -22.7895991 ], [ -43.0815236, -22.7894128 ], [ -43.0815323, -22.7893856 ], [ -43.0814984, -22.7892777 ], [ -43.0814336, -22.7892629 ], [ -43.0814021, -22.7892556 ], [ -43.0811955, -22.789286 ], [ -43.0811452, -22.7892809 ], [ -43.0811031, -22.7892766 ], [ -43.0809961, -22.7892657 ], [ -43.0809782, -22.7892434 ], [ -43.0809196, -22.7891703 ], [ -43.0808177, -22.789036 ], [ -43.0807999, -22.7890125 ], [ -43.0807482, -22.7887998 ], [ -43.0807459, -22.7883272 ], [ -43.0806981, -22.7877748 ], [ -43.0806183, -22.7875461 ], [ -43.0805464, -22.7873399 ], [ -43.0804641, -22.7872146 ], [ -43.0804413, -22.7871798 ], [ -43.0803666, -22.787066 ], [ -43.0802898, -22.7870051 ], [ -43.0792931, -22.7862139 ], [ -43.078867, -22.7855935 ], [ -43.0787254, -22.7851229 ], [ -43.0786386, -22.7848829 ], [ -43.0784854, -22.784885 ], [ -43.0779361, -22.7849044 ], [ -43.0776174, -22.7848916 ], [ -43.0768592, -22.784754 ], [ -43.0765482, -22.7846577 ], [ -43.0764734, -22.7846153 ], [ -43.076307, -22.7845209 ], [ -43.0762441, -22.7844853 ], [ -43.0758243, -22.7841702 ], [ -43.0757353, -22.7841034 ], [ -43.0753249, -22.7840163 ], [ -43.0752567, -22.7839586 ], [ -43.0751493, -22.7838677 ], [ -43.0745758, -22.7833823 ], [ -43.0742129, -22.783075 ], [ -43.0738007, -22.7828253 ], [ -43.0732329, -22.7824814 ], [ -43.0722604, -22.7820097 ], [ -43.0712599, -22.781472 ], [ -43.0702582, -22.7807879 ], [ -43.0702364, -22.7807708 ], [ -43.0698871, -22.7804968 ], [ -43.0696975, -22.7803481 ], [ -43.0696383, -22.7802553 ], [ -43.0696246, -22.7802337 ], [ -43.0693036, -22.7797311 ], [ -43.0687961, -22.7791784 ], [ -43.0687481, -22.7791174 ], [ -43.0686592, -22.7790044 ], [ -43.0683784, -22.7786477 ], [ -43.0681777, -22.778269 ], [ -43.0680119, -22.7778049 ], [ -43.0680041, -22.7777831 ], [ -43.0678429, -22.7771121 ], [ -43.0677886, -22.7767409 ], [ -43.0677737, -22.7766389 ], [ -43.0677606, -22.7765497 ], [ -43.0677601, -22.7763806 ], [ -43.0677582, -22.775806 ], [ -43.067801, -22.7751203 ], [ -43.0678081, -22.7750062 ], [ -43.0678116, -22.7749841 ], [ -43.067985, -22.7738795 ], [ -43.0679171, -22.7738018 ], [ -43.0678424, -22.7737165 ], [ -43.0677707, -22.7735454 ], [ -43.0677095, -22.7731252 ], [ -43.0676401, -22.7726486 ], [ -43.0676151, -22.7724773 ], [ -43.067775, -22.7721005 ], [ -43.0678235, -22.7716848 ], [ -43.0679584, -22.7714397 ], [ -43.0679661, -22.7714255 ], [ -43.0679724, -22.7713039 ], [ -43.067998, -22.7708059 ], [ -43.0682165, -22.7703432 ], [ -43.068423, -22.7703129 ], [ -43.0685947, -22.7702403 ], [ -43.068721, -22.7701368 ], [ -43.0687707, -22.7700961 ], [ -43.0687703, -22.769893 ], [ -43.0686339, -22.7697891 ], [ -43.068611, -22.7697716 ], [ -43.0685541, -22.7697694 ], [ -43.0685512, -22.7697693 ], [ -43.0683857, -22.7697629 ], [ -43.0683183, -22.7698273 ], [ -43.0682623, -22.7698809 ], [ -43.0679772, -22.7698129 ], [ -43.0679503, -22.7697711 ], [ -43.0679056, -22.7697016 ], [ -43.0678401, -22.7695998 ], [ -43.0678775, -22.7694139 ], [ -43.0678489, -22.7692487 ], [ -43.0677901, -22.7691716 ], [ -43.0677588, -22.7691305 ], [ -43.0677358, -22.7691272 ], [ -43.0676421, -22.7691136 ], [ -43.0675216, -22.7691623 ], [ -43.0673433, -22.7691421 ], [ -43.0673094, -22.7691382 ], [ -43.0671007, -22.7693923 ], [ -43.0670014, -22.7695132 ], [ -43.0667034, -22.7694522 ], [ -43.0664284, -22.7692195 ], [ -43.0661455, -22.7688243 ], [ -43.0659676, -22.768696 ], [ -43.065768, -22.7685521 ], [ -43.0655244, -22.7683321 ], [ -43.0653711, -22.7681937 ], [ -43.0653365, -22.7679665 ], [ -43.0653004, -22.7677293 ], [ -43.0650872, -22.7674637 ], [ -43.0648828, -22.7673755 ], [ -43.0647248, -22.7668909 ], [ -43.0644958, -22.7660189 ], [ -43.0644958, -22.7660171 ], [ -43.064495, -22.7659383 ], [ -43.0645207, -22.7658691 ], [ -43.0645722, -22.765867 ], [ -43.0645842, -22.7657655 ], [ -43.0643503, -22.7656787 ], [ -43.0643051, -22.7656619 ], [ -43.0643056, -22.7655746 ], [ -43.0643061, -22.7654566 ], [ -43.0643644, -22.7654221 ], [ -43.0644318, -22.7653309 ], [ -43.0643002, -22.7651386 ], [ -43.064187, -22.7650914 ], [ -43.0639962, -22.7649724 ], [ -43.0639597, -22.7649827 ], [ -43.0639291, -22.7649913 ], [ -43.0638355, -22.7649219 ], [ -43.0638326, -22.7648764 ], [ -43.0638281, -22.7648069 ], [ -43.0636984, -22.7647642 ], [ -43.0635318, -22.7647093 ], [ -43.0634893, -22.7646954 ], [ -43.0634417, -22.7646797 ], [ -43.0633206, -22.7647992 ], [ -43.0632073, -22.764911 ], [ -43.0629665, -22.7648353 ], [ -43.0628291, -22.7647922 ], [ -43.0626389, -22.7647325 ], [ -43.062544, -22.7647367 ], [ -43.0623618, -22.7646326 ], [ -43.0621594, -22.7645207 ], [ -43.0619188, -22.7643876 ], [ -43.0619097, -22.7643826 ], [ -43.0616232, -22.7641282 ], [ -43.0614213, -22.7638242 ], [ -43.0612296, -22.7635357 ], [ -43.0611208, -22.763484 ], [ -43.0594641, -22.7626975 ], [ -43.0589394, -22.7624484 ], [ -43.0588026, -22.7623761 ], [ -43.0576919, -22.7617885 ], [ -43.0574972, -22.7616854 ], [ -43.0568794, -22.7614981 ], [ -43.0558085, -22.7611734 ], [ -43.0555271, -22.761088 ], [ -43.0551893, -22.76084 ], [ -43.0545428, -22.7603651 ], [ -43.0539361, -22.759752 ], [ -43.0531755, -22.7592458 ], [ -43.0531378, -22.7592336 ], [ -43.05216, -22.758918 ], [ -43.0518713, -22.7586241 ], [ -43.0518654, -22.7586182 ], [ -43.0514617, -22.7583887 ], [ -43.0513418, -22.7583898 ], [ -43.0510185, -22.7583928 ], [ -43.0498699, -22.7577431 ], [ -43.0496813, -22.7576364 ], [ -43.0493522, -22.7574502 ], [ -43.0481359, -22.7570973 ], [ -43.047622, -22.7570816 ], [ -43.0472864, -22.7570714 ], [ -43.0469569, -22.7571206 ], [ -43.0473921, -22.7582406 ], [ -43.0478459, -22.7584827 ], [ -43.0480274, -22.7586793 ], [ -43.0482241, -22.759118 ], [ -43.0482143, -22.7596493 ], [ -43.0479669, -22.7600256 ], [ -43.0478762, -22.7603282 ], [ -43.0483602, -22.7612963 ], [ -43.0482543, -22.7615989 ], [ -43.0479367, -22.7620678 ], [ -43.0476039, -22.7624914 ], [ -43.0476966, -22.7626719 ], [ -43.0479064, -22.7627334 ], [ -43.0481182, -22.7627334 ], [ -43.0481938, -22.7629301 ], [ -43.0480577, -22.7630813 ], [ -43.0479518, -22.763399 ], [ -43.0478762, -22.7637167 ], [ -43.0476946, -22.7639436 ], [ -43.0474677, -22.7640041 ], [ -43.0475434, -22.7642461 ], [ -43.0477814, -22.7644767 ], [ -43.0474829, -22.7646092 ], [ -43.0469685, -22.7644579 ], [ -43.0465601, -22.7646243 ], [ -43.0461895, -22.7648512 ], [ -43.0457735, -22.7649949 ], [ -43.0452818, -22.7656379 ], [ -43.0448583, -22.7662429 ], [ -43.0447599, -22.766398 ], [ -43.0446616, -22.7665531 ], [ -43.0441322, -22.7667497 ], [ -43.0423623, -22.7666892 ], [ -43.0404876, -22.7684539 ], [ -43.0402142, -22.7688524 ], [ -43.0399722, -22.7693819 ], [ -43.0396837, -22.7697005 ], [ -43.0388289, -22.7709623 ], [ -43.0387068, -22.7711404 ], [ -43.0386864, -22.7713948 ], [ -43.0388136, -22.7715577 ], [ -43.0391596, -22.7716798 ], [ -43.040789, -22.7714089 ], [ -43.0411672, -22.7714997 ], [ -43.0414093, -22.771893 ], [ -43.0418933, -22.7754025 ], [ -43.0421959, -22.7761891 ], [ -43.0425287, -22.7766581 ], [ -43.0431172, -22.7769225 ], [ -43.0433455, -22.7766581 ], [ -43.0439204, -22.7763555 ], [ -43.0444952, -22.7760379 ], [ -43.0450095, -22.7758412 ], [ -43.0454482, -22.7755689 ], [ -43.0458113, -22.7753269 ], [ -43.046492, -22.7751 ], [ -43.0467341, -22.7749336 ], [ -43.0468551, -22.774752 ], [ -43.0469912, -22.774752 ], [ -43.0477476, -22.7750092 ], [ -43.0481711, -22.7750848 ], [ -43.0487611, -22.7752059 ], [ -43.0494267, -22.7754479 ], [ -43.0501831, -22.7759017 ], [ -43.0505159, -22.7764312 ], [ -43.0507125, -22.7770514 ], [ -43.0510907, -22.7779741 ], [ -43.0513638, -22.7782685 ], [ -43.051585, -22.7784042 ], [ -43.052166, -22.7787066 ], [ -43.0527294, -22.778866 ], [ -43.053251, -22.7791872 ], [ -43.0535965, -22.7795796 ], [ -43.0538749, -22.7798981 ], [ -43.0540262, -22.7802157 ], [ -43.0541075, -22.7806772 ], [ -43.0542051, -22.7814175 ], [ -43.0544135, -22.7818439 ], [ -43.0547381, -22.7823172 ], [ -43.0551706, -22.7827554 ], [ -43.055272, -22.783207 ], [ -43.0550612, -22.7836378 ], [ -43.0546933, -22.7842016 ], [ -43.0546676, -22.7846353 ], [ -43.0546882, -22.7847425 ], [ -43.0547319, -22.7849689 ], [ -43.0548242, -22.7853585 ], [ -43.0549174, -22.7856032 ], [ -43.0550288, -22.7860198 ], [ -43.0552472, -22.7864372 ], [ -43.0556271, -22.786688 ], [ -43.0556917, -22.7867306 ], [ -43.0560019, -22.7868512 ], [ -43.0561449, -22.7868169 ], [ -43.0564841, -22.7870448 ], [ -43.0568837, -22.7873703 ], [ -43.057226, -22.7878711 ], [ -43.0575319, -22.7880396 ], [ -43.0578564, -22.7880396 ], [ -43.0582494, -22.788099 ], [ -43.0585992, -22.7881519 ], [ -43.0587689, -22.7883042 ], [ -43.0589486, -22.7884654 ], [ -43.0592608, -22.7888011 ], [ -43.0593732, -22.7890632 ], [ -43.0596011, -22.7893074 ], [ -43.0600223, -22.7894128 ], [ -43.0604592, -22.789263 ], [ -43.060971, -22.7889197 ], [ -43.0614533, -22.7886386 ], [ -43.0619884, -22.7884703 ], [ -43.0622943, -22.7885389 ], [ -43.0625513, -22.7888076 ], [ -43.0626699, -22.7891309 ], [ -43.0627906, -22.7894595 ], [ -43.0628997, -22.789756 ], [ -43.0631476, -22.7900875 ], [ -43.0633111, -22.7902361 ], [ -43.0638841, -22.7904396 ], [ -43.0647488, -22.7905597 ], [ -43.0656658, -22.7903185 ], [ -43.0664006, -22.7901066 ], [ -43.0669459, -22.789898 ], [ -43.0675575, -22.7897982 ], [ -43.0680694, -22.7899105 ], [ -43.0683287, -22.790332 ], [ -43.0685785, -22.7907275 ], [ -43.0689002, -22.7914805 ], [ -43.0694019, -22.7924326 ], [ -43.0695278, -22.7927253 ], [ -43.0697682, -22.793583 ], [ -43.0697015, -22.7941865 ], [ -43.0694127, -22.7946434 ], [ -43.0692428, -22.7949752 ], [ -43.06918, -22.795309 ], [ -43.0690462, -22.7957857 ], [ -43.0688808, -22.7962271 ], [ -43.0687835, -22.7964864 ], [ -43.0685618, -22.7970881 ], [ -43.0684555, -22.7972885 ], [ -43.068291, -22.7975989 ], [ -43.0680523, -22.7977686 ], [ -43.0675539, -22.7981231 ], [ -43.0673094, -22.7982311 ], [ -43.0666463, -22.798524 ], [ -43.0663775, -22.7986427 ], [ -43.0660468, -22.7987793 ], [ -43.0646129, -22.7993717 ], [ -43.0636688, -22.8000559 ], [ -43.0632909, -22.8006108 ], [ -43.063495, -22.8006036 ], [ -43.0638296, -22.8011129 ], [ -43.0643093, -22.8017049 ], [ -43.0648199, -22.8020892 ], [ -43.0651542, -22.8022557 ], [ -43.0654333, -22.8024168 ], [ -43.0656265, -22.8021358 ], [ -43.0657494, -22.8021044 ], [ -43.0663618, -22.801948 ], [ -43.0664128, -22.801935 ], [ -43.0670406, -22.8016694 ] ] ], [ [ [ -43.0723496, -22.7743223 ], [ -43.0724667, -22.7744241 ], [ -43.0726277, -22.7746984 ], [ -43.0728645, -22.7745651 ], [ -43.0726628, -22.774246 ], [ -43.0723496, -22.7743223 ] ] ], [ [ [ -43.0728482, -22.7736571 ], [ -43.07277, -22.773788 ], [ -43.0728136, -22.7739011 ], [ -43.0729279, -22.7740539 ], [ -43.0731206, -22.7742616 ], [ -43.0731919, -22.7743831 ], [ -43.0733623, -22.7744525 ], [ -43.0735639, -22.7745453 ], [ -43.0736614, -22.7745266 ], [ -43.0737845, -22.7744753 ], [ -43.0738521, -22.7744034 ], [ -43.0739214, -22.7742907 ], [ -43.0739299, -22.7742799 ], [ -43.0740264, -22.7741905 ], [ -43.0740306, -22.7741869 ], [ -43.0742128, -22.7741676 ], [ -43.0743116, -22.7741191 ], [ -43.0743119, -22.7741117 ], [ -43.074235, -22.7740271 ], [ -43.0740578, -22.7739278 ], [ -43.0740387, -22.7739048 ], [ -43.07398, -22.7738618 ], [ -43.0739855, -22.7737356 ], [ -43.074023, -22.7736106 ], [ -43.0739842, -22.7734829 ], [ -43.0739041, -22.7733759 ], [ -43.0737975, -22.7733237 ], [ -43.0737329, -22.7734217 ], [ -43.0737244, -22.7734325 ], [ -43.0735724, -22.7734976 ], [ -43.0735602, -22.7735009 ], [ -43.0734115, -22.7735847 ], [ -43.0732606, -22.7736275 ], [ -43.0731435, -22.7735377 ], [ -43.0730299, -22.7735559 ], [ -43.0728482, -22.7736571 ] ] ], [ [ [ -43.0698386, -22.760502 ], [ -43.0698131, -22.7603211 ], [ -43.0697439, -22.7602119 ], [ -43.0696574, -22.7602199 ], [ -43.0695801, -22.7602642 ], [ -43.0695747, -22.7603454 ], [ -43.0695944, -22.7606437 ], [ -43.0697383, -22.7607176 ], [ -43.0698784, -22.7606651 ], [ -43.0698588, -22.7605835 ], [ -43.0698386, -22.760502 ] ] ] ] } },
{ "type": "Feature", "properties": { "id": 12, "cod_bairro": "3304904013", "nm_bairro": "Itaúna", "area_km2": 2.1076149508415467, "cod_munic": "3304904", "nm_munic": "São Gonçalo", "cod_uf": "33", "sig_uf": "RJ" }, "geometry": { "type": "Polygon", "coordinates": [ [ [ -43.0374048, -22.7997534 ], [ -43.0374393, -22.79976 ], [ -43.0374334, -22.8000507 ], [ -43.0383319, -22.8001503 ], [ -43.0386384, -22.7999538 ], [ -43.0386881, -22.7999287 ], [ -43.0386563, -22.7998998 ], [ -43.0384187, -22.7995838 ], [ -43.0385233, -22.7991019 ], [ -43.0385312, -22.799065 ], [ -43.0385333, -22.7990554 ], [ -43.0386479, -22.7985269 ], [ -43.0390453, -22.7984097 ], [ -43.0390494, -22.7983608 ], [ -43.038894, -22.798303 ], [ -43.0386096, -22.7976232 ], [ -43.0384585, -22.7970997 ], [ -43.038395, -22.7966977 ], [ -43.038398, -22.796492 ], [ -43.0385673, -22.7961842 ], [ -43.0387124, -22.7961146 ], [ -43.0387612, -22.7960851 ], [ -43.0387643, -22.7960707 ], [ -43.0387678, -22.7960549 ], [ -43.0385929, -22.7959097 ], [ -43.0385898, -22.7958908 ], [ -43.0386047, -22.7957317 ], [ -43.0377066, -22.7955519 ], [ -43.0377524, -22.795244 ], [ -43.0377609, -22.79518 ], [ -43.0379723, -22.7949611 ], [ -43.0381174, -22.7939218 ], [ -43.0383095, -22.7932527 ], [ -43.0381752, -22.7930345 ], [ -43.0381914, -22.7930153 ], [ -43.038207, -22.7929969 ], [ -43.0385308, -22.792993 ], [ -43.0387472, -22.7927179 ], [ -43.0386394, -22.7925026 ], [ -43.0386172, -22.7924804 ], [ -43.0386484, -22.7924798 ], [ -43.0386798, -22.7923678 ], [ -43.0388933, -22.7919206 ], [ -43.038905, -22.7916654 ], [ -43.038701, -22.7914542 ], [ -43.0386383, -22.7914706 ], [ -43.0386342, -22.7914204 ], [ -43.0386467, -22.7913741 ], [ -43.0386842, -22.7912399 ], [ -43.0387006, -22.7911923 ], [ -43.0387054, -22.7911785 ], [ -43.0388682, -22.7907073 ], [ -43.0387402, -22.7893203 ], [ -43.038443, -22.7889966 ], [ -43.0384424, -22.7889477 ], [ -43.0384419, -22.7888987 ], [ -43.0387639, -22.7888149 ], [ -43.0387455, -22.7877887 ], [ -43.038398, -22.7876108 ], [ -43.0383592, -22.7875909 ], [ -43.0382778, -22.7876749 ], [ -43.0382131, -22.7876744 ], [ -43.0379722, -22.7876725 ], [ -43.0360287, -22.7869022 ], [ -43.0359828, -22.786884 ], [ -43.0359479, -22.7868681 ], [ -43.0359054, -22.7868534 ], [ -43.0341158, -22.7861441 ], [ -43.0341284, -22.7858005 ], [ -43.0341346, -22.7857611 ], [ -43.034038, -22.7857697 ], [ -43.0335915, -22.7858222 ], [ -43.0332725, -22.7857736 ], [ -43.0330832, -22.7856925 ], [ -43.0325262, -22.7851301 ], [ -43.0324579, -22.7851179 ], [ -43.0324138, -22.7850988 ], [ -43.0323723, -22.7850924 ], [ -43.0321315, -22.7850328 ], [ -43.0320017, -22.7847408 ], [ -43.0321743, -22.7845338 ], [ -43.0321653, -22.7845047 ], [ -43.0321532, -22.7844803 ], [ -43.0318827, -22.7844055 ], [ -43.0316124, -22.7845028 ], [ -43.0315875, -22.7847119 ], [ -43.0315812, -22.7847433 ], [ -43.0315393, -22.784735 ], [ -43.031207, -22.7846239 ], [ -43.0290957, -22.784716 ], [ -43.0290886, -22.7847868 ], [ -43.0290886, -22.7848222 ], [ -43.0290886, -22.7848789 ], [ -43.0286992, -22.7850536 ], [ -43.0286677, -22.7850748 ], [ -43.0286404, -22.7850529 ], [ -43.0283707, -22.78491 ], [ -43.0268539, -22.7849539 ], [ -43.0249207, -22.7858964 ], [ -43.024578, -22.785674 ], [ -43.0245391, -22.7856505 ], [ -43.0245258, -22.7856906 ], [ -43.0243922, -22.7858809 ], [ -43.0242736, -22.7859232 ], [ -43.0247117, -22.7873538 ], [ -43.0247522, -22.7875057 ], [ -43.0247601, -22.7877117 ], [ -43.0250698, -22.7880369 ], [ -43.0251318, -22.7881995 ], [ -43.0250911, -22.7883157 ], [ -43.0249102, -22.788636 ], [ -43.0250217, -22.7889367 ], [ -43.0250467, -22.7889789 ], [ -43.0250066, -22.7890175 ], [ -43.0247117, -22.7891463 ], [ -43.0246813, -22.7893589 ], [ -43.0247624, -22.7896121 ], [ -43.0250957, -22.7901565 ], [ -43.0250437, -22.7905793 ], [ -43.0251464, -22.7907779 ], [ -43.0251606, -22.790847 ], [ -43.0251432, -22.7908752 ], [ -43.0247952, -22.791257 ], [ -43.0259886, -22.7919763 ], [ -43.0259673, -22.7920359 ], [ -43.0259549, -22.7920615 ], [ -43.0259353, -22.7920914 ], [ -43.0256863, -22.7925777 ], [ -43.025665, -22.7926203 ], [ -43.0254156, -22.7931193 ], [ -43.0254025, -22.7931424 ], [ -43.0253672, -22.7932126 ], [ -43.0253595, -22.7932273 ], [ -43.0253547, -22.7932358 ], [ -43.025341, -22.793255 ], [ -43.0253301, -22.7932745 ], [ -43.0253201, -22.7932896 ], [ -43.0253122, -22.7933016 ], [ -43.0252996, -22.7933194 ], [ -43.0252702, -22.793361 ], [ -43.0252087, -22.793448 ], [ -43.0251819, -22.7934859 ], [ -43.0250364, -22.7936917 ], [ -43.0247976, -22.7953782 ], [ -43.024565, -22.7956859 ], [ -43.0243912, -22.7957167 ], [ -43.0243424, -22.7957249 ], [ -43.0243453, -22.7957737 ], [ -43.024354, -22.7960423 ], [ -43.0239536, -22.7964216 ], [ -43.0237494, -22.7964078 ], [ -43.0237328, -22.7964245 ], [ -43.0237042, -22.7964531 ], [ -43.023767, -22.7966354 ], [ -43.02349, -22.7968973 ], [ -43.0232504, -22.7968698 ], [ -43.0232281, -22.7968928 ], [ -43.0232037, -22.7969183 ], [ -43.023246, -22.797083 ], [ -43.0230583, -22.7972613 ], [ -43.0236243, -22.7976814 ], [ -43.0243049, -22.7982405 ], [ -43.0243041, -22.7986375 ], [ -43.0243246, -22.798658 ], [ -43.0243485, -22.798671 ], [ -43.0244817, -22.7985682 ], [ -43.0246372, -22.7986806 ], [ -43.0246457, -22.7988928 ], [ -43.0246679, -22.7989265 ], [ -43.0247003, -22.7989084 ], [ -43.0251553, -22.7987994 ], [ -43.0265467, -22.7995966 ], [ -43.0267024, -22.799645 ], [ -43.0268313, -22.7996611 ], [ -43.0268958, -22.7996611 ], [ -43.0275595, -22.7995899 ], [ -43.0278465, -22.7997702 ], [ -43.0278847, -22.7997942 ], [ -43.0279187, -22.79983 ], [ -43.0281288, -22.800051 ], [ -43.028182, -22.8001278 ], [ -43.0282164, -22.8001145 ], [ -43.0285132, -22.8001649 ], [ -43.0289981, -22.7995529 ], [ -43.0291932, -22.7991597 ], [ -43.0292548, -22.7989077 ], [ -43.0292811, -22.7988345 ], [ -43.0293085, -22.7988486 ], [ -43.0293391, -22.7989412 ], [ -43.0294312, -22.7989609 ], [ -43.0296091, -22.7987637 ], [ -43.0295545, -22.7985656 ], [ -43.0295979, -22.7985309 ], [ -43.029763, -22.7985666 ], [ -43.0299938, -22.7982829 ], [ -43.0299372, -22.7981068 ], [ -43.0299532, -22.7980817 ], [ -43.0299692, -22.7980567 ], [ -43.0300171, -22.7980683 ], [ -43.0302006, -22.7980713 ], [ -43.0304266, -22.7978164 ], [ -43.0303466, -22.7975753 ], [ -43.0303897, -22.7975307 ], [ -43.0304173, -22.7974972 ], [ -43.0306013, -22.7975208 ], [ -43.0307053, -22.7973662 ], [ -43.0308131, -22.7972763 ], [ -43.0319741, -22.7979788 ], [ -43.0323796, -22.7979289 ], [ -43.0323988, -22.7979457 ], [ -43.0324206, -22.7979647 ], [ -43.0323749, -22.7982668 ], [ -43.0330887, -22.7989161 ], [ -43.0334318, -22.7989002 ], [ -43.0334635, -22.7988998 ], [ -43.033482, -22.7989198 ], [ -43.0336017, -22.7990802 ], [ -43.0370196, -22.7998723 ], [ -43.037372, -22.7997385 ], [ -43.0374048, -22.7997534 ] ] ] } },
{ "type": "Feature", "properties": { "id": 13, "cod_bairro": "3304904014", "nm_bairro": "Lindo Parque", "area_km2": 0.19315180500057713, "cod_munic": "3304904", "nm_munic": "São Gonçalo", "cod_uf": "33", "sig_uf": "RJ" }, "geometry": { "type": "Polygon", "coordinates": [ [ [ -43.0556791, -22.8331538 ], [ -43.0548176, -22.8328252 ], [ -43.0547951, -22.832807 ], [ -43.0547693, -22.8327689 ], [ -43.054631, -22.8326358 ], [ -43.0541113, -22.8324356 ], [ -43.0539565, -22.8321811 ], [ -43.0536377, -22.8320649 ], [ -43.0532809, -22.832223 ], [ -43.0531316, -22.832087 ], [ -43.0530894, -22.8321134 ], [ -43.0530144, -22.8322997 ], [ -43.0525727, -22.8324699 ], [ -43.0524255, -22.8322797 ], [ -43.0523651, -22.8323115 ], [ -43.0523857, -22.8325935 ], [ -43.0521619, -22.8328563 ], [ -43.051729, -22.833217 ], [ -43.0515468, -22.8331706 ], [ -43.0514591, -22.8332317 ], [ -43.0512875, -22.8332179 ], [ -43.051244, -22.8332782 ], [ -43.0512335, -22.8335666 ], [ -43.0511015, -22.8339091 ], [ -43.050816, -22.8338658 ], [ -43.0507868, -22.8338862 ], [ -43.0507729, -22.8339003 ], [ -43.0508754, -22.8339231 ], [ -43.0517402, -22.8341704 ], [ -43.0523571, -22.8343468 ], [ -43.0529773, -22.8346115 ], [ -43.0536544, -22.8349931 ], [ -43.0538966, -22.8351318 ], [ -43.0543323, -22.8353371 ], [ -43.0548491, -22.8355165 ], [ -43.0556336, -22.8354533 ], [ -43.0563011, -22.8354036 ], [ -43.0564857, -22.8353899 ], [ -43.0567629, -22.835359 ], [ -43.0568929, -22.8353445 ], [ -43.0573338, -22.8351832 ], [ -43.0579062, -22.8348681 ], [ -43.058273, -22.834773 ], [ -43.0586166, -22.8348055 ], [ -43.0588316, -22.8348985 ], [ -43.0594521, -22.8351582 ], [ -43.0594711, -22.8351677 ], [ -43.0608374, -22.8357779 ], [ -43.0609635, -22.8358338 ], [ -43.0612248, -22.8359544 ], [ -43.0608339, -22.8354376 ], [ -43.0606821, -22.8350313 ], [ -43.0605366, -22.8346985 ], [ -43.0604328, -22.834474 ], [ -43.0600877, -22.8337137 ], [ -43.05984, -22.8331407 ], [ -43.0598168, -22.8331392 ], [ -43.0598067, -22.8331755 ], [ -43.0598395, -22.8334236 ], [ -43.0590651, -22.833773 ], [ -43.0590461, -22.8340797 ], [ -43.0588899, -22.8340975 ], [ -43.0588691, -22.834091 ], [ -43.0588343, -22.834113 ], [ -43.0583691, -22.8342488 ], [ -43.0579764, -22.8341795 ], [ -43.0577097, -22.8341201 ], [ -43.0575422, -22.8338832 ], [ -43.0573175, -22.8337484 ], [ -43.0558496, -22.8331807 ], [ -43.0556791, -22.8331538 ] ] ] } },
{ "type": "Feature", "properties": { "id": 14, "cod_bairro": "3304904015", "nm_bairro": "Luiz Caçador", "area_km2": 0.569686474640277, "cod_munic": "3304904", "nm_munic": "São Gonçalo", "cod_uf": "33", "sig_uf": "RJ" }, "geometry": { "type": "Polygon", "coordinates": [ [ [ -43.0170607, -22.7957819 ], [ -43.017276, -22.79627 ], [ -43.0170255, -22.7974709 ], [ -43.0215048, -22.7978176 ], [ -43.0219822, -22.7980056 ], [ -43.0220228, -22.798013 ], [ -43.0220326, -22.7980075 ], [ -43.0220408, -22.7979996 ], [ -43.0223934, -22.7976626 ], [ -43.0224376, -22.7976606 ], [ -43.0226008, -22.7977085 ], [ -43.0227789, -22.7975423 ], [ -43.0227197, -22.7973952 ], [ -43.0227433, -22.7973693 ], [ -43.0227717, -22.7973381 ], [ -43.0229333, -22.7973799 ], [ -43.0230583, -22.7972613 ], [ -43.023246, -22.797083 ], [ -43.0232037, -22.7969183 ], [ -43.0232281, -22.7968928 ], [ -43.0232504, -22.7968698 ], [ -43.02349, -22.7968973 ], [ -43.023767, -22.7966354 ], [ -43.0237042, -22.7964531 ], [ -43.0237328, -22.7964245 ], [ -43.0237494, -22.7964078 ], [ -43.0239536, -22.7964216 ], [ -43.024354, -22.7960423 ], [ -43.0243453, -22.7957737 ], [ -43.0243424, -22.7957249 ], [ -43.0243912, -22.7957167 ], [ -43.024565, -22.7956859 ], [ -43.0247976, -22.7953782 ], [ -43.0250364, -22.7936917 ], [ -43.0251819, -22.7934859 ], [ -43.0252087, -22.793448 ], [ -43.0252702, -22.793361 ], [ -43.0252996, -22.7933194 ], [ -43.0253122, -22.7933016 ], [ -43.0253201, -22.7932896 ], [ -43.0253301, -22.7932745 ], [ -43.025341, -22.793255 ], [ -43.0253421, -22.7931663 ], [ -43.0218426, -22.7924954 ], [ -43.0212628, -22.7923798 ], [ -43.020391, -22.7922127 ], [ -43.017775, -22.7916942 ], [ -43.0148179, -22.7910921 ], [ -43.0146931, -22.7910099 ], [ -43.0146843, -22.7910326 ], [ -43.0146674, -22.791076 ], [ -43.014648, -22.791126 ], [ -43.014627, -22.79117 ], [ -43.0146433, -22.7912339 ], [ -43.0147046, -22.7913607 ], [ -43.0147592, -22.7916884 ], [ -43.0147436, -22.7919771 ], [ -43.0147305, -22.7923647 ], [ -43.014728, -22.7926651 ], [ -43.0147244, -22.7929598 ], [ -43.0147202, -22.7931415 ], [ -43.0147202, -22.7935452 ], [ -43.0147358, -22.7939353 ], [ -43.0146968, -22.7944425 ], [ -43.0147032, -22.7947277 ], [ -43.0147046, -22.7948091 ], [ -43.0147625, -22.7949876 ], [ -43.0147827, -22.79505 ], [ -43.0147983, -22.7950978 ], [ -43.0148938, -22.7952841 ], [ -43.0149543, -22.7954021 ], [ -43.0151571, -22.7957454 ], [ -43.0152076, -22.7958631 ], [ -43.0153022, -22.7960813 ], [ -43.0153734, -22.7962095 ], [ -43.0154536, -22.7963539 ], [ -43.0155013, -22.7963718 ], [ -43.0155209, -22.7962008 ], [ -43.015669, -22.7961388 ], [ -43.0158116, -22.7962456 ], [ -43.0158533, -22.7962315 ], [ -43.0159195, -22.7960311 ], [ -43.0162573, -22.7959058 ], [ -43.0164593, -22.79599 ], [ -43.0165028, -22.7959739 ], [ -43.016531, -22.7958243 ], [ -43.0168339, -22.7956991 ], [ -43.0169923, -22.7957732 ], [ -43.0170508, -22.7957479 ], [ -43.0170607, -22.7957819 ] ] ] } },
{ "type": "Feature", "properties": { "id": 15, "cod_bairro": "3304904016", "nm_bairro": "Mutondo", "area_km2": 1.848120767968495, "cod_munic": "3304904", "nm_munic": "São Gonçalo", "cod_uf": "33", "sig_uf": "RJ" }, "geometry": { "type": "Polygon", "coordinates": [ [ [ -43.0217254, -22.8279206 ], [ -43.0217762, -22.8279286 ], [ -43.022095, -22.8282228 ], [ -43.0224169, -22.8282609 ], [ -43.0224678, -22.8280467 ], [ -43.0225547, -22.8280786 ], [ -43.0235604, -22.8289488 ], [ -43.0235647, -22.8289433 ], [ -43.023673, -22.8288537 ], [ -43.0237272, -22.8288088 ], [ -43.0237877, -22.8287587 ], [ -43.0243728, -22.827846 ], [ -43.0250779, -22.8271655 ], [ -43.0251862, -22.8259259 ], [ -43.0256646, -22.8258278 ], [ -43.0260735, -22.8252584 ], [ -43.026466, -22.8249787 ], [ -43.0269987, -22.825017 ], [ -43.0270804, -22.8249863 ], [ -43.0268762, -22.8248631 ], [ -43.0268765, -22.8248198 ], [ -43.0268474, -22.8243749 ], [ -43.027474, -22.8238987 ], [ -43.028135, -22.8235916 ], [ -43.0285625, -22.823433 ], [ -43.0286313, -22.8233242 ], [ -43.0286616, -22.8233052 ], [ -43.0294124, -22.8228345 ], [ -43.0295132, -22.8226853 ], [ -43.0295235, -22.8225307 ], [ -43.0294926, -22.8223864 ], [ -43.0293947, -22.8222267 ], [ -43.0291732, -22.8219742 ], [ -43.0290083, -22.8218609 ], [ -43.0290804, -22.8218299 ], [ -43.0291732, -22.8215723 ], [ -43.0291107, -22.8213625 ], [ -43.0289877, -22.8212116 ], [ -43.0288486, -22.8211344 ], [ -43.0287094, -22.8210777 ], [ -43.0287919, -22.8209437 ], [ -43.0286277, -22.8207795 ], [ -43.0286224, -22.8207225 ], [ -43.0287282, -22.8207665 ], [ -43.029077, -22.8207824 ], [ -43.0290391, -22.8207577 ], [ -43.0284585, -22.820324 ], [ -43.0282478, -22.8203723 ], [ -43.0282072, -22.820339 ], [ -43.0281536, -22.8201128 ], [ -43.0273243, -22.819638 ], [ -43.0266601, -22.8192811 ], [ -43.0263181, -22.8193312 ], [ -43.0262913, -22.8193307 ], [ -43.0262193, -22.8193915 ], [ -43.026191, -22.8191731 ], [ -43.0243671, -22.8185828 ], [ -43.0241977, -22.8184781 ], [ -43.0242027, -22.8184465 ], [ -43.0242316, -22.8184043 ], [ -43.0242237, -22.8183573 ], [ -43.0241671, -22.8180534 ], [ -43.0238355, -22.8178493 ], [ -43.0237887, -22.8178238 ], [ -43.0237807, -22.8178253 ], [ -43.0234564, -22.8178861 ], [ -43.0234237, -22.8178923 ], [ -43.0234212, -22.8178917 ], [ -43.0234126, -22.8178595 ], [ -43.0233646, -22.8176796 ], [ -43.0232704, -22.8176123 ], [ -43.0226381, -22.8176392 ], [ -43.0225439, -22.81772 ], [ -43.0224342, -22.8183418 ], [ -43.0219904, -22.8178456 ], [ -43.0215903, -22.8178301 ], [ -43.0215549, -22.8178266 ], [ -43.0215321, -22.8177996 ], [ -43.0212976, -22.817521 ], [ -43.0212704, -22.8171199 ], [ -43.0213499, -22.8169194 ], [ -43.0214921, -22.8168491 ], [ -43.0214971, -22.8167986 ], [ -43.0213427, -22.8166114 ], [ -43.0215218, -22.8152075 ], [ -43.021702, -22.8150944 ], [ -43.0217298, -22.8150543 ], [ -43.0217381, -22.8149945 ], [ -43.0218104, -22.8144773 ], [ -43.0218156, -22.8144399 ], [ -43.0213287, -22.8143257 ], [ -43.020938, -22.8142478 ], [ -43.0206141, -22.8142679 ], [ -43.0205901, -22.8142959 ], [ -43.0205065, -22.8142961 ], [ -43.0202605, -22.8143733 ], [ -43.019955, -22.8144796 ], [ -43.0195816, -22.8146757 ], [ -43.0189126, -22.8150978 ], [ -43.0188922, -22.8151109 ], [ -43.0186414, -22.8152579 ], [ -43.0183353, -22.8153988 ], [ -43.0178644, -22.8155491 ], [ -43.0168909, -22.8157346 ], [ -43.0162898, -22.8158478 ], [ -43.0160483, -22.815899 ], [ -43.0153647, -22.8160306 ], [ -43.014872, -22.8161151 ], [ -43.0147854, -22.8161282 ], [ -43.0140972, -22.816243 ], [ -43.0132357, -22.8163878 ], [ -43.0133201, -22.8164258 ], [ -43.0137334, -22.8165681 ], [ -43.0138575, -22.8171686 ], [ -43.0140078, -22.8181849 ], [ -43.0136436, -22.8184336 ], [ -43.013634, -22.8184827 ], [ -43.0135732, -22.8184711 ], [ -43.0135619, -22.8185268 ], [ -43.0137063, -22.818673 ], [ -43.0130148, -22.8199434 ], [ -43.0126916, -22.8200479 ], [ -43.0126621, -22.8200675 ], [ -43.0125213, -22.8200468 ], [ -43.0125619, -22.8201085 ], [ -43.0127127, -22.8202499 ], [ -43.0124576, -22.8211623 ], [ -43.0121729, -22.8212227 ], [ -43.0121443, -22.8212292 ], [ -43.0121396, -22.8212424 ], [ -43.0121316, -22.821265 ], [ -43.0123147, -22.8216142 ], [ -43.0118681, -22.8227426 ], [ -43.0115283, -22.822743 ], [ -43.0115266, -22.8227474 ], [ -43.0107539, -22.8233002 ], [ -43.0107029, -22.8233367 ], [ -43.0113616, -22.8243135 ], [ -43.0116517, -22.8245983 ], [ -43.0116121, -22.8246298 ], [ -43.0116078, -22.8246332 ], [ -43.0102822, -22.8256869 ], [ -43.0102935, -22.8258667 ], [ -43.0103518, -22.8258773 ], [ -43.0115293, -22.8260346 ], [ -43.0119006, -22.8260841 ], [ -43.0125039, -22.8261643 ], [ -43.0126208, -22.8261841 ], [ -43.0131994, -22.8262821 ], [ -43.0134098, -22.826318 ], [ -43.0136575, -22.8263595 ], [ -43.0136973, -22.8263672 ], [ -43.0143973, -22.8265258 ], [ -43.0144684, -22.826542 ], [ -43.0156522, -22.8268116 ], [ -43.015859, -22.8268706 ], [ -43.0169699, -22.8271891 ], [ -43.0169398, -22.8275707 ], [ -43.0178425, -22.8277065 ], [ -43.0193697, -22.8279678 ], [ -43.0198153, -22.8277227 ], [ -43.0198339, -22.8277331 ], [ -43.0198639, -22.8277498 ], [ -43.0198937, -22.8278947 ], [ -43.0203013, -22.8279386 ], [ -43.020487, -22.8277942 ], [ -43.0206309, -22.8277932 ], [ -43.0206362, -22.8279352 ], [ -43.020758, -22.8279444 ], [ -43.0208347, -22.8277829 ], [ -43.0208911, -22.8278171 ], [ -43.0212715, -22.8281316 ], [ -43.0215894, -22.8281165 ], [ -43.0216714, -22.8279122 ], [ -43.0217254, -22.8279206 ] ] ] } },
{ "type": "Feature", "properties": { "id": 16, "cod_bairro": "3304904017", "nm_bairro": "Mutuá", "area_km2": 1.1474075676013065, "cod_munic": "3304904", "nm_munic": "São Gonçalo", "cod_uf": "33", "sig_uf": "RJ" }, "geometry": { "type": "Polygon", "coordinates": [ [ [ -43.0440629, -22.8219043 ], [ -43.0442036, -22.8219422 ], [ -43.0444884, -22.822019 ], [ -43.0445215, -22.8219897 ], [ -43.0446629, -22.821768 ], [ -43.0468801, -22.8194175 ], [ -43.046829, -22.8188958 ], [ -43.0468001, -22.8188779 ], [ -43.0467609, -22.8188537 ], [ -43.0464281, -22.8189558 ], [ -43.046291, -22.8188265 ], [ -43.0452655, -22.8178599 ], [ -43.0464908, -22.8170112 ], [ -43.0463065, -22.8167665 ], [ -43.0462475, -22.8167779 ], [ -43.0462376, -22.8167384 ], [ -43.0462474, -22.8166065 ], [ -43.0458952, -22.8164098 ], [ -43.0456683, -22.8164095 ], [ -43.0456398, -22.8163889 ], [ -43.0456071, -22.8163733 ], [ -43.0456525, -22.8160723 ], [ -43.0455775, -22.8159929 ], [ -43.045005, -22.8160236 ], [ -43.0449738, -22.8160069 ], [ -43.0449424, -22.8159902 ], [ -43.0449166, -22.8156569 ], [ -43.0437911, -22.8150101 ], [ -43.0437364, -22.8146532 ], [ -43.0437264, -22.8146245 ], [ -43.0436919, -22.8146244 ], [ -43.0434273, -22.8147153 ], [ -43.0430856, -22.8145032 ], [ -43.0431042, -22.8142887 ], [ -43.0430808, -22.8142741 ], [ -43.043057, -22.8142599 ], [ -43.0427497, -22.8143147 ], [ -43.0425766, -22.8140264 ], [ -43.0427066, -22.8137643 ], [ -43.042713, -22.8137265 ], [ -43.0427367, -22.8137527 ], [ -43.0429548, -22.8137133 ], [ -43.0438027, -22.8132424 ], [ -43.044593, -22.8128316 ], [ -43.0446652, -22.812538 ], [ -43.044672, -22.8125028 ], [ -43.0447094, -22.81251 ], [ -43.0449797, -22.8125613 ], [ -43.0450568, -22.8127269 ], [ -43.0449486, -22.8128853 ], [ -43.0449609, -22.8129049 ], [ -43.0449732, -22.8129246 ], [ -43.045172, -22.8128903 ], [ -43.0453091, -22.8130868 ], [ -43.0454083, -22.81329 ], [ -43.0454394, -22.8133283 ], [ -43.0457721, -22.8132865 ], [ -43.0460347, -22.8132104 ], [ -43.046233, -22.8130424 ], [ -43.0463974, -22.8121941 ], [ -43.0461633, -22.8119021 ], [ -43.0461636, -22.8118739 ], [ -43.0461638, -22.8118567 ], [ -43.0465102, -22.8113368 ], [ -43.0465713, -22.8087076 ], [ -43.0465584, -22.8084632 ], [ -43.0463784, -22.8082832 ], [ -43.0456452, -22.808296 ], [ -43.0455941, -22.8073295 ], [ -43.0453527, -22.8067739 ], [ -43.0447734, -22.8068159 ], [ -43.0443379, -22.8067173 ], [ -43.0442914, -22.8067293 ], [ -43.0442531, -22.8067393 ], [ -43.0442636, -22.8069466 ], [ -43.0434963, -22.8072395 ], [ -43.0434508, -22.8090387 ], [ -43.0432422, -22.8092572 ], [ -43.0432236, -22.8092758 ], [ -43.0432075, -22.8093 ], [ -43.042995, -22.809233 ], [ -43.0412881, -22.8096041 ], [ -43.041154, -22.8098427 ], [ -43.0411333, -22.8098853 ], [ -43.0406663, -22.8096121 ], [ -43.0384928, -22.8101498 ], [ -43.0384197, -22.8098619 ], [ -43.0381848, -22.8098284 ], [ -43.0382532, -22.8097469 ], [ -43.0385056, -22.8096923 ], [ -43.0384997, -22.8093649 ], [ -43.0381732, -22.8093653 ], [ -43.0381505, -22.8093608 ], [ -43.038129, -22.8093669 ], [ -43.037937, -22.8094372 ], [ -43.0377855, -22.8091362 ], [ -43.0375404, -22.8092717 ], [ -43.0373813, -22.8087365 ], [ -43.0373561, -22.8085783 ], [ -43.0373411, -22.8085582 ], [ -43.0373195, -22.8085407 ], [ -43.0371776, -22.808576 ], [ -43.0368331, -22.8082382 ], [ -43.0367979, -22.8084031 ], [ -43.0364244, -22.8087581 ], [ -43.0362403, -22.8086975 ], [ -43.0362173, -22.8087214 ], [ -43.0361958, -22.8087438 ], [ -43.0361703, -22.8090312 ], [ -43.0353379, -22.8094125 ], [ -43.0351601, -22.8092605 ], [ -43.0351026, -22.80928 ], [ -43.0350657, -22.8094857 ], [ -43.0344149, -22.8095169 ], [ -43.0342609, -22.8092759 ], [ -43.0342342, -22.8092739 ], [ -43.0342081, -22.809272 ], [ -43.0340742, -22.8094667 ], [ -43.033569, -22.8093879 ], [ -43.0335125, -22.8091451 ], [ -43.0334636, -22.809128 ], [ -43.0333637, -22.8093022 ], [ -43.0332143, -22.8092363 ], [ -43.0332078, -22.8090485 ], [ -43.0331515, -22.8089863 ], [ -43.033135, -22.8089869 ], [ -43.032949, -22.8089851 ], [ -43.032878, -22.8090155 ], [ -43.0324551, -22.809566 ], [ -43.0326517, -22.8096818 ], [ -43.0326877, -22.8096761 ], [ -43.0327065, -22.809694 ], [ -43.0329653, -22.8098749 ], [ -43.0329532, -22.8104193 ], [ -43.0327747, -22.8107896 ], [ -43.0330597, -22.8116076 ], [ -43.0328128, -22.8116926 ], [ -43.0327851, -22.8116956 ], [ -43.03252, -22.8123047 ], [ -43.0325375, -22.812327 ], [ -43.0329313, -22.8135102 ], [ -43.0330132, -22.8137013 ], [ -43.0326055, -22.8138957 ], [ -43.0327799, -22.8142562 ], [ -43.0327234, -22.8144201 ], [ -43.03274, -22.8144408 ], [ -43.0327518, -22.8144698 ], [ -43.0329557, -22.81447 ], [ -43.0330812, -22.8146727 ], [ -43.0329722, -22.8148477 ], [ -43.0329621, -22.8148837 ], [ -43.0329798, -22.8149037 ], [ -43.0331729, -22.8152035 ], [ -43.0344227, -22.8145376 ], [ -43.035605, -22.8139392 ], [ -43.0356989, -22.8136117 ], [ -43.0357164, -22.813572 ], [ -43.0357602, -22.8135923 ], [ -43.0358986, -22.8137061 ], [ -43.0363354, -22.8135131 ], [ -43.0363192, -22.8133433 ], [ -43.0363398, -22.8133039 ], [ -43.036344, -22.8132408 ], [ -43.0365086, -22.8133783 ], [ -43.0369046, -22.8132223 ], [ -43.0369287, -22.8130276 ], [ -43.0369457, -22.8129847 ], [ -43.0369841, -22.813003 ], [ -43.0371482, -22.8131427 ], [ -43.0375697, -22.8129944 ], [ -43.037586, -22.8127676 ], [ -43.0376093, -22.8127579 ], [ -43.0376378, -22.8127461 ], [ -43.037813, -22.8127783 ], [ -43.0378742, -22.8128747 ], [ -43.0381553, -22.8127628 ], [ -43.0382122, -22.8125253 ], [ -43.0382383, -22.8125154 ], [ -43.038258, -22.8125078 ], [ -43.0384235, -22.8126243 ], [ -43.0385568, -22.8125885 ], [ -43.0388453, -22.8134877 ], [ -43.0390475, -22.8135271 ], [ -43.0390557, -22.8135443 ], [ -43.039064, -22.8135614 ], [ -43.0389216, -22.8137064 ], [ -43.0390462, -22.8141335 ], [ -43.0393801, -22.8140855 ], [ -43.0393997, -22.8141098 ], [ -43.0394193, -22.814134 ], [ -43.0394047, -22.81437 ], [ -43.0392954, -22.8144285 ], [ -43.0397038, -22.8149572 ], [ -43.0400653, -22.8149171 ], [ -43.0401099, -22.8149339 ], [ -43.0401, -22.8149627 ], [ -43.0400429, -22.8151099 ], [ -43.0399031, -22.8151709 ], [ -43.0401463, -22.8154585 ], [ -43.0392327, -22.815889 ], [ -43.0395669, -22.8163104 ], [ -43.0391483, -22.8165552 ], [ -43.0389621, -22.816462 ], [ -43.0389058, -22.8164528 ], [ -43.0389008, -22.8165034 ], [ -43.0387817, -22.8167897 ], [ -43.0391131, -22.8172511 ], [ -43.039496, -22.8172616 ], [ -43.0395594, -22.8172826 ], [ -43.0395602, -22.817321 ], [ -43.0395256, -22.8174497 ], [ -43.0397014, -22.8176196 ], [ -43.0398679, -22.8175871 ], [ -43.0398996, -22.81759 ], [ -43.0399034, -22.8176116 ], [ -43.0399112, -22.817769 ], [ -43.0402969, -22.8180502 ], [ -43.0404143, -22.8179631 ], [ -43.0407188, -22.8177562 ], [ -43.0416983, -22.8189943 ], [ -43.0425092, -22.820101 ], [ -43.0424713, -22.8201789 ], [ -43.0422792, -22.8205871 ], [ -43.0422133, -22.8206952 ], [ -43.0421448, -22.8209239 ], [ -43.043463, -22.8215425 ], [ -43.0440254, -22.8218674 ], [ -43.0440629, -22.8219043 ] ] ] } },
{ "type": "Feature", "properties": { "id": 17, "cod_bairro": "3304904018", "nm_bairro": "Mutuaguaçu", "area_km2": 0.47599042994380975, "cod_munic": "3304904", "nm_munic": "São Gonçalo", "cod_uf": "33", "sig_uf": "RJ" }, "geometry": { "type": "Polygon", "coordinates": [ [ [ -43.0384928, -22.8101498 ], [ -43.0406663, -22.8096121 ], [ -43.0411333, -22.8098853 ], [ -43.041154, -22.8098427 ], [ -43.0412881, -22.8096041 ], [ -43.042995, -22.809233 ], [ -43.0432075, -22.8093 ], [ -43.0432236, -22.8092758 ], [ -43.0432422, -22.8092572 ], [ -43.0434508, -22.8090387 ], [ -43.0434963, -22.8072395 ], [ -43.0442636, -22.8069466 ], [ -43.0442531, -22.8067393 ], [ -43.0442914, -22.8067293 ], [ -43.0443379, -22.8067173 ], [ -43.0447734, -22.8068159 ], [ -43.0453527, -22.8067739 ], [ -43.0456472, -22.8066843 ], [ -43.0455968, -22.8062135 ], [ -43.045612, -22.8061848 ], [ -43.0455781, -22.806164 ], [ -43.0452106, -22.8058234 ], [ -43.0444402, -22.8052353 ], [ -43.0441995, -22.8053893 ], [ -43.0441339, -22.8053368 ], [ -43.0441628, -22.8051259 ], [ -43.0411501, -22.8029715 ], [ -43.0407684, -22.8028333 ], [ -43.0406329, -22.8030734 ], [ -43.040598, -22.8031028 ], [ -43.0403952, -22.8029716 ], [ -43.0392932, -22.8033478 ], [ -43.039264, -22.8035148 ], [ -43.0392199, -22.8035341 ], [ -43.0390307, -22.8034249 ], [ -43.0386181, -22.8035602 ], [ -43.0384427, -22.8038414 ], [ -43.0384368, -22.8040154 ], [ -43.0384101, -22.8040065 ], [ -43.0382828, -22.8040655 ], [ -43.0378344, -22.8038762 ], [ -43.0374906, -22.8037616 ], [ -43.0373732, -22.8042915 ], [ -43.0375623, -22.8043832 ], [ -43.0371985, -22.8051222 ], [ -43.0376799, -22.8055732 ], [ -43.0376917, -22.8056213 ], [ -43.0376422, -22.8056226 ], [ -43.0372644, -22.805572 ], [ -43.0365419, -22.8064898 ], [ -43.0364149, -22.8078778 ], [ -43.0367032, -22.8079437 ], [ -43.0367239, -22.8079439 ], [ -43.0367865, -22.8080058 ], [ -43.0368331, -22.8082382 ], [ -43.0371776, -22.808576 ], [ -43.0373195, -22.8085407 ], [ -43.0373411, -22.8085582 ], [ -43.0373561, -22.8085783 ], [ -43.0373813, -22.8087365 ], [ -43.0375404, -22.8092717 ], [ -43.0377855, -22.8091362 ], [ -43.037937, -22.8094372 ], [ -43.038129, -22.8093669 ], [ -43.0381505, -22.8093608 ], [ -43.0381732, -22.8093653 ], [ -43.0384997, -22.8093649 ], [ -43.0385056, -22.8096923 ], [ -43.0382532, -22.8097469 ], [ -43.0381848, -22.8098284 ], [ -43.0384197, -22.8098619 ], [ -43.0384928, -22.8101498 ] ] ] } },
{ "type": "Feature", "properties": { "id": 18, "cod_bairro": "3304904019", "nm_bairro": "Mutuapira", "area_km2": 0.9661501059760057, "cod_munic": "3304904", "nm_munic": "São Gonçalo", "cod_uf": "33", "sig_uf": "RJ" }, "geometry": { "type": "Polygon", "coordinates": [ [ [ -43.032878, -22.8090155 ], [ -43.032949, -22.8089851 ], [ -43.033135, -22.8089869 ], [ -43.0331515, -22.8089863 ], [ -43.0332078, -22.8090485 ], [ -43.0332143, -22.8092363 ], [ -43.0333637, -22.8093022 ], [ -43.0334636, -22.809128 ], [ -43.0335125, -22.8091451 ], [ -43.033569, -22.8093879 ], [ -43.0340742, -22.8094667 ], [ -43.0342081, -22.809272 ], [ -43.0342342, -22.8092739 ], [ -43.0342609, -22.8092759 ], [ -43.0344149, -22.8095169 ], [ -43.0350657, -22.8094857 ], [ -43.0351026, -22.80928 ], [ -43.0351601, -22.8092605 ], [ -43.0353379, -22.8094125 ], [ -43.0361703, -22.8090312 ], [ -43.0361958, -22.8087438 ], [ -43.0362173, -22.8087214 ], [ -43.0362403, -22.8086975 ], [ -43.0364244, -22.8087581 ], [ -43.0367979, -22.8084031 ], [ -43.0368331, -22.8082382 ], [ -43.0367865, -22.8080058 ], [ -43.0367239, -22.8079439 ], [ -43.0367032, -22.8079437 ], [ -43.0364149, -22.8078778 ], [ -43.0365419, -22.8064898 ], [ -43.0372644, -22.805572 ], [ -43.0376422, -22.8056226 ], [ -43.0376917, -22.8056213 ], [ -43.0376799, -22.8055732 ], [ -43.0371985, -22.8051222 ], [ -43.0375623, -22.8043832 ], [ -43.0373732, -22.8042915 ], [ -43.0374906, -22.8037616 ], [ -43.0378344, -22.8038762 ], [ -43.0379117, -22.8036241 ], [ -43.0380779, -22.8036585 ], [ -43.0381082, -22.8035104 ], [ -43.0384141, -22.8033335 ], [ -43.0384153, -22.8032932 ], [ -43.0384166, -22.8032538 ], [ -43.0380908, -22.8031028 ], [ -43.0381137, -22.8019971 ], [ -43.0384162, -22.8017825 ], [ -43.0384539, -22.8017505 ], [ -43.0384201, -22.8017154 ], [ -43.0381969, -22.8015848 ], [ -43.0382255, -22.8012066 ], [ -43.0384402, -22.8010878 ], [ -43.0384412, -22.8010561 ], [ -43.0384429, -22.8010223 ], [ -43.0382397, -22.8008641 ], [ -43.0383319, -22.8001503 ], [ -43.0374334, -22.8000507 ], [ -43.0374393, -22.79976 ], [ -43.0374048, -22.7997534 ], [ -43.037372, -22.7997385 ], [ -43.0370196, -22.7998723 ], [ -43.0336017, -22.7990802 ], [ -43.033482, -22.7989198 ], [ -43.0334635, -22.7988998 ], [ -43.0334318, -22.7989002 ], [ -43.0330887, -22.7989161 ], [ -43.0323749, -22.7982668 ], [ -43.0324206, -22.7979647 ], [ -43.0323988, -22.7979457 ], [ -43.0323796, -22.7979289 ], [ -43.0319741, -22.7979788 ], [ -43.0308131, -22.7972763 ], [ -43.0307053, -22.7973662 ], [ -43.0306013, -22.7975208 ], [ -43.0304173, -22.7974972 ], [ -43.0303897, -22.7975307 ], [ -43.0303466, -22.7975753 ], [ -43.0304266, -22.7978164 ], [ -43.0302006, -22.7980713 ], [ -43.0300171, -22.7980683 ], [ -43.0299692, -22.7980567 ], [ -43.0299532, -22.7980817 ], [ -43.0299372, -22.7981068 ], [ -43.0299938, -22.7982829 ], [ -43.029763, -22.7985666 ], [ -43.0295979, -22.7985309 ], [ -43.0295545, -22.7985656 ], [ -43.0296091, -22.7987637 ], [ -43.0294312, -22.7989609 ], [ -43.0293391, -22.7989412 ], [ -43.0293085, -22.7988486 ], [ -43.0292811, -22.7988345 ], [ -43.0292548, -22.7989077 ], [ -43.0291932, -22.7991597 ], [ -43.0289981, -22.7995529 ], [ -43.0285132, -22.8001649 ], [ -43.0282164, -22.8001145 ], [ -43.028182, -22.8001278 ], [ -43.0281288, -22.800051 ], [ -43.0279187, -22.79983 ], [ -43.0279259, -22.79988 ], [ -43.027878, -22.8005865 ], [ -43.0285273, -22.8011868 ], [ -43.0290255, -22.8012166 ], [ -43.0290842, -22.8012082 ], [ -43.029091, -22.8012388 ], [ -43.0291846, -22.8016397 ], [ -43.0282687, -22.8026425 ], [ -43.0283396, -22.8029159 ], [ -43.0283234, -22.802936 ], [ -43.0283081, -22.8029551 ], [ -43.0280146, -22.8029099 ], [ -43.0277205, -22.8032709 ], [ -43.0275727, -22.8044636 ], [ -43.027306, -22.8048219 ], [ -43.0274731, -22.8062526 ], [ -43.0277542, -22.8066467 ], [ -43.0277886, -22.806695 ], [ -43.0277815, -22.8067238 ], [ -43.0277034, -22.8069753 ], [ -43.0278567, -22.8070412 ], [ -43.0280267, -22.8068069 ], [ -43.028043, -22.8067783 ], [ -43.0280781, -22.8067171 ], [ -43.0283548, -22.8068655 ], [ -43.0294245, -22.8063175 ], [ -43.0293983, -22.8061233 ], [ -43.0294217, -22.8061087 ], [ -43.0294358, -22.8060991 ], [ -43.0296733, -22.8061791 ], [ -43.0299381, -22.8060138 ], [ -43.0299784, -22.8057587 ], [ -43.0299859, -22.8057212 ], [ -43.0300806, -22.8057167 ], [ -43.0304589, -22.805712 ], [ -43.0310961, -22.8053491 ], [ -43.0313754, -22.8057971 ], [ -43.0315683, -22.8057974 ], [ -43.0315908, -22.8058529 ], [ -43.0314392, -22.8060175 ], [ -43.0317555, -22.8069738 ], [ -43.0322037, -22.8085152 ], [ -43.0327092, -22.8086536 ], [ -43.0327736, -22.8086552 ], [ -43.0327607, -22.8086932 ], [ -43.0327596, -22.8087074 ], [ -43.0327517, -22.808929 ], [ -43.032878, -22.8090155 ] ] ] } },
{ "type": "Feature", "properties": { "id": 19, "cod_bairro": "3304904020", "nm_bairro": "Nova Cidade", "area_km2": 0.93066128418990302, "cod_munic": "3304904", "nm_munic": "São Gonçalo", "cod_uf": "33", "sig_uf": "RJ" }, "geometry": { "type": "Polygon", "coordinates": [ [ [ -43.0241117, -22.8168172 ], [ -43.0246517, -22.8166292 ], [ -43.0249122, -22.8159017 ], [ -43.0248024, -22.8157476 ], [ -43.0247782, -22.8156965 ], [ -43.0247767, -22.8156326 ], [ -43.0249789, -22.8153909 ], [ -43.0250155, -22.8153471 ], [ -43.0250319, -22.8153275 ], [ -43.0250304, -22.8153229 ], [ -43.0250261, -22.8152952 ], [ -43.0249387, -22.8152315 ], [ -43.0249799, -22.8151741 ], [ -43.0250927, -22.8151997 ], [ -43.0251403, -22.8151362 ], [ -43.0252436, -22.8147415 ], [ -43.0254101, -22.8145931 ], [ -43.0255913, -22.8145697 ], [ -43.0256217, -22.8145297 ], [ -43.0255767, -22.8142598 ], [ -43.0257017, -22.8140695 ], [ -43.0259977, -22.8140546 ], [ -43.0260246, -22.8140241 ], [ -43.0258792, -22.8137265 ], [ -43.0262695, -22.813337 ], [ -43.0262945, -22.8131597 ], [ -43.0263027, -22.8131473 ], [ -43.0262843, -22.8131295 ], [ -43.0262771, -22.8131188 ], [ -43.0262588, -22.8131154 ], [ -43.0258196, -22.813012 ], [ -43.0255131, -22.8120753 ], [ -43.0257235, -22.8118555 ], [ -43.0257399, -22.811822 ], [ -43.0257402, -22.8117868 ], [ -43.0257212, -22.8116184 ], [ -43.0251446, -22.8116688 ], [ -43.0250685, -22.8108334 ], [ -43.0251745, -22.8105932 ], [ -43.0251505, -22.8103926 ], [ -43.0251746, -22.8103439 ], [ -43.0253035, -22.8103984 ], [ -43.0253694, -22.8102294 ], [ -43.0253187, -22.81006 ], [ -43.0253627, -22.8100024 ], [ -43.0255939, -22.8100352 ], [ -43.0257572, -22.8097531 ], [ -43.025657, -22.809534 ], [ -43.0257094, -22.8094641 ], [ -43.0260394, -22.8092593 ], [ -43.0260422, -22.809253 ], [ -43.0261285, -22.8090588 ], [ -43.0259929, -22.808553 ], [ -43.0259764, -22.8084813 ], [ -43.0259978, -22.8084588 ], [ -43.026085, -22.8083675 ], [ -43.0255309, -22.8077963 ], [ -43.0257365, -22.8065168 ], [ -43.0259282, -22.806185 ], [ -43.0259271, -22.8061677 ], [ -43.0259273, -22.8061512 ], [ -43.0260203, -22.8061991 ], [ -43.0260864, -22.806236 ], [ -43.0275711, -22.8069404 ], [ -43.0277034, -22.8069753 ], [ -43.0277815, -22.8067238 ], [ -43.0277886, -22.806695 ], [ -43.0277542, -22.8066467 ], [ -43.0274731, -22.8062526 ], [ -43.027306, -22.8048219 ], [ -43.0275727, -22.8044636 ], [ -43.0277205, -22.8032709 ], [ -43.0280146, -22.8029099 ], [ -43.0283081, -22.8029551 ], [ -43.0283234, -22.802936 ], [ -43.0283396, -22.8029159 ], [ -43.0282687, -22.8026425 ], [ -43.0291846, -22.8016397 ], [ -43.029091, -22.8012388 ], [ -43.0290842, -22.8012082 ], [ -43.0290255, -22.8012166 ], [ -43.0285273, -22.8011868 ], [ -43.027878, -22.8005865 ], [ -43.0279259, -22.79988 ], [ -43.0279187, -22.79983 ], [ -43.0278847, -22.7997942 ], [ -43.0278465, -22.7997702 ], [ -43.0275595, -22.7995899 ], [ -43.0268958, -22.7996611 ], [ -43.0268313, -22.7996611 ], [ -43.0267024, -22.799645 ], [ -43.0265467, -22.7995966 ], [ -43.0251553, -22.7987994 ], [ -43.0247003, -22.7989084 ], [ -43.0246679, -22.7989265 ], [ -43.0246457, -22.7988928 ], [ -43.0246372, -22.7986806 ], [ -43.0244817, -22.7985682 ], [ -43.0243485, -22.798671 ], [ -43.0243246, -22.798658 ], [ -43.0243041, -22.7986375 ], [ -43.0243049, -22.7982405 ], [ -43.0236243, -22.7976814 ], [ -43.0230583, -22.7972613 ], [ -43.0229333, -22.7973799 ], [ -43.0227717, -22.7973381 ], [ -43.0227433, -22.7973693 ], [ -43.0227197, -22.7973952 ], [ -43.0227789, -22.7975423 ], [ -43.0226008, -22.7977085 ], [ -43.0224376, -22.7976606 ], [ -43.0223934, -22.7976626 ], [ -43.0223958, -22.7976973 ], [ -43.0224631, -22.7979096 ], [ -43.0222175, -22.7980736 ], [ -43.022313, -22.7984449 ], [ -43.0221827, -22.7985226 ], [ -43.0221986, -22.7985454 ], [ -43.0221944, -22.7985702 ], [ -43.0224403, -22.7986465 ], [ -43.022504, -22.7989966 ], [ -43.0223225, -22.7991531 ], [ -43.0223433, -22.7991725 ], [ -43.0223347, -22.7991958 ], [ -43.0225888, -22.7992724 ], [ -43.0226631, -22.7996278 ], [ -43.0224676, -22.7997977 ], [ -43.0224758, -22.799829 ], [ -43.0224811, -22.7998581 ], [ -43.0228222, -22.8000097 ], [ -43.0230238, -22.8009697 ], [ -43.0228965, -22.8019881 ], [ -43.0226843, -22.8033036 ], [ -43.0229667, -22.8034903 ], [ -43.0229889, -22.8035191 ], [ -43.0229558, -22.8035353 ], [ -43.0226047, -22.8037582 ], [ -43.0224265, -22.8048959 ], [ -43.0226585, -22.8053926 ], [ -43.0224515, -22.8054678 ], [ -43.0223021, -22.8063662 ], [ -43.0224146, -22.8065423 ], [ -43.0224119, -22.8065675 ], [ -43.0224085, -22.8065947 ], [ -43.0222567, -22.8066984 ], [ -43.0220585, -22.8081183 ], [ -43.0222598, -22.8083342 ], [ -43.022284, -22.8084018 ], [ -43.0222728, -22.8084159 ], [ -43.0220308, -22.8084703 ], [ -43.022002, -22.8088791 ], [ -43.0221967, -22.8090113 ], [ -43.0221907, -22.8090612 ], [ -43.0219254, -22.8092784 ], [ -43.0219222, -22.8094158 ], [ -43.0221211, -22.8096569 ], [ -43.0221004, -22.8097008 ], [ -43.0220737, -22.8097576 ], [ -43.0219437, -22.809826 ], [ -43.0218917, -22.8101796 ], [ -43.022092, -22.8102818 ], [ -43.0220887, -22.810362 ], [ -43.0218345, -22.8105331 ], [ -43.0218226, -22.8108102 ], [ -43.0220457, -22.8109597 ], [ -43.0220394, -22.8110414 ], [ -43.021756, -22.8111673 ], [ -43.0216629, -22.8121345 ], [ -43.021938, -22.8123403 ], [ -43.0219367, -22.8123584 ], [ -43.0219347, -22.8123862 ], [ -43.0217141, -22.8124314 ], [ -43.0216774, -22.8128407 ], [ -43.0218861, -22.8129969 ], [ -43.0218824, -22.8130452 ], [ -43.0216452, -22.8131534 ], [ -43.0216498, -22.8135489 ], [ -43.0218387, -22.8136412 ], [ -43.0218332, -22.813721 ], [ -43.0216498, -22.8138294 ], [ -43.0216268, -22.8142479 ], [ -43.0217841, -22.8143841 ], [ -43.0218156, -22.8144399 ], [ -43.0218104, -22.8144773 ], [ -43.0217381, -22.8149945 ], [ -43.0217298, -22.8150543 ], [ -43.021702, -22.8150944 ], [ -43.0215218, -22.8152075 ], [ -43.0213427, -22.8166114 ], [ -43.0214971, -22.8167986 ], [ -43.0214921, -22.8168491 ], [ -43.0213499, -22.8169194 ], [ -43.0212704, -22.8171199 ], [ -43.0212976, -22.817521 ], [ -43.0215321, -22.8177996 ], [ -43.0215549, -22.8178266 ], [ -43.0215903, -22.8178301 ], [ -43.0219904, -22.8178456 ], [ -43.0224342, -22.8183418 ], [ -43.0225439, -22.81772 ], [ -43.0226381, -22.8176392 ], [ -43.0232704, -22.8176123 ], [ -43.0233646, -22.8176796 ], [ -43.0234126, -22.8178595 ], [ -43.0234212, -22.8178917 ], [ -43.0234237, -22.8178923 ], [ -43.0234564, -22.8178861 ], [ -43.0237807, -22.8178253 ], [ -43.0239198, -22.8176982 ], [ -43.0241117, -22.8168172 ] ] ] } },
{ "type": "Feature", "properties": { "id": 20, "cod_bairro": "3304904021", "nm_bairro": "Palmeiras", "area_km2": 19.049299171967697, "cod_munic": "3304904", "nm_munic": "São Gonçalo", "cod_uf": "33", "sig_uf": "RJ" }, "geometry": { "type": "Polygon", "coordinates": [ [ [ -43.0272872, -22.7789304 ], [ -43.0280465, -22.7790018 ], [ -43.0293608, -22.7791056 ], [ -43.0293983, -22.7792136 ], [ -43.0294074, -22.7792396 ], [ -43.0294442, -22.7793289 ], [ -43.0294834, -22.779301 ], [ -43.0296208, -22.779272 ], [ -43.0301465, -22.779251 ], [ -43.0303573, -22.7792253 ], [ -43.0325756, -22.7793611 ], [ -43.0350559, -22.7795781 ], [ -43.0375285, -22.7798058 ], [ -43.0383231, -22.7799121 ], [ -43.0387224, -22.7799248 ], [ -43.0392097, -22.7799403 ], [ -43.0396199, -22.779872 ], [ -43.0401781, -22.7796807 ], [ -43.0404532, -22.7795116 ], [ -43.0407373, -22.7794064 ], [ -43.0408543, -22.7793543 ], [ -43.0413396, -22.7788896 ], [ -43.0413483, -22.7788813 ], [ -43.0418532, -22.7782554 ], [ -43.0425985, -22.7775347 ], [ -43.0426087, -22.7774976 ], [ -43.0426278, -22.7774896 ], [ -43.0427707, -22.7773237 ], [ -43.0431172, -22.7769225 ], [ -43.0425287, -22.7766581 ], [ -43.0421959, -22.7761891 ], [ -43.0418933, -22.7754025 ], [ -43.0414093, -22.771893 ], [ -43.0411672, -22.7714997 ], [ -43.040789, -22.7714089 ], [ -43.0391596, -22.7716798 ], [ -43.0388136, -22.7715577 ], [ -43.0386864, -22.7713948 ], [ -43.0387068, -22.7711404 ], [ -43.0388289, -22.7709623 ], [ -43.0396837, -22.7697005 ], [ -43.0399722, -22.7693819 ], [ -43.0402142, -22.7688524 ], [ -43.0404876, -22.7684539 ], [ -43.0423623, -22.7666892 ], [ -43.0441322, -22.7667497 ], [ -43.0446616, -22.7665531 ], [ -43.0447599, -22.766398 ], [ -43.0448583, -22.7662429 ], [ -43.0452818, -22.7656379 ], [ -43.0457735, -22.7649949 ], [ -43.0461895, -22.7648512 ], [ -43.0465601, -22.7646243 ], [ -43.0469685, -22.7644579 ], [ -43.0474829, -22.7646092 ], [ -43.0477814, -22.7644767 ], [ -43.0475434, -22.7642461 ], [ -43.0474677, -22.7640041 ], [ -43.0476946, -22.7639436 ], [ -43.0478762, -22.7637167 ], [ -43.0479518, -22.763399 ], [ -43.0480577, -22.7630813 ], [ -43.0481938, -22.7629301 ], [ -43.0481182, -22.7627334 ], [ -43.0479064, -22.7627334 ], [ -43.0476966, -22.7626719 ], [ -43.0476039, -22.7624914 ], [ -43.0479367, -22.7620678 ], [ -43.0482543, -22.7615989 ], [ -43.0483602, -22.7612963 ], [ -43.0478762, -22.7603282 ], [ -43.0479669, -22.7600256 ], [ -43.0482143, -22.7596493 ], [ -43.0482241, -22.759118 ], [ -43.0480274, -22.7586793 ], [ -43.0478459, -22.7584827 ], [ -43.0473921, -22.7582406 ], [ -43.0469569, -22.7571206 ], [ -43.0466358, -22.7571685 ], [ -43.0405976, -22.7512483 ], [ -43.0394146, -22.7503377 ], [ -43.0385521, -22.7501264 ], [ -43.0379053, -22.7499707 ], [ -43.0376822, -22.7499832 ], [ -43.0376189, -22.7501792 ], [ -43.0376307, -22.750372 ], [ -43.0373428, -22.750439 ], [ -43.0371495, -22.7502848 ], [ -43.0360693, -22.7497878 ], [ -43.0355789, -22.7494372 ], [ -43.0351921, -22.7491606 ], [ -43.0338597, -22.7481637 ], [ -43.0335559, -22.7479363 ], [ -43.0331838, -22.7477681 ], [ -43.033023, -22.7476955 ], [ -43.0326849, -22.7475959 ], [ -43.0326754, -22.7475985 ], [ -43.0316609, -22.74787 ], [ -43.0316569, -22.7478702 ], [ -43.0310673, -22.7479064 ], [ -43.0299882, -22.7477538 ], [ -43.0294023, -22.7476182 ], [ -43.0287633, -22.7470434 ], [ -43.028224, -22.7466569 ], [ -43.0279775, -22.7466037 ], [ -43.0273122, -22.7455741 ], [ -43.0268081, -22.7446289 ], [ -43.0262372, -22.7434822 ], [ -43.0266258, -22.7430911 ], [ -43.0266047, -22.7430688 ], [ -43.0262933, -22.7427104 ], [ -43.02622, -22.742626 ], [ -43.0260301, -22.7423575 ], [ -43.0258294, -22.7419627 ], [ -43.0257254, -22.7418474 ], [ -43.0256311, -22.7417013 ], [ -43.0253507, -22.7412791 ], [ -43.0250054, -22.7409807 ], [ -43.0247918, -22.7408168 ], [ -43.0242856, -22.7405121 ], [ -43.0239276, -22.7402314 ], [ -43.0234815, -22.7400561 ], [ -43.0226885, -22.7399862 ], [ -43.0223073, -22.7399692 ], [ -43.0219443, -22.740095 ], [ -43.0216561, -22.7402477 ], [ -43.0212383, -22.7405589 ], [ -43.0211061, -22.7406242 ], [ -43.0206044, -22.7410587 ], [ -43.0204586, -22.7412451 ], [ -43.0202572, -22.7414881 ], [ -43.0200906, -22.7417375 ], [ -43.0195609, -22.7425612 ], [ -43.0192041, -22.7430826 ], [ -43.0190878, -22.7432032 ], [ -43.0189805, -22.743328 ], [ -43.0187212, -22.7435635 ], [ -43.0185309, -22.7436485 ], [ -43.0182933, -22.7437097 ], [ -43.0180107, -22.7437565 ], [ -43.0178564, -22.7437773 ], [ -43.0178379, -22.7437797 ], [ -43.0176544, -22.7437146 ], [ -43.0174993, -22.7436301 ], [ -43.0172981, -22.7434893 ], [ -43.0165634, -22.7429408 ], [ -43.0163714, -22.7428022 ], [ -43.0159964, -22.7425021 ], [ -43.0158457, -22.7423938 ], [ -43.0157405, -22.7423525 ], [ -43.0155412, -22.7422571 ], [ -43.0153332, -22.7420886 ], [ -43.014949, -22.7418822 ], [ -43.0144653, -22.7418055 ], [ -43.0140294, -22.7416876 ], [ -43.0136736, -22.7416718 ], [ -43.0132573, -22.7415941 ], [ -43.0131842, -22.741578 ], [ -43.0128544, -22.7415052 ], [ -43.0126017, -22.7414071 ], [ -43.0124678, -22.7413462 ], [ -43.0123585, -22.7412669 ], [ -43.0118172, -22.7403831 ], [ -43.0117177, -22.7395983 ], [ -43.0116686, -22.7385794 ], [ -43.0115244, -22.7379227 ], [ -43.0112313, -22.7373688 ], [ -43.0111824, -22.7372763 ], [ -43.0110951, -22.7371114 ], [ -43.0109047, -22.7368547 ], [ -43.0106773, -22.7365727 ], [ -43.0102824, -22.7363305 ], [ -43.0095606, -22.736251 ], [ -43.0091509, -22.7362918 ], [ -43.0088259, -22.7364193 ], [ -43.0084041, -22.736696 ], [ -43.0081315, -22.7369734 ], [ -43.0078084, -22.7371761 ], [ -43.0074987, -22.737397 ], [ -43.0072298, -22.7374831 ], [ -43.0068395, -22.737643 ], [ -43.0065519, -22.737784 ], [ -43.0062021, -22.7378984 ], [ -43.0059564, -22.7379703 ], [ -43.0057216, -22.7380781 ], [ -43.0056048, -22.7381201 ], [ -43.0053356, -22.7381553 ], [ -43.0049132, -22.7381956 ], [ -43.00463, -22.738254 ], [ -43.0042954, -22.7383386 ], [ -43.0039032, -22.7383733 ], [ -43.0035098, -22.7383892 ], [ -43.0031199, -22.738336 ], [ -43.0027295, -22.7383516 ], [ -43.0023424, -22.7383959 ], [ -43.0019565, -22.7384599 ], [ -43.0015708, -22.7385338 ], [ -43.001194, -22.7386485 ], [ -43.0008523, -22.7386178 ], [ -43.0008043, -22.7386135 ], [ -43.0002224, -22.7385185 ], [ -42.9999012, -22.7383268 ], [ -42.999738, -22.7380358 ], [ -42.9996818, -22.7377178 ], [ -42.9996199, -22.737359 ], [ -42.9997882, -22.7370686 ], [ -43.0000564, -22.7368086 ], [ -43.0003417, -22.7364666 ], [ -43.0006141, -22.7361241 ], [ -43.0007704, -22.7358118 ], [ -43.0009, -22.735522 ], [ -43.0008847, -22.7351254 ], [ -43.000802, -22.7347707 ], [ -43.0005886, -22.7345357 ], [ -43.0005499, -22.734493 ], [ -43.0001984, -22.7343368 ], [ -42.9998146, -22.7342698 ], [ -42.9994359, -22.7341706 ], [ -42.999049, -22.7340978 ], [ -42.9986541, -22.7340983 ], [ -42.9982644, -22.7340701 ], [ -42.9978747, -22.7340868 ], [ -42.9974882, -22.7341461 ], [ -42.9970847, -22.7341932 ], [ -42.9964956, -22.7345499 ], [ -42.9963082, -22.7346843 ], [ -42.9960263, -22.7349375 ], [ -42.995808, -22.7352382 ], [ -42.9955624, -22.7355188 ], [ -42.9953145, -22.7357977 ], [ -42.9949828, -22.7359886 ], [ -42.9946351, -22.7361588 ], [ -42.9942586, -22.7362721 ], [ -42.9940223, -22.73634 ], [ -42.994018, -22.7363412 ], [ -42.993883, -22.73638 ], [ -42.9935097, -22.7364991 ], [ -42.9932769, -22.7366476 ], [ -42.993115, -22.737066 ], [ -42.9930616, -22.7373592 ], [ -42.993138, -22.7377301 ], [ -42.9933008, -22.7380618 ], [ -42.9935187, -22.7383648 ], [ -42.9937752, -22.7386411 ], [ -42.9940834, -22.738867 ], [ -42.994324, -22.7390472 ], [ -42.9946597, -22.739204 ], [ -42.9950983, -22.7393418 ], [ -42.9954746, -22.7394533 ], [ -42.9958794, -22.7395068 ], [ -42.9962956, -22.7395845 ], [ -42.9966432, -22.739688 ], [ -42.9969379, -22.7399256 ], [ -42.9972312, -22.7402056 ], [ -42.9974596, -22.7407124 ], [ -42.9973606, -22.7413937 ], [ -42.9969476, -22.74199 ], [ -42.996548, -22.7423269 ], [ -42.9959665, -22.7424901 ], [ -42.9951514, -22.7424892 ], [ -42.9943528, -22.742418 ], [ -42.9936146, -22.7424087 ], [ -42.9933289, -22.7425142 ], [ -42.992701, -22.7429244 ], [ -42.9925735, -22.7430076 ], [ -42.9925101, -22.7430631 ], [ -42.9924523, -22.7431104 ], [ -42.9923924, -22.7431569 ], [ -42.992207, -22.7434876 ], [ -42.9920194, -22.7438068 ], [ -42.9918907, -22.7440227 ], [ -42.9918115, -22.7441559 ], [ -42.9916719, -22.7445102 ], [ -42.9916077, -22.7446935 ], [ -42.9915589, -22.7449149 ], [ -42.9915919, -22.7450614 ], [ -42.9916324, -22.7452642 ], [ -42.9917448, -22.745455 ], [ -42.9917603, -22.7454813 ], [ -42.991652, -22.7456342 ], [ -42.9916321, -22.7456621 ], [ -42.9916194, -22.7456799 ], [ -42.9916166, -22.7456838 ], [ -42.9916134, -22.7456882 ], [ -42.9923521, -22.745821 ], [ -42.9925347, -22.7457756 ], [ -42.9937407, -22.745476 ], [ -42.9948423, -22.7453811 ], [ -42.995558, -22.7457501 ], [ -42.9959887, -22.7462693 ], [ -42.9962533, -22.7468855 ], [ -42.9961138, -22.7470915 ], [ -42.9959744, -22.7472974 ], [ -42.9956394, -22.7476005 ], [ -42.9949741, -22.7477909 ], [ -42.9940975, -22.7477807 ], [ -42.9935384, -22.7480809 ], [ -42.9933114, -22.748286 ], [ -42.9929913, -22.7488362 ], [ -42.992802, -22.7494199 ], [ -42.9928494, -22.7501614 ], [ -42.9931018, -22.7509976 ], [ -42.9934489, -22.7520704 ], [ -42.9938906, -22.752875 ], [ -42.9945217, -22.7536165 ], [ -42.9952718, -22.75439 ], [ -42.9960204, -22.7548313 ], [ -42.9967146, -22.7551152 ], [ -42.9974877, -22.7551468 ], [ -42.9980714, -22.7552257 ], [ -42.9981927, -22.7554692 ], [ -42.9981155, -22.7558481 ], [ -42.9976706, -22.7563481 ], [ -42.9968864, -22.7566995 ], [ -42.9962292, -22.7569989 ], [ -42.9956681, -22.757453 ], [ -42.9948929, -22.7578583 ], [ -42.9943356, -22.7579508 ], [ -42.9935661, -22.7579425 ], [ -42.993124, -22.7581987 ], [ -42.9927871, -22.7586546 ], [ -42.9928275, -22.7592151 ], [ -42.9929851, -22.7598304 ], [ -42.9930926, -22.7604987 ], [ -42.9930721, -22.7612201 ], [ -42.9927785, -22.7620747 ], [ -42.9924015, -22.7624936 ], [ -42.9920636, -22.7629955 ], [ -42.9920327, -22.7631574 ], [ -42.9919689, -22.7634992 ], [ -42.9921264, -22.7641145 ], [ -42.9921345, -22.7642324 ], [ -42.9921526, -22.7643043 ], [ -42.9923339, -22.7645679 ], [ -42.9926755, -22.7652131 ], [ -42.9930462, -22.7658931 ], [ -42.9937805, -22.7670295 ], [ -42.994094, -22.7675837 ], [ -42.9943244, -22.7678393 ], [ -42.9948759, -22.7681256 ], [ -42.9966476, -22.7689213 ], [ -42.9985163, -22.7697918 ], [ -43.0004231, -22.7706614 ], [ -43.001343, -22.7710872 ], [ -43.0022438, -22.771459 ], [ -43.0025831, -22.7715976 ], [ -43.0030566, -22.771838 ], [ -43.0036281, -22.7720883 ], [ -43.0041706, -22.7723196 ], [ -43.0048482, -22.7726527 ], [ -43.0053807, -22.772848 ], [ -43.0060013, -22.7731172 ], [ -43.0066009, -22.7734304 ], [ -43.0072295, -22.7737266 ], [ -43.0078881, -22.7740048 ], [ -43.0084496, -22.774264 ], [ -43.0093604, -22.7746629 ], [ -43.0107557, -22.7752471 ], [ -43.0116365, -22.775636 ], [ -43.0128357, -22.7762543 ], [ -43.0128657, -22.7762643 ], [ -43.0137075, -22.7766342 ], [ -43.0144823, -22.7770132 ], [ -43.015305, -22.7773562 ], [ -43.01593, -22.7775916 ], [ -43.0159746, -22.7776083 ], [ -43.0162168, -22.77771 ], [ -43.016409, -22.7778657 ], [ -43.0165142, -22.7780205 ], [ -43.0165485, -22.7783452 ], [ -43.0166427, -22.7800157 ], [ -43.0166523, -22.7803951 ], [ -43.016655, -22.7805033 ], [ -43.0169191, -22.7804431 ], [ -43.0175454, -22.7802696 ], [ -43.0185919, -22.7800019 ], [ -43.0186822, -22.7796736 ], [ -43.0186951, -22.7796365 ], [ -43.0187226, -22.7795579 ], [ -43.0191083, -22.7784541 ], [ -43.0191327, -22.7778958 ], [ -43.019167, -22.777455 ], [ -43.0192699, -22.7771219 ], [ -43.0195784, -22.7766616 ], [ -43.0200584, -22.7763432 ], [ -43.0205432, -22.7761228 ], [ -43.0210575, -22.7759661 ], [ -43.022277, -22.7768624 ], [ -43.0228157, -22.7763334 ], [ -43.0234622, -22.7768036 ], [ -43.0245745, -22.7768203 ], [ -43.0246055, -22.7768622 ], [ -43.0246365, -22.7769041 ], [ -43.0249965, -22.7772888 ], [ -43.0253122, -22.777664 ], [ -43.0255181, -22.7779065 ], [ -43.0255325, -22.7779251 ], [ -43.0256132, -22.7780292 ], [ -43.0258018, -22.7782725 ], [ -43.0259848, -22.7785104 ], [ -43.0261037, -22.778666 ], [ -43.0261537, -22.7787274 ], [ -43.0262227, -22.7788124 ], [ -43.0264011, -22.7788947 ], [ -43.0265428, -22.7789846 ], [ -43.0265849, -22.7790065 ], [ -43.0266035, -22.7788961 ], [ -43.0266503, -22.778899 ], [ -43.0268167, -22.7789109 ], [ -43.0272872, -22.7789304 ] ] ] } },
{ "type": "Feature", "properties": { "id": 21, "cod_bairro": "3304904022", "nm_bairro": "Porto da Rosa", "area_km2": 5.1473218835533867, "cod_munic": "3304904", "nm_munic": "São Gonçalo", "cod_uf": "33", "sig_uf": "RJ" }, "geometry": { "type": "Polygon", "coordinates": [ [ [ -43.0494125, -22.8010977 ], [ -43.0506876, -22.80003 ], [ -43.0509684, -22.7998758 ], [ -43.0512133, -22.7999175 ], [ -43.0512674, -22.7999161 ], [ -43.0514512, -22.7997419 ], [ -43.0514812, -22.7997327 ], [ -43.0517031, -22.7995586 ], [ -43.0516599, -22.7995646 ], [ -43.0515973, -22.7993261 ], [ -43.052816, -22.798252 ], [ -43.0532118, -22.7981995 ], [ -43.0532424, -22.7982019 ], [ -43.0532397, -22.7981754 ], [ -43.0532601, -22.7978595 ], [ -43.0549539, -22.7964033 ], [ -43.0554298, -22.7963257 ], [ -43.0553845, -22.7963689 ], [ -43.0555486, -22.79665 ], [ -43.0557458, -22.7966686 ], [ -43.0559512, -22.7966713 ], [ -43.0562305, -22.7965317 ], [ -43.0572423, -22.796598 ], [ -43.0582214, -22.7965398 ], [ -43.0590623, -22.7963711 ], [ -43.0596017, -22.7962964 ], [ -43.061291, -22.7963548 ], [ -43.0619796, -22.7965516 ], [ -43.0621903, -22.7966584 ], [ -43.0624273, -22.7967077 ], [ -43.0629387, -22.7964778 ], [ -43.0632584, -22.7965024 ], [ -43.0634797, -22.7970188 ], [ -43.0637256, -22.7972648 ], [ -43.0639962, -22.7974861 ], [ -43.0649307, -22.7978796 ], [ -43.0653979, -22.7981501 ], [ -43.0660468, -22.7987793 ], [ -43.0663775, -22.7986427 ], [ -43.0666463, -22.798524 ], [ -43.0673094, -22.7982311 ], [ -43.0675539, -22.7981231 ], [ -43.0680523, -22.7977686 ], [ -43.068291, -22.7975989 ], [ -43.0684555, -22.7972885 ], [ -43.0685618, -22.7970881 ], [ -43.0687835, -22.7964864 ], [ -43.0688808, -22.7962271 ], [ -43.0690462, -22.7957857 ], [ -43.06918, -22.795309 ], [ -43.0692428, -22.7949752 ], [ -43.0694127, -22.7946434 ], [ -43.0697015, -22.7941865 ], [ -43.0697682, -22.793583 ], [ -43.0695278, -22.7927253 ], [ -43.0694019, -22.7924326 ], [ -43.0689002, -22.7914805 ], [ -43.0685785, -22.7907275 ], [ -43.0683287, -22.790332 ], [ -43.0680694, -22.7899105 ], [ -43.0675575, -22.7897982 ], [ -43.0669459, -22.789898 ], [ -43.0664006, -22.7901066 ], [ -43.0656658, -22.7903185 ], [ -43.0647488, -22.7905597 ], [ -43.0638841, -22.7904396 ], [ -43.0633111, -22.7902361 ], [ -43.0631476, -22.7900875 ], [ -43.0628997, -22.789756 ], [ -43.0627906, -22.7894595 ], [ -43.0626699, -22.7891309 ], [ -43.0625513, -22.7888076 ], [ -43.0622943, -22.7885389 ], [ -43.0619884, -22.7884703 ], [ -43.0614533, -22.7886386 ], [ -43.060971, -22.7889197 ], [ -43.0604592, -22.789263 ], [ -43.0600223, -22.7894128 ], [ -43.0596011, -22.7893074 ], [ -43.0593732, -22.7890632 ], [ -43.0592608, -22.7888011 ], [ -43.0589486, -22.7884654 ], [ -43.0587689, -22.7883042 ], [ -43.0585992, -22.7881519 ], [ -43.0582494, -22.788099 ], [ -43.0578564, -22.7880396 ], [ -43.0575319, -22.7880396 ], [ -43.057226, -22.7878711 ], [ -43.0568837, -22.7873703 ], [ -43.0564841, -22.7870448 ], [ -43.0561449, -22.7868169 ], [ -43.0560019, -22.7868512 ], [ -43.0556917, -22.7867306 ], [ -43.0556271, -22.786688 ], [ -43.0552472, -22.7864372 ], [ -43.0550288, -22.7860198 ], [ -43.0549174, -22.7856032 ], [ -43.0548242, -22.7853585 ], [ -43.0547319, -22.7849689 ], [ -43.0546882, -22.7847425 ], [ -43.0546676, -22.7846353 ], [ -43.0546933, -22.7842016 ], [ -43.0550612, -22.7836378 ], [ -43.055272, -22.783207 ], [ -43.0551706, -22.7827554 ], [ -43.0547381, -22.7823172 ], [ -43.0544135, -22.7818439 ], [ -43.0542051, -22.7814175 ], [ -43.0541075, -22.7806772 ], [ -43.0540262, -22.7802157 ], [ -43.0538749, -22.7798981 ], [ -43.0535965, -22.7795796 ], [ -43.053251, -22.7791872 ], [ -43.0527294, -22.778866 ], [ -43.052166, -22.7787066 ], [ -43.051585, -22.7784042 ], [ -43.0513638, -22.7782685 ], [ -43.0510907, -22.7779741 ], [ -43.0509602, -22.7781037 ], [ -43.0507125, -22.7783221 ], [ -43.0492906, -22.7792902 ], [ -43.0494555, -22.7796603 ], [ -43.0493811, -22.7797201 ], [ -43.0492983, -22.7797866 ], [ -43.0488216, -22.7797138 ], [ -43.0458113, -22.7807122 ], [ -43.0447599, -22.7816479 ], [ -43.0446858, -22.7820547 ], [ -43.0445729, -22.7823151 ], [ -43.0445136, -22.7823431 ], [ -43.0444558, -22.7823703 ], [ -43.0443234, -22.7821008 ], [ -43.0441285, -22.7820836 ], [ -43.043984, -22.7822886 ], [ -43.0439437, -22.7823391 ], [ -43.0438808, -22.7823165 ], [ -43.0435855, -22.7821907 ], [ -43.0418325, -22.7837446 ], [ -43.0419401, -22.7840319 ], [ -43.0419423, -22.7840762 ], [ -43.0418906, -22.7840831 ], [ -43.0415701, -22.7840904 ], [ -43.0410339, -22.7846495 ], [ -43.0410291, -22.7849892 ], [ -43.0410364, -22.7850316 ], [ -43.0409939, -22.7850286 ], [ -43.0406203, -22.7850019 ], [ -43.0401837, -22.7854308 ], [ -43.0402447, -22.7857289 ], [ -43.0402584, -22.7857777 ], [ -43.0402027, -22.7857738 ], [ -43.0398314, -22.7857678 ], [ -43.0394024, -22.7862121 ], [ -43.0395149, -22.7864598 ], [ -43.0394901, -22.7864738 ], [ -43.0394703, -22.7864881 ], [ -43.0391037, -22.7864802 ], [ -43.038828, -22.7867253 ], [ -43.0388961, -22.7869342 ], [ -43.0388702, -22.7869598 ], [ -43.0388362, -22.7869852 ], [ -43.0385416, -22.7869982 ], [ -43.038242, -22.787361 ], [ -43.038284, -22.78763 ], [ -43.0382778, -22.7876749 ], [ -43.0383592, -22.7875909 ], [ -43.038398, -22.7876108 ], [ -43.0387455, -22.7877887 ], [ -43.0387639, -22.7888149 ], [ -43.0384419, -22.7888987 ], [ -43.0384424, -22.7889477 ], [ -43.038443, -22.7889966 ], [ -43.0387402, -22.7893203 ], [ -43.0388682, -22.7907073 ], [ -43.0387054, -22.7911785 ], [ -43.0387006, -22.7911923 ], [ -43.0386842, -22.7912399 ], [ -43.0386467, -22.7913741 ], [ -43.0386342, -22.7914204 ], [ -43.0386383, -22.7914706 ], [ -43.038701, -22.7914542 ], [ -43.038905, -22.7916654 ], [ -43.0388933, -22.7919206 ], [ -43.0386798, -22.7923678 ], [ -43.0386484, -22.7924798 ], [ -43.0386172, -22.7924804 ], [ -43.0386394, -22.7925026 ], [ -43.0387472, -22.7927179 ], [ -43.0385308, -22.792993 ], [ -43.038207, -22.7929969 ], [ -43.0381914, -22.7930153 ], [ -43.0381752, -22.7930345 ], [ -43.0383095, -22.7932527 ], [ -43.0381174, -22.7939218 ], [ -43.0379723, -22.7949611 ], [ -43.0377609, -22.79518 ], [ -43.0377524, -22.795244 ], [ -43.0377066, -22.7955519 ], [ -43.0386047, -22.7957317 ], [ -43.0385898, -22.7958908 ], [ -43.0385929, -22.7959097 ], [ -43.0387678, -22.7960549 ], [ -43.0387643, -22.7960707 ], [ -43.0387612, -22.7960851 ], [ -43.0387124, -22.7961146 ], [ -43.0385673, -22.7961842 ], [ -43.038398, -22.796492 ], [ -43.038395, -22.7966977 ], [ -43.0384585, -22.7970997 ], [ -43.0386096, -22.7976232 ], [ -43.038894, -22.798303 ], [ -43.0390494, -22.7983608 ], [ -43.0390453, -22.7984097 ], [ -43.0386479, -22.7985269 ], [ -43.0385333, -22.7990554 ], [ -43.0385312, -22.799065 ], [ -43.0385233, -22.7991019 ], [ -43.0384187, -22.7995838 ], [ -43.0386563, -22.7998998 ], [ -43.0386881, -22.7999287 ], [ -43.0386384, -22.7999538 ], [ -43.0383319, -22.8001503 ], [ -43.0382397, -22.8008641 ], [ -43.0384429, -22.8010223 ], [ -43.0384412, -22.8010561 ], [ -43.0384402, -22.8010878 ], [ -43.0382255, -22.8012066 ], [ -43.0381969, -22.8015848 ], [ -43.0384201, -22.8017154 ], [ -43.0384539, -22.8017505 ], [ -43.0384162, -22.8017825 ], [ -43.0381137, -22.8019971 ], [ -43.0380908, -22.8031028 ], [ -43.0384166, -22.8032538 ], [ -43.0384153, -22.8032932 ], [ -43.0384141, -22.8033335 ], [ -43.0381082, -22.8035104 ], [ -43.0380779, -22.8036585 ], [ -43.0379117, -22.8036241 ], [ -43.0378344, -22.8038762 ], [ -43.0382828, -22.8040655 ], [ -43.0384101, -22.8040065 ], [ -43.0384368, -22.8040154 ], [ -43.0384427, -22.8038414 ], [ -43.0386181, -22.8035602 ], [ -43.0390307, -22.8034249 ], [ -43.0392199, -22.8035341 ], [ -43.039264, -22.8035148 ], [ -43.0392932, -22.8033478 ], [ -43.0403952, -22.8029716 ], [ -43.040598, -22.8031028 ], [ -43.0406329, -22.8030734 ], [ -43.0407684, -22.8028333 ], [ -43.0411501, -22.8029715 ], [ -43.0441628, -22.8051259 ], [ -43.0441339, -22.8053368 ], [ -43.0441995, -22.8053893 ], [ -43.0444402, -22.8052353 ], [ -43.0452106, -22.8058234 ], [ -43.0458733, -22.8053233 ], [ -43.0460661, -22.805063 ], [ -43.0462404, -22.8046429 ], [ -43.0464447, -22.8041675 ], [ -43.0465271, -22.8039793 ], [ -43.0465098, -22.8039561 ], [ -43.0463303, -22.8037637 ], [ -43.0463254, -22.8037584 ], [ -43.0478598, -22.8025107 ], [ -43.0481022, -22.8026114 ], [ -43.0481671, -22.8026345 ], [ -43.0481786, -22.8025777 ], [ -43.0482182, -22.8021725 ], [ -43.0494125, -22.8010977 ] ] ] } },
{ "type": "Feature", "properties": { "id": 22, "cod_bairro": "3304904023", "nm_bairro": "Recanto das Acácias", "area_km2": 0.49591281617725519, "cod_munic": "3304904", "nm_munic": "São Gonçalo", "cod_uf": "33", "sig_uf": "RJ" }, "geometry": { "type": "Polygon", "coordinates": [ [ [ -43.0147912, -22.7898729 ], [ -43.0148055, -22.7902975 ], [ -43.0147617, -22.7906123 ], [ -43.0147179, -22.7909461 ], [ -43.0147058, -22.7909771 ], [ -43.0146931, -22.7910099 ], [ -43.0148179, -22.7910921 ], [ -43.017775, -22.7916942 ], [ -43.020391, -22.7922127 ], [ -43.0212628, -22.7923798 ], [ -43.0218426, -22.7924954 ], [ -43.0253421, -22.7931663 ], [ -43.025341, -22.793255 ], [ -43.0253547, -22.7932358 ], [ -43.0253595, -22.7932273 ], [ -43.0253672, -22.7932126 ], [ -43.0254025, -22.7931424 ], [ -43.0254156, -22.7931193 ], [ -43.025665, -22.7926203 ], [ -43.0256863, -22.7925777 ], [ -43.0259353, -22.7920914 ], [ -43.0259549, -22.7920615 ], [ -43.0259673, -22.7920359 ], [ -43.0259886, -22.7919763 ], [ -43.0247952, -22.791257 ], [ -43.0251432, -22.7908752 ], [ -43.0251606, -22.790847 ], [ -43.0251464, -22.7907779 ], [ -43.0250437, -22.7905793 ], [ -43.0250957, -22.7901565 ], [ -43.0247624, -22.7896121 ], [ -43.0246813, -22.7893589 ], [ -43.0247117, -22.7891463 ], [ -43.0250066, -22.7890175 ], [ -43.0250467, -22.7889789 ], [ -43.0250217, -22.7889367 ], [ -43.0249102, -22.788636 ], [ -43.0250911, -22.7883157 ], [ -43.0251318, -22.7881995 ], [ -43.0250698, -22.7880369 ], [ -43.0247601, -22.7877117 ], [ -43.0247522, -22.7875057 ], [ -43.0247117, -22.7873538 ], [ -43.0242736, -22.7859232 ], [ -43.0241266, -22.7859488 ], [ -43.023904, -22.7858548 ], [ -43.023871, -22.785867 ], [ -43.0238287, -22.7858827 ], [ -43.0237565, -22.786009 ], [ -43.0237644, -22.7867155 ], [ -43.0235464, -22.7870726 ], [ -43.0232851, -22.7870266 ], [ -43.0232659, -22.7870463 ], [ -43.023245, -22.7870678 ], [ -43.0232518, -22.787315 ], [ -43.0229467, -22.7876081 ], [ -43.0227007, -22.7878028 ], [ -43.0223522, -22.7881155 ], [ -43.0221318, -22.7885204 ], [ -43.0221216, -22.7891251 ], [ -43.0221831, -22.7896941 ], [ -43.0218937, -22.7899657 ], [ -43.0218623, -22.7899802 ], [ -43.0217524, -22.7899097 ], [ -43.0217324, -22.7899141 ], [ -43.021698, -22.789918 ], [ -43.0214546, -22.7899717 ], [ -43.0203184, -22.7890165 ], [ -43.0203504, -22.7887814 ], [ -43.0203259, -22.7887602 ], [ -43.020308, -22.7887461 ], [ -43.0200118, -22.7887652 ], [ -43.0188756, -22.7878402 ], [ -43.0189156, -22.787577 ], [ -43.0188914, -22.7875565 ], [ -43.0188689, -22.7875382 ], [ -43.0186544, -22.787619 ], [ -43.0176815, -22.7868101 ], [ -43.0178372, -22.7866176 ], [ -43.0178444, -22.7866088 ], [ -43.0178383, -22.7866 ], [ -43.0177899, -22.786588 ], [ -43.01683, -22.7862152 ], [ -43.0168642, -22.7865139 ], [ -43.0169466, -22.7869025 ], [ -43.0170027, -22.7871383 ], [ -43.0169699, -22.7873361 ], [ -43.0168519, -22.7874341 ], [ -43.0167829, -22.7875101 ], [ -43.0166049, -22.7876931 ], [ -43.0162998, -22.7878962 ], [ -43.0159658, -22.7881094 ], [ -43.0157797, -22.7881885 ], [ -43.0155437, -22.7883296 ], [ -43.0153466, -22.7884536 ], [ -43.0151315, -22.7885418 ], [ -43.0149055, -22.7886838 ], [ -43.0147965, -22.7887998 ], [ -43.0147546, -22.7889977 ], [ -43.014806, -22.7895482 ], [ -43.0147912, -22.7898729 ] ] ] } },
{ "type": "Feature", "properties": { "id": 23, "cod_bairro": "3304904024", "nm_bairro": "Rocha", "area_km2": 2.698799568330998, "cod_munic": "3304904", "nm_munic": "São Gonçalo", "cod_uf": "33", "sig_uf": "RJ" }, "geometry": { "type": "Polygon", "coordinates": [ [ [ -43.0476519, -22.8398244 ], [ -43.0475487, -22.8395527 ], [ -43.0474083, -22.8391542 ], [ -43.0473712, -22.8390004 ], [ -43.047287, -22.8387646 ], [ -43.0472308, -22.8385569 ], [ -43.0472141, -22.8384242 ], [ -43.0472137, -22.838421 ], [ -43.0471956, -22.8382941 ], [ -43.0471741, -22.8381254 ], [ -43.0471651, -22.8379911 ], [ -43.0471303, -22.8378379 ], [ -43.0470881, -22.8376402 ], [ -43.0470609, -22.8375308 ], [ -43.0470255, -22.8374244 ], [ -43.0469825, -22.8372509 ], [ -43.0469493, -22.8370487 ], [ -43.0469025, -22.8368864 ], [ -43.0468565, -22.8366556 ], [ -43.0468082, -22.83647 ], [ -43.0467554, -22.8362349 ], [ -43.0467095, -22.8359851 ], [ -43.0466479, -22.8356305 ], [ -43.0466543, -22.8355286 ], [ -43.046699, -22.8354532 ], [ -43.0466885, -22.8353678 ], [ -43.0466938, -22.835253 ], [ -43.0467016, -22.8351409 ], [ -43.0467277, -22.8349765 ], [ -43.0468085, -22.8347757 ], [ -43.046905, -22.8345827 ], [ -43.0470042, -22.8343636 ], [ -43.0470954, -22.8341523 ], [ -43.0471998, -22.8338523 ], [ -43.0473641, -22.8334864 ], [ -43.0484281, -22.8334878 ], [ -43.048769, -22.833529 ], [ -43.0489674, -22.8335472 ], [ -43.0499741, -22.8337078 ], [ -43.0501642, -22.8337621 ], [ -43.0507729, -22.8339003 ], [ -43.0507868, -22.8338862 ], [ -43.050816, -22.8338658 ], [ -43.0511015, -22.8339091 ], [ -43.0512335, -22.8335666 ], [ -43.051244, -22.8332782 ], [ -43.0512875, -22.8332179 ], [ -43.0514591, -22.8332317 ], [ -43.0515468, -22.8331706 ], [ -43.051729, -22.833217 ], [ -43.0521619, -22.8328563 ], [ -43.0523857, -22.8325935 ], [ -43.0523651, -22.8323115 ], [ -43.0524255, -22.8322797 ], [ -43.0525727, -22.8324699 ], [ -43.0530144, -22.8322997 ], [ -43.0530894, -22.8321134 ], [ -43.0531316, -22.832087 ], [ -43.0532809, -22.832223 ], [ -43.0536377, -22.8320649 ], [ -43.0534985, -22.831873 ], [ -43.0535254, -22.8318508 ], [ -43.0535512, -22.8318287 ], [ -43.0539855, -22.8318345 ], [ -43.0544281, -22.8310441 ], [ -43.0545094, -22.8305382 ], [ -43.0543581, -22.8303313 ], [ -43.054326, -22.830311 ], [ -43.0542647, -22.8303058 ], [ -43.0540385, -22.8302557 ], [ -43.0537615, -22.8301636 ], [ -43.0531792, -22.8298823 ], [ -43.052686, -22.8296034 ], [ -43.052194, -22.8292572 ], [ -43.0519169, -22.8290917 ], [ -43.0515469, -22.8288926 ], [ -43.0510748, -22.8287538 ], [ -43.0502861, -22.8286292 ], [ -43.0497039, -22.8282464 ], [ -43.0489878, -22.8274726 ], [ -43.0489123, -22.8275 ], [ -43.0488944, -22.8275176 ], [ -43.0488787, -22.8275235 ], [ -43.0487889, -22.8275097 ], [ -43.0484805, -22.8274625 ], [ -43.0482422, -22.8288271 ], [ -43.0476295, -22.8288311 ], [ -43.0465777, -22.8288418 ], [ -43.0465923, -22.8287253 ], [ -43.0466074, -22.8285596 ], [ -43.046584, -22.8283772 ], [ -43.0465827, -22.8280894 ], [ -43.0466767, -22.8279062 ], [ -43.0465892, -22.8274208 ], [ -43.0463233, -22.826941 ], [ -43.0455745, -22.8263314 ], [ -43.0450267, -22.826098 ], [ -43.0450128, -22.826091 ], [ -43.0449885, -22.8260787 ], [ -43.0450637, -22.8259238 ], [ -43.0450307, -22.8259103 ], [ -43.0432326, -22.8253486 ], [ -43.0431709, -22.8253294 ], [ -43.0428642, -22.8252342 ], [ -43.0426271, -22.825981 ], [ -43.0417338, -22.8257817 ], [ -43.0416064, -22.825786 ], [ -43.0415712, -22.8257872 ], [ -43.0414681, -22.8258302 ], [ -43.0413325, -22.8258821 ], [ -43.0412794, -22.8258985 ], [ -43.0412233, -22.8258788 ], [ -43.0411041, -22.8255853 ], [ -43.0407887, -22.8255042 ], [ -43.0406354, -22.8256642 ], [ -43.0405713, -22.8256997 ], [ -43.0405461, -22.8257172 ], [ -43.0402473, -22.825805 ], [ -43.0400034, -22.8257093 ], [ -43.0398041, -22.8257551 ], [ -43.0397362, -22.8257612 ], [ -43.0397042, -22.8257625 ], [ -43.0397996, -22.8258159 ], [ -43.0399136, -22.8258638 ], [ -43.039924, -22.825927 ], [ -43.0400302, -22.8260744 ], [ -43.0399878, -22.8261889 ], [ -43.0400669, -22.8265139 ], [ -43.0393615, -22.8277824 ], [ -43.0391636, -22.8277209 ], [ -43.03912, -22.8277914 ], [ -43.0389632, -22.8278157 ], [ -43.038877, -22.8278021 ], [ -43.0388962, -22.8278658 ], [ -43.0389162, -22.8278894 ], [ -43.0389904, -22.827987 ], [ -43.0389176, -22.8281473 ], [ -43.038717, -22.828157 ], [ -43.0386885, -22.8281693 ], [ -43.0386964, -22.8281936 ], [ -43.0389145, -22.8284533 ], [ -43.0384553, -22.8293951 ], [ -43.0382312, -22.8293358 ], [ -43.0381382, -22.8293793 ], [ -43.038013, -22.8294379 ], [ -43.0379632, -22.8294475 ], [ -43.0379458, -22.8294123 ], [ -43.037931, -22.8291782 ], [ -43.0375928, -22.8290376 ], [ -43.0373674, -22.8291626 ], [ -43.0373433, -22.8291648 ], [ -43.0373252, -22.8291097 ], [ -43.0374009, -22.8288761 ], [ -43.0372909, -22.828809 ], [ -43.0371569, -22.8290123 ], [ -43.0370539, -22.829014 ], [ -43.0368139, -22.8289787 ], [ -43.0367512, -22.8291098 ], [ -43.0369182, -22.8292743 ], [ -43.0369154, -22.829313 ], [ -43.036887, -22.8293271 ], [ -43.0366277, -22.8293916 ], [ -43.0365243, -22.8296018 ], [ -43.0366217, -22.8298169 ], [ -43.0366009, -22.8298588 ], [ -43.0363877, -22.8299109 ], [ -43.0362479, -22.8302094 ], [ -43.0363235, -22.8304196 ], [ -43.0362971, -22.8304665 ], [ -43.0360913, -22.830517 ], [ -43.0359617, -22.8308219 ], [ -43.0360558, -22.8310019 ], [ -43.0360411, -22.8310444 ], [ -43.0358259, -22.8311098 ], [ -43.0357362, -22.8313239 ], [ -43.0350835, -22.831188 ], [ -43.0348562, -22.8314345 ], [ -43.034831, -22.8314617 ], [ -43.0347911, -22.831505 ], [ -43.034765, -22.8315717 ], [ -43.0345078, -22.8316222 ], [ -43.034392, -22.8320379 ], [ -43.0345736, -22.8322246 ], [ -43.0343072, -22.832356 ], [ -43.033958, -22.8322799 ], [ -43.0339143, -22.8321164 ], [ -43.0338414, -22.8321011 ], [ -43.0336285, -22.8322336 ], [ -43.0333072, -22.8321707 ], [ -43.0332271, -22.8319577 ], [ -43.033205, -22.831953 ], [ -43.0331891, -22.8319494 ], [ -43.0329147, -22.8321088 ], [ -43.0310546, -22.8322375 ], [ -43.0298722, -22.8319146 ], [ -43.0297318, -22.8316351 ], [ -43.0296903, -22.8316262 ], [ -43.029341, -22.8317996 ], [ -43.0289446, -22.8316645 ], [ -43.0284957, -22.8313117 ], [ -43.0284317, -22.8312753 ], [ -43.0283744, -22.8316273 ], [ -43.0285, -22.8318328 ], [ -43.0287902, -22.8318418 ], [ -43.028811, -22.8318771 ], [ -43.0287714, -22.8322052 ], [ -43.0285882, -22.832462 ], [ -43.0285716, -22.8326034 ], [ -43.0288894, -22.8327074 ], [ -43.02891, -22.8327609 ], [ -43.0288552, -22.8329625 ], [ -43.0286323, -22.8333943 ], [ -43.0296181, -22.8343663 ], [ -43.0311336, -22.8347066 ], [ -43.0312345, -22.8352663 ], [ -43.0307045, -22.8380515 ], [ -43.0306801, -22.8380629 ], [ -43.030404, -22.8382089 ], [ -43.0303979, -22.8383058 ], [ -43.0306899, -22.8386646 ], [ -43.0306899, -22.8387433 ], [ -43.030313, -22.8389819 ], [ -43.0302586, -22.8390727 ], [ -43.0306762, -22.8395387 ], [ -43.0307851, -22.8395508 ], [ -43.0312855, -22.8392488 ], [ -43.0313642, -22.8392609 ], [ -43.0321167, -22.840079 ], [ -43.0321228, -22.8401638 ], [ -43.0316689, -22.8406782 ], [ -43.0316568, -22.8408295 ], [ -43.0317271, -22.8411347 ], [ -43.0317449, -22.8412116 ], [ -43.0318202, -22.8412637 ], [ -43.0317814, -22.8412957 ], [ -43.0317426, -22.8413278 ], [ -43.0316666, -22.8414556 ], [ -43.0326015, -22.843864 ], [ -43.0330813, -22.8428873 ], [ -43.0331627, -22.8426061 ], [ -43.0331758, -22.8424258 ], [ -43.033129, -22.8421578 ], [ -43.0327706, -22.8417331 ], [ -43.0326596, -22.8415703 ], [ -43.0326078, -22.8414445 ], [ -43.0326966, -22.8412448 ], [ -43.0333919, -22.8405447 ], [ -43.0348792, -22.8390473 ], [ -43.0349014, -22.8389067 ], [ -43.0348718, -22.8387736 ], [ -43.0347978, -22.8386996 ], [ -43.0347525, -22.8386167 ], [ -43.0347269, -22.8385698 ], [ -43.0347942, -22.8385424 ], [ -43.034833, -22.8385265 ], [ -43.0349721, -22.8385178 ], [ -43.0350803, -22.838445 ], [ -43.0352732, -22.8383761 ], [ -43.0355488, -22.8383761 ], [ -43.0361622, -22.8384334 ], [ -43.0367511, -22.8386017 ], [ -43.0373738, -22.8390055 ], [ -43.0378113, -22.8393252 ], [ -43.0387862, -22.8399069 ], [ -43.0409781, -22.8412148 ], [ -43.0429777, -22.8423245 ], [ -43.043596, -22.8432968 ], [ -43.0436432, -22.8433572 ], [ -43.0482568, -22.841997 ], [ -43.0481383, -22.8413726 ], [ -43.0480441, -22.8411279 ], [ -43.0479608, -22.8408293 ], [ -43.0478285, -22.8404847 ], [ -43.0476413, -22.8402977 ], [ -43.047534, -22.8401905 ], [ -43.0475929, -22.8400433 ], [ -43.0476519, -22.8398244 ] ] ] } },
{ "type": "Feature", "properties": { "id": 24, "cod_bairro": "3304904025", "nm_bairro": "Salgueiro", "area_km2": 1.171169524188115, "cod_munic": "3304904", "nm_munic": "São Gonçalo", "cod_uf": "33", "sig_uf": "RJ" }, "geometry": { "type": "Polygon", "coordinates": [ [ [ -43.0218937, -22.7899657 ], [ -43.0221831, -22.7896941 ], [ -43.0221216, -22.7891251 ], [ -43.0221318, -22.7885204 ], [ -43.0223522, -22.7881155 ], [ -43.0227007, -22.7878028 ], [ -43.0229467, -22.7876081 ], [ -43.0232518, -22.787315 ], [ -43.023245, -22.7870678 ], [ -43.0232659, -22.7870463 ], [ -43.0232851, -22.7870266 ], [ -43.0235464, -22.7870726 ], [ -43.0237644, -22.7867155 ], [ -43.0237565, -22.786009 ], [ -43.0238287, -22.7858827 ], [ -43.023871, -22.785867 ], [ -43.023904, -22.7858548 ], [ -43.0241266, -22.7859488 ], [ -43.0242736, -22.7859232 ], [ -43.0243922, -22.7858809 ], [ -43.0245258, -22.7856906 ], [ -43.0245391, -22.7856505 ], [ -43.024578, -22.785674 ], [ -43.0249207, -22.7858964 ], [ -43.0268539, -22.7849539 ], [ -43.0283707, -22.78491 ], [ -43.0286404, -22.7850529 ], [ -43.0286677, -22.7850748 ], [ -43.0286992, -22.7850536 ], [ -43.0290886, -22.7848789 ], [ -43.0290886, -22.7848222 ], [ -43.0290886, -22.7847868 ], [ -43.0290957, -22.784716 ], [ -43.0288359, -22.7844544 ], [ -43.0288492, -22.7844105 ], [ -43.0288549, -22.784392 ], [ -43.0291133, -22.7843123 ], [ -43.0290989, -22.7838768 ], [ -43.0288991, -22.7837899 ], [ -43.0288998, -22.7837647 ], [ -43.0288948, -22.7837338 ], [ -43.0290253, -22.7835205 ], [ -43.0282511, -22.782449 ], [ -43.0279902, -22.7824002 ], [ -43.0279487, -22.7823495 ], [ -43.0280299, -22.7821518 ], [ -43.0269169, -22.7810042 ], [ -43.0266914, -22.7810102 ], [ -43.0267096, -22.7808934 ], [ -43.026909, -22.779224 ], [ -43.0265849, -22.7790065 ], [ -43.0265428, -22.7789846 ], [ -43.0264011, -22.7788947 ], [ -43.0262227, -22.7788124 ], [ -43.0261537, -22.7787274 ], [ -43.0261037, -22.778666 ], [ -43.0259848, -22.7785104 ], [ -43.0258018, -22.7782725 ], [ -43.0256132, -22.7780292 ], [ -43.0255325, -22.7779251 ], [ -43.0255181, -22.7779065 ], [ -43.0253122, -22.777664 ], [ -43.0249965, -22.7772888 ], [ -43.0246365, -22.7769041 ], [ -43.0246055, -22.7768622 ], [ -43.0245745, -22.7768203 ], [ -43.0234622, -22.7768036 ], [ -43.0228157, -22.7763334 ], [ -43.022277, -22.7768624 ], [ -43.0210575, -22.7759661 ], [ -43.0205432, -22.7761228 ], [ -43.0200584, -22.7763432 ], [ -43.0195784, -22.7766616 ], [ -43.0192699, -22.7771219 ], [ -43.019167, -22.777455 ], [ -43.0191327, -22.7778958 ], [ -43.0191083, -22.7784541 ], [ -43.0187226, -22.7795579 ], [ -43.0186951, -22.7796365 ], [ -43.0186822, -22.7796736 ], [ -43.0185919, -22.7800019 ], [ -43.0175454, -22.7802696 ], [ -43.0169191, -22.7804431 ], [ -43.016655, -22.7805033 ], [ -43.0166888, -22.7815763 ], [ -43.0167083, -22.7823436 ], [ -43.0167158, -22.7831559 ], [ -43.0167454, -22.7838693 ], [ -43.0167948, -22.7845097 ], [ -43.0168162, -22.7850512 ], [ -43.0167805, -22.7855298 ], [ -43.0168119, -22.7860803 ], [ -43.01683, -22.7862152 ], [ -43.0177899, -22.786588 ], [ -43.0178383, -22.7866 ], [ -43.0178444, -22.7866088 ], [ -43.0178372, -22.7866176 ], [ -43.0176815, -22.7868101 ], [ -43.0186544, -22.787619 ], [ -43.0188689, -22.7875382 ], [ -43.0188914, -22.7875565 ], [ -43.0189156, -22.787577 ], [ -43.0188756, -22.7878402 ], [ -43.0200118, -22.7887652 ], [ -43.020308, -22.7887461 ], [ -43.0203259, -22.7887602 ], [ -43.0203504, -22.7887814 ], [ -43.0203184, -22.7890165 ], [ -43.0214546, -22.7899717 ], [ -43.021698, -22.789918 ], [ -43.0217324, -22.7899141 ], [ -43.0217524, -22.7899097 ], [ -43.0218623, -22.7899802 ], [ -43.0218937, -22.7899657 ] ] ] } },
{ "type": "Feature", "properties": { "id": 25, "cod_bairro": "3304904026", "nm_bairro": "São Miguel", "area_km2": 0.45992122580866152, "cod_munic": "3304904", "nm_munic": "São Gonçalo", "cod_uf": "33", "sig_uf": "RJ" }, "geometry": { "type": "Polygon", "coordinates": [ [ [ -43.0277858, -22.8193488 ], [ -43.0275736, -22.8193079 ], [ -43.0275215, -22.8191864 ], [ -43.0273243, -22.819638 ], [ -43.0281536, -22.8201128 ], [ -43.0282072, -22.820339 ], [ -43.0282478, -22.8203723 ], [ -43.0284585, -22.820324 ], [ -43.0290391, -22.8207577 ], [ -43.029077, -22.8207824 ], [ -43.0290829, -22.8207544 ], [ -43.0291978, -22.8203758 ], [ -43.0292934, -22.8203677 ], [ -43.0308972, -22.8204568 ], [ -43.0311376, -22.8206102 ], [ -43.0332588, -22.8189658 ], [ -43.033302, -22.8189323 ], [ -43.0333334, -22.8189069 ], [ -43.033753, -22.8185551 ], [ -43.0337707, -22.818529 ], [ -43.0337761, -22.8184827 ], [ -43.0338063, -22.8182435 ], [ -43.0343363, -22.8179543 ], [ -43.0346882, -22.8181724 ], [ -43.0351707, -22.8178217 ], [ -43.0363701, -22.8172382 ], [ -43.0364074, -22.8172203 ], [ -43.0392327, -22.815889 ], [ -43.0401463, -22.8154585 ], [ -43.0399031, -22.8151709 ], [ -43.0400429, -22.8151099 ], [ -43.0401, -22.8149627 ], [ -43.0401099, -22.8149339 ], [ -43.0400653, -22.8149171 ], [ -43.0397038, -22.8149572 ], [ -43.0392954, -22.8144285 ], [ -43.0394047, -22.81437 ], [ -43.0394193, -22.814134 ], [ -43.0393997, -22.8141098 ], [ -43.0393801, -22.8140855 ], [ -43.0390462, -22.8141335 ], [ -43.0389216, -22.8137064 ], [ -43.039064, -22.8135614 ], [ -43.0390557, -22.8135443 ], [ -43.0390475, -22.8135271 ], [ -43.0388453, -22.8134877 ], [ -43.0385568, -22.8125885 ], [ -43.0384235, -22.8126243 ], [ -43.038258, -22.8125078 ], [ -43.0382383, -22.8125154 ], [ -43.0382122, -22.8125253 ], [ -43.0381553, -22.8127628 ], [ -43.0378742, -22.8128747 ], [ -43.037813, -22.8127783 ], [ -43.0376378, -22.8127461 ], [ -43.0376093, -22.8127579 ], [ -43.037586, -22.8127676 ], [ -43.0375697, -22.8129944 ], [ -43.0371482, -22.8131427 ], [ -43.0369841, -22.813003 ], [ -43.0369457, -22.8129847 ], [ -43.0369287, -22.8130276 ], [ -43.0369046, -22.8132223 ], [ -43.0365086, -22.8133783 ], [ -43.036344, -22.8132408 ], [ -43.0363398, -22.8133039 ], [ -43.0363192, -22.8133433 ], [ -43.0363354, -22.8135131 ], [ -43.0358986, -22.8137061 ], [ -43.0357602, -22.8135923 ], [ -43.0357164, -22.813572 ], [ -43.0356989, -22.8136117 ], [ -43.035605, -22.8139392 ], [ -43.0344227, -22.8145376 ], [ -43.0331729, -22.8152035 ], [ -43.0311702, -22.816381 ], [ -43.0310126, -22.816403 ], [ -43.0308156, -22.8163803 ], [ -43.0307245, -22.8163173 ], [ -43.0303788, -22.8160914 ], [ -43.0302968, -22.8161107 ], [ -43.0300126, -22.8164182 ], [ -43.0296918, -22.816602 ], [ -43.029638, -22.8166135 ], [ -43.0296375, -22.8166176 ], [ -43.0296335, -22.8166266 ], [ -43.0295048, -22.8168659 ], [ -43.0294479, -22.8169473 ], [ -43.0294344, -22.8169681 ], [ -43.0294215, -22.8169884 ], [ -43.0291364, -22.8174321 ], [ -43.0291219, -22.8174546 ], [ -43.029095, -22.8174737 ], [ -43.0291122, -22.8175226 ], [ -43.0292453, -22.8177978 ], [ -43.0289062, -22.8181577 ], [ -43.0286069, -22.8185946 ], [ -43.0287931, -22.8187032 ], [ -43.0289029, -22.8189086 ], [ -43.0286386, -22.818877 ], [ -43.0281344, -22.81939 ], [ -43.0282577, -22.8197667 ], [ -43.02827, -22.8198037 ], [ -43.0282533, -22.819803 ], [ -43.0280367, -22.8198002 ], [ -43.0278019, -22.8196456 ], [ -43.0277858, -22.8193488 ] ] ] } },
{ "type": "Feature", "properties": { "id": 26, "cod_bairro": "3304904027", "nm_bairro": "Tribobó", "area_km2": 1.3069818560257869, "cod_munic": "3304904", "nm_munic": "São Gonçalo", "cod_uf": "33", "sig_uf": "RJ" }, "geometry": { "type": "Polygon", "coordinates": [ [ [ -43.0288691, -22.8544611 ], [ -43.0291072, -22.8543008 ], [ -43.0294864, -22.8540362 ], [ -43.0297283, -22.8538656 ], [ -43.0300194, -22.8536555 ], [ -43.0302003, -22.8535253 ], [ -43.0303233, -22.8534402 ], [ -43.0304014, -22.8533861 ], [ -43.0306343, -22.8532249 ], [ -43.0307743, -22.8531029 ], [ -43.0309694, -22.8529143 ], [ -43.0310784, -22.8527713 ], [ -43.0311084, -22.8526994 ], [ -43.0311293, -22.8526094 ], [ -43.0310756, -22.8525519 ], [ -43.0310019, -22.8522964 ], [ -43.0309888, -22.852113 ], [ -43.0310919, -22.8518494 ], [ -43.031174, -22.8517487 ], [ -43.0311752, -22.8517472 ], [ -43.0319431, -22.8516534 ], [ -43.0321907, -22.8513772 ], [ -43.032305, -22.8511202 ], [ -43.0324169, -22.8508392 ], [ -43.032316, -22.8505086 ], [ -43.0323106, -22.850491 ], [ -43.0323714, -22.8502187 ], [ -43.0323806, -22.8501776 ], [ -43.0324699, -22.8502668 ], [ -43.0325736, -22.8503075 ], [ -43.0327008, -22.8503269 ], [ -43.0330184, -22.8502807 ], [ -43.0332902, -22.8501784 ], [ -43.0333483, -22.8501194 ], [ -43.033605, -22.8498415 ], [ -43.033657, -22.8498059 ], [ -43.033841, -22.8496994 ], [ -43.0339927, -22.849593 ], [ -43.0340353, -22.8495643 ], [ -43.0343202, -22.8493908 ], [ -43.0344348, -22.8493253 ], [ -43.0345478, -22.8492532 ], [ -43.0346931, -22.8491664 ], [ -43.0347918, -22.8491026 ], [ -43.0348979, -22.8490379 ], [ -43.0349783, -22.8489794 ], [ -43.0350587, -22.8489208 ], [ -43.0351491, -22.8488638 ], [ -43.035246, -22.8488014 ], [ -43.0353976, -22.8487112 ], [ -43.0355421, -22.8486283 ], [ -43.0356501, -22.8485724 ], [ -43.0357674, -22.8485091 ], [ -43.0357761, -22.8485052 ], [ -43.0357494, -22.8484515 ], [ -43.033402, -22.8458807 ], [ -43.0273525, -22.8455224 ], [ -43.0263064, -22.8472095 ], [ -43.0262889, -22.8472398 ], [ -43.0262784, -22.8472574 ], [ -43.0243111, -22.8505621 ], [ -43.0208786, -22.844979 ], [ -43.0197461, -22.8454339 ], [ -43.0185182, -22.8459271 ], [ -43.0184457, -22.8459562 ], [ -43.0184324, -22.8459615 ], [ -43.0184248, -22.8459658 ], [ -43.018335, -22.8460159 ], [ -43.0183119, -22.8460288 ], [ -43.0185301, -22.8465739 ], [ -43.018535, -22.8466264 ], [ -43.0178852, -22.8466702 ], [ -43.0178105, -22.8466715 ], [ -43.0177639, -22.8466731 ], [ -43.0177225, -22.8466875 ], [ -43.0176926, -22.8467067 ], [ -43.0176687, -22.8467323 ], [ -43.0174211, -22.8475001 ], [ -43.0174091, -22.8475719 ], [ -43.0174074, -22.8476546 ], [ -43.0174208, -22.8477301 ], [ -43.0174821, -22.847862 ], [ -43.0176919, -22.8481495 ], [ -43.0178304, -22.8483674 ], [ -43.0177887, -22.8486229 ], [ -43.0181873, -22.8496849 ], [ -43.0178136, -22.8510022 ], [ -43.0175293, -22.8519057 ], [ -43.0171579, -22.8522457 ], [ -43.0169593, -22.8525164 ], [ -43.0168548, -22.8525265 ], [ -43.0168089, -22.8525331 ], [ -43.0166761, -22.8525882 ], [ -43.0165689, -22.8526436 ], [ -43.0166204, -22.8527456 ], [ -43.0167694, -22.8529166 ], [ -43.0170183, -22.8528912 ], [ -43.0172265, -22.8527795 ], [ -43.0174703, -22.8527033 ], [ -43.017902, -22.8526627 ], [ -43.0182778, -22.8526068 ], [ -43.0183946, -22.8525916 ], [ -43.0184657, -22.8525712 ], [ -43.0185114, -22.8525306 ], [ -43.0185368, -22.8524544 ], [ -43.018552, -22.852363 ], [ -43.0185876, -22.8522107 ], [ -43.0186485, -22.8520735 ], [ -43.0187958, -22.8519466 ], [ -43.0188492, -22.8519288 ], [ -43.0189025, -22.851911 ], [ -43.0189837, -22.8519059 ], [ -43.0190693, -22.8519479 ], [ -43.0191374, -22.8519848 ], [ -43.0192526, -22.8520946 ], [ -43.0193487, -22.8522214 ], [ -43.0193858, -22.8523663 ], [ -43.0193839, -22.8524752 ], [ -43.019401, -22.852637 ], [ -43.0194281, -22.8527909 ], [ -43.0194472, -22.8528368 ], [ -43.0194862, -22.8528727 ], [ -43.0195633, -22.8529096 ], [ -43.0196785, -22.8530194 ], [ -43.0197175, -22.8530474 ], [ -43.0197855, -22.8530563 ], [ -43.0198546, -22.8530303 ], [ -43.0199036, -22.8529863 ], [ -43.0199435, -22.8528963 ], [ -43.0199545, -22.8528333 ], [ -43.0200325, -22.8528163 ], [ -43.0201986, -22.8527912 ], [ -43.0202966, -22.8527291 ], [ -43.0203857, -22.8526761 ], [ -43.0205236, -22.8525241 ], [ -43.0206716, -22.8523901 ], [ -43.0207807, -22.852328 ], [ -43.0208487, -22.85232 ], [ -43.0209068, -22.8523389 ], [ -43.0209939, -22.8524208 ], [ -43.0210803, -22.8524892 ], [ -43.0211516, -22.8525678 ], [ -43.0212204, -22.8526563 ], [ -43.0212499, -22.8527128 ], [ -43.0213114, -22.8528185 ], [ -43.0213335, -22.8528874 ], [ -43.021417, -22.8530398 ], [ -43.0214997, -22.8531487 ], [ -43.0216148, -22.8532765 ], [ -43.0217791, -22.8534402 ], [ -43.0220093, -22.8536508 ], [ -43.0221815, -22.8537624 ], [ -43.0222605, -22.853799 ], [ -43.0224631, -22.8539106 ], [ -43.0226656, -22.8540222 ], [ -43.023025, -22.8542151 ], [ -43.0233383, -22.8543027 ], [ -43.0235288, -22.8543321 ], [ -43.0235401, -22.8543443 ], [ -43.0235829, -22.8543907 ], [ -43.0236856, -22.8545018 ], [ -43.0252338, -22.8562238 ], [ -43.0261456, -22.8558279 ], [ -43.026234, -22.8557895 ], [ -43.0264418, -22.8556998 ], [ -43.0270967, -22.8554662 ], [ -43.0275468, -22.8553016 ], [ -43.0279442, -22.8551603 ], [ -43.028242, -22.8549518 ], [ -43.0284155, -22.8547862 ], [ -43.0285473, -22.8546969 ], [ -43.0288691, -22.8544611 ] ] ] } },
{ "type": "Feature", "properties": { "id": 27, "cod_bairro": "3304904028", "nm_bairro": "Trindade", "area_km2": 3.2578932001449092, "cod_munic": "3304904", "nm_munic": "São Gonçalo", "cod_uf": "33", "sig_uf": "RJ" }, "geometry": { "type": "Polygon", "coordinates": [ [ [ -43.0202605, -22.8143733 ], [ -43.0205065, -22.8142961 ], [ -43.0205901, -22.8142959 ], [ -43.0206141, -22.8142679 ], [ -43.020938, -22.8142478 ], [ -43.0213287, -22.8143257 ], [ -43.0218156, -22.8144399 ], [ -43.0217841, -22.8143841 ], [ -43.0216268, -22.8142479 ], [ -43.0216498, -22.8138294 ], [ -43.0218332, -22.813721 ], [ -43.0218387, -22.8136412 ], [ -43.0216498, -22.8135489 ], [ -43.0216452, -22.8131534 ], [ -43.0218824, -22.8130452 ], [ -43.0218861, -22.8129969 ], [ -43.0216774, -22.8128407 ], [ -43.0217141, -22.8124314 ], [ -43.0219347, -22.8123862 ], [ -43.0219367, -22.8123584 ], [ -43.021938, -22.8123403 ], [ -43.0216629, -22.8121345 ], [ -43.021756, -22.8111673 ], [ -43.0220394, -22.8110414 ], [ -43.0220457, -22.8109597 ], [ -43.0218226, -22.8108102 ], [ -43.0218345, -22.8105331 ], [ -43.0220887, -22.810362 ], [ -43.022092, -22.8102818 ], [ -43.0218917, -22.8101796 ], [ -43.0219437, -22.809826 ], [ -43.0220737, -22.8097576 ], [ -43.0221004, -22.8097008 ], [ -43.0221211, -22.8096569 ], [ -43.0219222, -22.8094158 ], [ -43.0219254, -22.8092784 ], [ -43.0221907, -22.8090612 ], [ -43.0221967, -22.8090113 ], [ -43.022002, -22.8088791 ], [ -43.0220308, -22.8084703 ], [ -43.0222728, -22.8084159 ], [ -43.022284, -22.8084018 ], [ -43.0222598, -22.8083342 ], [ -43.0220585, -22.8081183 ], [ -43.0222567, -22.8066984 ], [ -43.0224085, -22.8065947 ], [ -43.0224119, -22.8065675 ], [ -43.0224146, -22.8065423 ], [ -43.0223021, -22.8063662 ], [ -43.0224515, -22.8054678 ], [ -43.0226585, -22.8053926 ], [ -43.0224265, -22.8048959 ], [ -43.0226047, -22.8037582 ], [ -43.0229558, -22.8035353 ], [ -43.0229889, -22.8035191 ], [ -43.0229667, -22.8034903 ], [ -43.0226843, -22.8033036 ], [ -43.0228965, -22.8019881 ], [ -43.0230238, -22.8009697 ], [ -43.0228222, -22.8000097 ], [ -43.0224811, -22.7998581 ], [ -43.0224758, -22.799829 ], [ -43.0224676, -22.7997977 ], [ -43.0226631, -22.7996278 ], [ -43.0225888, -22.7992724 ], [ -43.0223347, -22.7991958 ], [ -43.0223433, -22.7991725 ], [ -43.0223225, -22.7991531 ], [ -43.022504, -22.7989966 ], [ -43.0224403, -22.7986465 ], [ -43.0221944, -22.7985702 ], [ -43.0221986, -22.7985454 ], [ -43.0221827, -22.7985226 ], [ -43.022313, -22.7984449 ], [ -43.0222175, -22.7980736 ], [ -43.0224631, -22.7979096 ], [ -43.0223958, -22.7976973 ], [ -43.0223934, -22.7976626 ], [ -43.0220408, -22.7979996 ], [ -43.0220326, -22.7980075 ], [ -43.0220228, -22.798013 ], [ -43.0219822, -22.7980056 ], [ -43.0215048, -22.7978176 ], [ -43.0170255, -22.7974709 ], [ -43.017276, -22.79627 ], [ -43.0170607, -22.7957819 ], [ -43.0170508, -22.7957479 ], [ -43.0169923, -22.7957732 ], [ -43.0168339, -22.7956991 ], [ -43.016531, -22.7958243 ], [ -43.0165028, -22.7959739 ], [ -43.0164593, -22.79599 ], [ -43.0162573, -22.7959058 ], [ -43.0159195, -22.7960311 ], [ -43.0158533, -22.7962315 ], [ -43.0158116, -22.7962456 ], [ -43.015669, -22.7961388 ], [ -43.0155209, -22.7962008 ], [ -43.0155013, -22.7963718 ], [ -43.0154536, -22.7963539 ], [ -43.0153734, -22.7962095 ], [ -43.0153022, -22.7960813 ], [ -43.0152076, -22.7958631 ], [ -43.0151571, -22.7957454 ], [ -43.0149543, -22.7954021 ], [ -43.0148938, -22.7952841 ], [ -43.0147983, -22.7950978 ], [ -43.0147827, -22.79505 ], [ -43.0147625, -22.7949876 ], [ -43.0147046, -22.7948091 ], [ -43.0147032, -22.7947277 ], [ -43.0146968, -22.7944425 ], [ -43.0147358, -22.7939353 ], [ -43.0147202, -22.7935452 ], [ -43.0147202, -22.7931415 ], [ -43.0147244, -22.7929598 ], [ -43.014728, -22.7926651 ], [ -43.0147305, -22.7923647 ], [ -43.0147436, -22.7919771 ], [ -43.0147592, -22.7916884 ], [ -43.0147046, -22.7913607 ], [ -43.0146433, -22.7912339 ], [ -43.014627, -22.79117 ], [ -43.014529, -22.791232 ], [ -43.0143819, -22.7912851 ], [ -43.0142249, -22.7913642 ], [ -43.0139989, -22.7915152 ], [ -43.0137338, -22.7916923 ], [ -43.0134378, -22.7919144 ], [ -43.0131327, -22.7921365 ], [ -43.0128667, -22.7923405 ], [ -43.0126507, -22.7924736 ], [ -43.0124537, -22.7926427 ], [ -43.0122366, -22.7928117 ], [ -43.0118036, -22.7931498 ], [ -43.0114786, -22.7933989 ], [ -43.0111145, -22.793674 ], [ -43.0107705, -22.7938771 ], [ -43.0103764, -22.7941612 ], [ -43.0101694, -22.7943573 ], [ -43.0100885, -22.7945462 ], [ -43.0101075, -22.7946011 ], [ -43.0100276, -22.7946991 ], [ -43.0100076, -22.7947621 ], [ -43.0099757, -22.7949419 ], [ -43.0099728, -22.7951677 ], [ -43.0100171, -22.7954655 ], [ -43.0101023, -22.7956742 ], [ -43.0103116, -22.7960377 ], [ -43.010482, -22.7963643 ], [ -43.0106252, -22.7966009 ], [ -43.0107785, -22.7968186 ], [ -43.0109988, -22.7970652 ], [ -43.0110178, -22.7970922 ], [ -43.011123, -22.7972739 ], [ -43.0114304, -22.7975844 ], [ -43.0115936, -22.797775 ], [ -43.0117078, -22.7979568 ], [ -43.011823, -22.7980846 ], [ -43.0118501, -22.7982114 ], [ -43.0118382, -22.7983913 ], [ -43.0117844, -22.798743 ], [ -43.0117106, -22.7991388 ], [ -43.0116592, -22.7994486 ], [ -43.011624, -22.7998053 ], [ -43.0115512, -22.8000751 ], [ -43.0115493, -22.800256 ], [ -43.0114593, -22.8003899 ], [ -43.0114094, -22.8004889 ], [ -43.0112714, -22.8006229 ], [ -43.0111224, -22.8007829 ], [ -43.0109111, -22.8009959 ], [ -43.0106884, -22.8012199 ], [ -43.0105494, -22.8013359 ], [ -43.0104516, -22.8014303 ], [ -43.0103444, -22.8015236 ], [ -43.0101554, -22.801674 ], [ -43.0100074, -22.8017811 ], [ -43.0097613, -22.8019491 ], [ -43.0095653, -22.8020732 ], [ -43.0094573, -22.8021173 ], [ -43.0093392, -22.8021883 ], [ -43.0092122, -22.8022594 ], [ -43.0090742, -22.8023294 ], [ -43.0088981, -22.8023905 ], [ -43.008614, -22.8025227 ], [ -43.008427, -22.8026467 ], [ -43.00825, -22.8027618 ], [ -43.008091, -22.8029408 ], [ -43.008001, -22.8031287 ], [ -43.0079511, -22.8032187 ], [ -43.0079011, -22.8032997 ], [ -43.0077612, -22.8035865 ], [ -43.0075894, -22.8040263 ], [ -43.0075175, -22.8042332 ], [ -43.0074276, -22.8044301 ], [ -43.0074191, -22.8044527 ], [ -43.0073257, -22.804709 ], [ -43.0072248, -22.8050058 ], [ -43.0070859, -22.8051758 ], [ -43.007024, -22.8054007 ], [ -43.0069631, -22.8055886 ], [ -43.0068241, -22.8057765 ], [ -43.006808, -22.8058374 ], [ -43.0067821, -22.8059305 ], [ -43.0066043, -22.8061804 ], [ -43.006515, -22.8063405 ], [ -43.0063644, -22.8066012 ], [ -43.0062654, -22.8067352 ], [ -43.0061664, -22.8068432 ], [ -43.0061517, -22.8071949 ], [ -43.006194, -22.8076465 ], [ -43.00636, -22.8090102 ], [ -43.0063972, -22.809146 ], [ -43.0064333, -22.8093718 ], [ -43.0065399, -22.810131 ], [ -43.006567, -22.8102759 ], [ -43.0065822, -22.8105556 ], [ -43.0066436, -22.8110432 ], [ -43.0066617, -22.811188 ], [ -43.0066879, -22.8113599 ], [ -43.0067159, -22.8114777 ], [ -43.0068092, -22.8117944 ], [ -43.0069415, -22.812093 ], [ -43.0069696, -22.8121389 ], [ -43.0071589, -22.8125204 ], [ -43.0073864, -22.8129738 ], [ -43.0075477, -22.8133274 ], [ -43.007669, -22.813672 ], [ -43.0077742, -22.8138358 ], [ -43.0079855, -22.8140634 ], [ -43.0082527, -22.8144904 ], [ -43.0083281, -22.8146625 ], [ -43.0083453, -22.8148434 ], [ -43.0083534, -22.8149793 ], [ -43.0083595, -22.815231 ], [ -43.0082577, -22.8155009 ], [ -43.0081087, -22.8157608 ], [ -43.007968, -22.8158978 ], [ -43.0078218, -22.8160368 ], [ -43.0074477, -22.816277 ], [ -43.0073065, -22.8163571 ], [ -43.0068585, -22.8166032 ], [ -43.0065885, -22.8167503 ], [ -43.0063874, -22.8168594 ], [ -43.0060434, -22.8171085 ], [ -43.0060165, -22.8171307 ], [ -43.0058068, -22.81712 ], [ -43.0055258, -22.8172984 ], [ -43.0052901, -22.8175456 ], [ -43.0051608, -22.8176757 ], [ -43.0050332, -22.8178553 ], [ -43.0049608, -22.8179852 ], [ -43.0052175, -22.8179408 ], [ -43.0075875, -22.8174421 ], [ -43.0097994, -22.817131 ], [ -43.0102675, -22.8170884 ], [ -43.0103655, -22.816961 ], [ -43.0110518, -22.8168029 ], [ -43.0120474, -22.8166112 ], [ -43.0132357, -22.8163878 ], [ -43.0140972, -22.816243 ], [ -43.0147854, -22.8161282 ], [ -43.014872, -22.8161151 ], [ -43.0153647, -22.8160306 ], [ -43.0160483, -22.815899 ], [ -43.0162898, -22.8158478 ], [ -43.0168909, -22.8157346 ], [ -43.0178644, -22.8155491 ], [ -43.0183353, -22.8153988 ], [ -43.0186414, -22.8152579 ], [ -43.0188922, -22.8151109 ], [ -43.0189126, -22.8150978 ], [ -43.0195816, -22.8146757 ], [ -43.019955, -22.8144796 ], [ -43.0202605, -22.8143733 ] ] ] } },
{ "type": "Feature", "properties": { "id": 28, "cod_bairro": "3304904029", "nm_bairro": "Vila Yara", "area_km2": 0.2116860061245896, "cod_munic": "3304904", "nm_munic": "São Gonçalo", "cod_uf": "33", "sig_uf": "RJ" }, "geometry": { "type": "Polygon", "coordinates": [ [ [ -43.0506889, -22.8253469 ], [ -43.051131, -22.8257843 ], [ -43.0514882, -22.8260461 ], [ -43.0515174, -22.8260647 ], [ -43.051505, -22.826044 ], [ -43.0515009, -22.8260371 ], [ -43.0515076, -22.8259905 ], [ -43.0515683, -22.8256351 ], [ -43.0514283, -22.8251519 ], [ -43.0518412, -22.8247278 ], [ -43.0516813, -22.8245493 ], [ -43.0517631, -22.8244303 ], [ -43.0517473, -22.8243001 ], [ -43.0517708, -22.8242746 ], [ -43.0517929, -22.8242601 ], [ -43.0519769, -22.8242665 ], [ -43.0523011, -22.8246212 ], [ -43.0543602, -22.8233618 ], [ -43.0545534, -22.8231083 ], [ -43.0545251, -22.8229026 ], [ -43.0545313, -22.8228668 ], [ -43.0545232, -22.8228285 ], [ -43.054563, -22.8228209 ], [ -43.0544545, -22.8226789 ], [ -43.0544164, -22.822651 ], [ -43.0543384, -22.8226411 ], [ -43.0540962, -22.8225753 ], [ -43.053873, -22.8224736 ], [ -43.0537378, -22.8223818 ], [ -43.0536698, -22.8223449 ], [ -43.0535546, -22.8222621 ], [ -43.0534104, -22.8221074 ], [ -43.0532952, -22.8219436 ], [ -43.0532101, -22.8217618 ], [ -43.0532048, -22.8214371 ], [ -43.0532148, -22.8214011 ], [ -43.0532448, -22.8213651 ], [ -43.0533538, -22.8212581 ], [ -43.0534244, -22.8211799 ], [ -43.0534818, -22.8211161 ], [ -43.0535018, -22.8210801 ], [ -43.0535617, -22.8209542 ], [ -43.0536227, -22.8208103 ], [ -43.0537126, -22.8206223 ], [ -43.0537248, -22.8205945 ], [ -43.0537835, -22.8204604 ], [ -43.0538535, -22.8203445 ], [ -43.0539625, -22.8202005 ], [ -43.0540424, -22.8200216 ], [ -43.0540643, -22.8198777 ], [ -43.0540852, -22.8197508 ], [ -43.0540764, -22.81964 ], [ -43.0537776, -22.8194203 ], [ -43.0531685, -22.8198023 ], [ -43.0530446, -22.819921 ], [ -43.0523942, -22.8204268 ], [ -43.0523335, -22.8205881 ], [ -43.0523205, -22.8206565 ], [ -43.0522355, -22.8205908 ], [ -43.0520066, -22.8204843 ], [ -43.0514183, -22.8208244 ], [ -43.0513978, -22.8208365 ], [ -43.0512074, -22.8209485 ], [ -43.0504026, -22.8214219 ], [ -43.0503759, -22.8217869 ], [ -43.0503583, -22.82184 ], [ -43.0503159, -22.821829 ], [ -43.0501038, -22.8217023 ], [ -43.0498526, -22.8218522 ], [ -43.0496896, -22.8219604 ], [ -43.0496971, -22.8221638 ], [ -43.04969, -22.8222542 ], [ -43.049639, -22.8222195 ], [ -43.0494901, -22.8221892 ], [ -43.0494138, -22.8220736 ], [ -43.0492659, -22.8221545 ], [ -43.0491064, -22.8218956 ], [ -43.0485353, -22.8222539 ], [ -43.0481583, -22.8226592 ], [ -43.0482787, -22.8228018 ], [ -43.0483325, -22.8230536 ], [ -43.0483062, -22.8230885 ], [ -43.0483691, -22.8231148 ], [ -43.0488675, -22.8234481 ], [ -43.0491998, -22.8237062 ], [ -43.0494529, -22.8239239 ], [ -43.0496296, -22.8241125 ], [ -43.0497451, -22.8242411 ], [ -43.0497764, -22.8243337 ], [ -43.0501129, -22.8247758 ], [ -43.0501242, -22.8247867 ], [ -43.050147, -22.8248087 ], [ -43.050558, -22.8252032 ], [ -43.0506344, -22.8252871 ], [ -43.0506889, -22.8253469 ] ] ] } },
{ "type": "Feature", "properties": { "id": 29, "cod_bairro": "3304904030", "nm_bairro": "Zé Garoto", "area_km2": 0.21063295926011447, "cod_munic": "3304904", "nm_munic": "São Gonçalo", "cod_uf": "33", "sig_uf": "RJ" }, "geometry": { "type": "Polygon", "coordinates": [ [ [ -43.0548176, -22.8328252 ], [ -43.0556791, -22.8331538 ], [ -43.0558496, -22.8331807 ], [ -43.0573175, -22.8337484 ], [ -43.0575422, -22.8338832 ], [ -43.0577097, -22.8341201 ], [ -43.0579764, -22.8341795 ], [ -43.0583691, -22.8342488 ], [ -43.0588343, -22.834113 ], [ -43.0588691, -22.834091 ], [ -43.0588899, -22.8340975 ], [ -43.0590461, -22.8340797 ], [ -43.0590651, -22.833773 ], [ -43.0598395, -22.8334236 ], [ -43.0598067, -22.8331755 ], [ -43.0598168, -22.8331392 ], [ -43.05984, -22.8331407 ], [ -43.0597819, -22.8330064 ], [ -43.0596624, -22.8327289 ], [ -43.0596329, -22.8326723 ], [ -43.0595721, -22.8326116 ], [ -43.0595624, -22.8326018 ], [ -43.0592111, -22.8322484 ], [ -43.0583043, -22.8312803 ], [ -43.0581102, -22.8310887 ], [ -43.0578845, -22.8308406 ], [ -43.0576506, -22.830572 ], [ -43.0566998, -22.8295377 ], [ -43.0565963, -22.8294124 ], [ -43.0558089, -22.8285641 ], [ -43.0557851, -22.8285229 ], [ -43.0557251, -22.828419 ], [ -43.0556971, -22.8283705 ], [ -43.0551249, -22.8284341 ], [ -43.0549817, -22.8284045 ], [ -43.0548983, -22.8284378 ], [ -43.0549549, -22.8284654 ], [ -43.0550457, -22.8286829 ], [ -43.0548898, -22.8288764 ], [ -43.0547258, -22.8288982 ], [ -43.0546293, -22.8289611 ], [ -43.0546456, -22.8290032 ], [ -43.0546978, -22.8291203 ], [ -43.0543805, -22.8297798 ], [ -43.0543444, -22.8302519 ], [ -43.054326, -22.830311 ], [ -43.0543581, -22.8303313 ], [ -43.0545094, -22.8305382 ], [ -43.0544281, -22.8310441 ], [ -43.0539855, -22.8318345 ], [ -43.0535512, -22.8318287 ], [ -43.0535254, -22.8318508 ], [ -43.0534985, -22.831873 ], [ -43.0536377, -22.8320649 ], [ -43.0539565, -22.8321811 ], [ -43.0541113, -22.8324356 ], [ -43.054631, -22.8326358 ], [ -43.0547693, -22.8327689 ], [ -43.0547951, -22.832807 ], [ -43.0548176, -22.8328252 ] ] ] } },
{ "type": "Feature", "properties": { "id": 30, "cod_bairro": "3304904031", "nm_bairro": "Almerinda", "area_km2": 1.4208896727982776, "cod_munic": "3304904", "nm_munic": "São Gonçalo", "cod_uf": "33", "sig_uf": "RJ" }, "geometry": { "type": "Polygon", "coordinates": [ [ [ -43.002126, -22.8442158 ], [ -43.0025326, -22.8441043 ], [ -43.0028749, -22.8440348 ], [ -43.0030792, -22.8439791 ], [ -43.0039947, -22.8437869 ], [ -43.0042883, -22.8437728 ], [ -43.0044151, -22.8437413 ], [ -43.0045156, -22.8437595 ], [ -43.0047486, -22.843765 ], [ -43.0048491, -22.8437595 ], [ -43.0053105, -22.843892 ], [ -43.0056212, -22.8439651 ], [ -43.0057255, -22.8439636 ], [ -43.0057899, -22.8439654 ], [ -43.005813, -22.8439773 ], [ -43.0058312, -22.8439873 ], [ -43.006036, -22.8440962 ], [ -43.0068862, -22.8444586 ], [ -43.0075273, -22.8446676 ], [ -43.0077073, -22.8446244 ], [ -43.0078191, -22.8443026 ], [ -43.0079009, -22.8440148 ], [ -43.0080028, -22.843682 ], [ -43.0080147, -22.8435291 ], [ -43.0080956, -22.8433042 ], [ -43.0081865, -22.8431253 ], [ -43.0082955, -22.8429733 ], [ -43.0083164, -22.8428834 ], [ -43.0083474, -22.8427755 ], [ -43.0083973, -22.8426405 ], [ -43.0084882, -22.8424426 ], [ -43.0086123, -22.8421424 ], [ -43.0087419, -22.841724 ], [ -43.0087519, -22.841688 ], [ -43.0087819, -22.841652 ], [ -43.0088309, -22.841599 ], [ -43.0089501, -22.84147 ], [ -43.009121, -22.8413418 ], [ -43.0092776, -22.8412065 ], [ -43.0093403, -22.8411667 ], [ -43.0095128, -22.840921 ], [ -43.0095938, -22.8407591 ], [ -43.0097127, -22.8406171 ], [ -43.0098127, -22.8404371 ], [ -43.0099707, -22.8402771 ], [ -43.0100696, -22.8401422 ], [ -43.0101786, -22.8400531 ], [ -43.0102103, -22.8399392 ], [ -43.0103476, -22.8397852 ], [ -43.0104375, -22.8396682 ], [ -43.0105665, -22.8395172 ], [ -43.0107155, -22.8393113 ], [ -43.0106102, -22.8390496 ], [ -43.0106517, -22.8389343 ], [ -43.0105761, -22.8388218 ], [ -43.0104159, -22.8386411 ], [ -43.0103257, -22.8385393 ], [ -43.0100833, -22.8382835 ], [ -43.008432, -22.8365408 ], [ -43.0079488, -22.8360093 ], [ -43.0062018, -22.8340967 ], [ -43.00611, -22.834007 ], [ -43.0052258, -22.8330766 ], [ -43.0047361, -22.8325565 ], [ -43.0046825, -22.8325886 ], [ -43.0046412, -22.8326133 ], [ -43.0044926, -22.8326255 ], [ -43.0043565, -22.8325137 ], [ -43.0041795, -22.8326208 ], [ -43.0041995, -22.8328117 ], [ -43.0042304, -22.832825 ], [ -43.0041926, -22.8328521 ], [ -43.0041474, -22.8328479 ], [ -43.003949, -22.8328406 ], [ -43.0032153, -22.832135 ], [ -43.0033142, -22.8319545 ], [ -43.0033049, -22.8319056 ], [ -43.0032449, -22.8318776 ], [ -43.0030306, -22.8318746 ], [ -43.0026946, -22.8320426 ], [ -43.0026697, -22.832263 ], [ -43.0026359, -22.8322931 ], [ -43.0023839, -22.8321895 ], [ -43.0020186, -22.8323617 ], [ -43.002088, -22.8326162 ], [ -43.002045, -22.8326067 ], [ -43.0020581, -22.832621 ], [ -43.0020221, -22.8326219 ], [ -43.0016674, -22.8325913 ], [ -43.0014628, -22.8327264 ], [ -43.0009314, -22.8324849 ], [ -43.0007059, -22.832513 ], [ -43.0006317, -22.8325194 ], [ -43.00056, -22.8327871 ], [ -42.9998657, -22.8329688 ], [ -42.9998104, -22.8332393 ], [ -42.9994532, -22.8335107 ], [ -42.999442, -22.8335192 ], [ -42.9994334, -22.8335712 ], [ -42.9996128, -22.8336734 ], [ -42.9994862, -22.8341798 ], [ -42.9992262, -22.8343651 ], [ -42.999191, -22.8344041 ], [ -42.9992181, -22.8344288 ], [ -42.9993648, -22.8345577 ], [ -42.9989896, -22.835736 ], [ -42.9988102, -22.8358711 ], [ -42.9987462, -22.8359659 ], [ -42.9987195, -22.8359675 ], [ -42.9986581, -22.8359769 ], [ -42.9983416, -22.8359244 ], [ -42.9971222, -22.8366694 ], [ -42.996911, -22.837069 ], [ -42.9968314, -22.8371214 ], [ -42.996719, -22.836954 ], [ -42.9961519, -22.8372473 ], [ -42.9959361, -22.8376451 ], [ -42.9959036, -22.8376614 ], [ -42.9958819, -22.8376962 ], [ -42.9958608, -22.837727 ], [ -42.9958578, -22.8377312 ], [ -42.9958891, -22.8377483 ], [ -42.9961024, -22.8378645 ], [ -42.9959309, -22.8382272 ], [ -42.9958888, -22.8385515 ], [ -42.9958866, -22.8385853 ], [ -42.9958897, -22.8385883 ], [ -42.9959087, -22.8385914 ], [ -42.9959601, -22.8386064 ], [ -42.9959615, -22.8386068 ], [ -42.9963904, -22.8387145 ], [ -42.996879, -22.8402322 ], [ -42.9967051, -22.8405144 ], [ -42.9967211, -22.8405665 ], [ -42.9970245, -22.8407104 ], [ -42.9972948, -22.841542 ], [ -42.9971032, -22.8417713 ], [ -42.9970626, -22.8418119 ], [ -42.997064, -22.8418117 ], [ -42.99712, -22.8418242 ], [ -42.9974542, -22.841894 ], [ -42.9978061, -22.8430095 ], [ -42.9976553, -22.8433647 ], [ -42.9976283, -22.8434306 ], [ -42.9976252, -22.8434324 ], [ -42.9976251, -22.8434373 ], [ -42.9976402, -22.8434789 ], [ -42.9977533, -22.8437899 ], [ -42.997917, -22.8437583 ], [ -42.9979701, -22.8439145 ], [ -42.9984748, -22.8439705 ], [ -42.9984868, -22.8440098 ], [ -42.9981462, -22.8444821 ], [ -42.9980866, -22.8446914 ], [ -42.9980914, -22.8449261 ], [ -42.9981953, -22.8453648 ], [ -42.999391, -22.8446656 ], [ -42.9994586, -22.8446521 ], [ -42.9994685, -22.8446445 ], [ -42.9999432, -22.8445287 ], [ -43.0003684, -22.8444979 ], [ -43.0005845, -22.844423 ], [ -43.0007203, -22.8444251 ], [ -43.0009699, -22.8444362 ], [ -43.001794, -22.8443219 ], [ -43.0018772, -22.844298 ], [ -43.002126, -22.8442158 ] ] ] } },
{ "type": "Feature", "properties": { "id": 31, "cod_bairro": "3304904032", "nm_bairro": "Amendoeira", "area_km2": 1.5056534588973922, "cod_munic": "3304904", "nm_munic": "São Gonçalo", "cod_uf": "33", "sig_uf": "RJ" }, "geometry": { "type": "Polygon", "coordinates": [ [ [ -42.9875121, -22.8369973 ], [ -42.9878416, -22.837102 ], [ -42.9891707, -22.8361472 ], [ -42.9891595, -22.8358153 ], [ -42.9891576, -22.8357707 ], [ -42.9891609, -22.8357745 ], [ -42.9892068, -22.8357872 ], [ -42.98947, -22.83586 ], [ -42.9907326, -22.8349676 ], [ -42.9908477, -22.834586 ], [ -42.9908678, -22.8345195 ], [ -42.9908698, -22.8345307 ], [ -42.9909109, -22.8345058 ], [ -42.9913293, -22.8341587 ], [ -42.9904028, -22.833209 ], [ -42.9905558, -22.8329881 ], [ -42.990467, -22.8326622 ], [ -42.9904306, -22.8325972 ], [ -42.9904816, -22.8325985 ], [ -42.9907371, -22.8326049 ], [ -42.9908942, -22.8322837 ], [ -42.9907563, -22.8320837 ], [ -42.990788, -22.8320244 ], [ -42.9910653, -22.8320043 ], [ -42.9912189, -22.8316936 ], [ -42.99106, -22.8314938 ], [ -42.9910814, -22.8314524 ], [ -42.9913132, -22.8314107 ], [ -42.9914738, -22.8311139 ], [ -42.9913763, -22.8309006 ], [ -42.9913612, -22.8308698 ], [ -42.9913297, -22.8308572 ], [ -42.9914026, -22.8308336 ], [ -42.9916537, -22.83082 ], [ -42.9918174, -22.8304685 ], [ -42.9916864, -22.8302822 ], [ -42.9916516, -22.8302439 ], [ -42.9917081, -22.8302401 ], [ -42.9919043, -22.8301878 ], [ -42.9923277, -22.829363 ], [ -42.9922594, -22.8291681 ], [ -42.9921907, -22.8291601 ], [ -42.9919883, -22.8292838 ], [ -42.9915211, -22.8292087 ], [ -42.9915062, -22.8290329 ], [ -42.9914934, -22.8290031 ], [ -42.9914563, -22.8290241 ], [ -42.9911269, -22.8292399 ], [ -42.9893803, -22.8288152 ], [ -42.9892755, -22.8285543 ], [ -42.9892273, -22.8285441 ], [ -42.9889727, -22.8286954 ], [ -42.9880138, -22.8284077 ], [ -42.9876704, -22.8281464 ], [ -42.9876105, -22.8281111 ], [ -42.9876255, -22.8280924 ], [ -42.9876705, -22.8279485 ], [ -42.9874895, -22.8277254 ], [ -42.9873023, -22.8276667 ], [ -42.9872939, -22.8276277 ], [ -42.9874474, -22.8274855 ], [ -42.9873969, -22.8269298 ], [ -42.9872223, -22.8268469 ], [ -42.9871957, -22.8268075 ], [ -42.9863994, -22.8266896 ], [ -42.9857481, -22.8265169 ], [ -42.9851167, -22.8263404 ], [ -42.98453, -22.8261473 ], [ -42.9838471, -22.8259726 ], [ -42.9824339, -22.82565 ], [ -42.9824052, -22.8256388 ], [ -42.9823775, -22.8256533 ], [ -42.9821325, -22.8256149 ], [ -42.9812291, -22.8265561 ], [ -42.9812817, -22.8268933 ], [ -42.981251, -22.8269291 ], [ -42.9809837, -22.8268487 ], [ -42.9808893, -22.8269243 ], [ -42.9810063, -22.8271519 ], [ -42.9809641, -22.8272084 ], [ -42.9806721, -22.8271131 ], [ -42.98054, -22.827283 ], [ -42.9806965, -22.8274845 ], [ -42.9806617, -22.8275285 ], [ -42.980336, -22.8275939 ], [ -42.9801813, -22.8279721 ], [ -42.9803474, -22.8281319 ], [ -42.9803585, -22.8281424 ], [ -42.9803348, -22.8281498 ], [ -42.9803115, -22.8281571 ], [ -42.9800633, -22.8282269 ], [ -42.979983, -22.8284912 ], [ -42.9801273, -22.8286332 ], [ -42.9801016, -22.8286761 ], [ -42.9798226, -22.8287414 ], [ -42.9795724, -22.8292181 ], [ -42.9796853, -22.8293877 ], [ -42.979707, -22.8294239 ], [ -42.9797131, -22.8294245 ], [ -42.9796734, -22.8294401 ], [ -42.9793938, -22.8295102 ], [ -42.9792713, -22.8297799 ], [ -42.9793371, -22.8299597 ], [ -42.9793253, -22.8300056 ], [ -42.9790526, -22.8301239 ], [ -42.9781679, -22.8302 ], [ -42.9780872, -22.8303656 ], [ -42.9780368, -22.8303723 ], [ -42.9778319, -22.8302283 ], [ -42.9774586, -22.8302834 ], [ -42.9772922, -22.8304727 ], [ -42.9772655, -22.8304727 ], [ -42.9771582, -22.8303188 ], [ -42.9768273, -22.8303453 ], [ -42.976726, -22.8305446 ], [ -42.9766963, -22.8305793 ], [ -42.9766487, -22.8305663 ], [ -42.9765273, -22.8305307 ], [ -42.9750797, -22.830793 ], [ -42.9748352, -22.8311565 ], [ -42.9746189, -22.8319227 ], [ -42.9748924, -22.8319822 ], [ -42.9749446, -22.8319915 ], [ -42.9749302, -22.8320861 ], [ -42.9749094, -22.8323577 ], [ -42.9748658, -22.8327588 ], [ -42.9749252, -22.8328419 ], [ -42.9750512, -22.8328357 ], [ -42.9750952, -22.8328335 ], [ -42.9751273, -22.8328699 ], [ -42.9752732, -22.833108 ], [ -42.9766589, -22.8332284 ], [ -42.9767729, -22.8330568 ], [ -42.9768312, -22.8330548 ], [ -42.9770408, -22.8332767 ], [ -42.978141, -22.8334197 ], [ -42.9783382, -22.83324 ], [ -42.9783768, -22.8332449 ], [ -42.9784155, -22.8332497 ], [ -42.9785055, -22.8335998 ], [ -42.9794424, -22.834247 ], [ -42.9797441, -22.8341304 ], [ -42.9797687, -22.8341201 ], [ -42.9797696, -22.834148 ], [ -42.9798302, -22.8345389 ], [ -42.9815038, -22.8357411 ], [ -42.9815425, -22.8360859 ], [ -42.9815457, -22.8361143 ], [ -42.981544, -22.8361206 ], [ -42.9815219, -22.8361604 ], [ -42.9815151, -22.8361727 ], [ -42.9808167, -22.8374488 ], [ -42.9829768, -22.8402219 ], [ -42.9840965, -22.8394654 ], [ -42.9841243, -22.8394563 ], [ -42.9841227, -22.8394511 ], [ -42.984149, -22.8394412 ], [ -42.9844194, -22.8395143 ], [ -42.9856664, -22.8386605 ], [ -42.9856664, -22.8383399 ], [ -42.9856683, -22.8383035 ], [ -42.9856703, -22.8383019 ], [ -42.9856715, -22.838301 ], [ -42.9857225, -22.8383046 ], [ -42.9860616, -22.8384215 ], [ -42.9874866, -22.8373707 ], [ -42.9874528, -22.8370332 ], [ -42.9875121, -22.8369973 ] ] ] } },
{ "type": "Feature", "properties": { "id": 32, "cod_bairro": "3304904033", "nm_bairro": "Anaia Grande", "area_km2": 3.346336011816426, "cod_munic": "3304904", "nm_munic": "São Gonçalo", "cod_uf": "33", "sig_uf": "RJ" }, "geometry": { "type": "Polygon", "coordinates": [ [ [ -42.9743071, -22.8577778 ], [ -42.9742868, -22.8580373 ], [ -42.9742823, -22.8581637 ], [ -42.9742598, -22.8585518 ], [ -42.9742741, -22.8588865 ], [ -42.9742744, -22.8589908 ], [ -42.9742157, -22.8591555 ], [ -42.9741153, -22.8593834 ], [ -42.9741311, -22.8595786 ], [ -42.9741435, -22.8597806 ], [ -42.9741717, -22.8599013 ], [ -42.9742417, -22.8600593 ], [ -42.9743071, -22.8602488 ], [ -42.9743838, -22.8603955 ], [ -42.9744922, -22.860567 ], [ -42.9746908, -22.8608604 ], [ -42.9746501, -22.8609732 ], [ -42.9745242, -22.8611792 ], [ -42.9744753, -22.8612926 ], [ -42.9744719, -22.8614142 ], [ -42.9745278, -22.8615393 ], [ -42.9745957, -22.8616054 ], [ -42.9747427, -22.861736 ], [ -42.9749029, -22.8618601 ], [ -42.9750631, -22.8620745 ], [ -42.9751285, -22.8621444 ], [ -42.975291, -22.8623543 ], [ -42.97537, -22.8624423 ], [ -42.9754039, -22.8624829 ], [ -42.9754061, -22.8625281 ], [ -42.9754016, -22.8626206 ], [ -42.9753881, -22.8627627 ], [ -42.97537, -22.8628756 ], [ -42.9753533, -22.8629761 ], [ -42.9753872, -22.8629719 ], [ -42.9760127, -22.8629035 ], [ -42.9804074, -22.8623307 ], [ -42.9826798, -22.8620345 ], [ -42.9875879, -22.8617253 ], [ -42.987616, -22.8617157 ], [ -42.9876164, -22.8617191 ], [ -42.9876372, -22.8617049 ], [ -42.9891827, -22.8615873 ], [ -42.9903795, -22.8599298 ], [ -42.991247, -22.8588697 ], [ -42.9912623, -22.858851 ], [ -42.9912754, -22.8588874 ], [ -42.9913031, -22.8588702 ], [ -42.9931455, -22.8564848 ], [ -42.992274, -22.8553459 ], [ -42.9886191, -22.8521409 ], [ -42.989247, -22.8509157 ], [ -42.9896427, -22.850056 ], [ -42.9887704, -22.850003 ], [ -42.987445, -22.8501623 ], [ -42.9865548, -22.8501165 ], [ -42.9862059, -22.8503037 ], [ -42.9853381, -22.8510524 ], [ -42.9848787, -22.8511885 ], [ -42.9845554, -22.8512141 ], [ -42.9844533, -22.85118 ], [ -42.9843512, -22.8511545 ], [ -42.9841487, -22.8511466 ], [ -42.9839854, -22.8511885 ], [ -42.9838833, -22.8512311 ], [ -42.9838463, -22.8512719 ], [ -42.9838583, -22.8513157 ], [ -42.9840364, -22.8514353 ], [ -42.98413, -22.8516139 ], [ -42.9841248, -22.8517552 ], [ -42.984089, -22.8518547 ], [ -42.9840109, -22.8519457 ], [ -42.9838404, -22.8520615 ], [ -42.9837306, -22.8519862 ], [ -42.9836872, -22.8519541 ], [ -42.9835732, -22.8518654 ], [ -42.9834645, -22.8517811 ], [ -42.983184, -22.8516438 ], [ -42.9825455, -22.8514648 ], [ -42.9818096, -22.8513833 ], [ -42.9807714, -22.8513216 ], [ -42.9784137, -22.8513333 ], [ -42.977242, -22.8502872 ], [ -42.9763679, -22.8494017 ], [ -42.9754428, -22.8486153 ], [ -42.9748651, -22.8481122 ], [ -42.9733794, -22.8470575 ], [ -42.9721069, -22.8462321 ], [ -42.972075, -22.8462114 ], [ -42.9713612, -22.8456985 ], [ -42.9710038, -22.84545 ], [ -42.9698865, -22.8444898 ], [ -42.9693748, -22.8440459 ], [ -42.9692227, -22.8439139 ], [ -42.9685326, -22.8433752 ], [ -42.9685495, -22.845199 ], [ -42.9656684, -22.8467852 ], [ -42.9656794, -22.8464168 ], [ -42.9656627, -22.8462489 ], [ -42.9656372, -22.8461121 ], [ -42.9655684, -22.8458632 ], [ -42.965486, -22.8456893 ], [ -42.9654048, -22.8455474 ], [ -42.9653207, -22.8454234 ], [ -42.965196, -22.8452708 ], [ -42.9650733, -22.8451555 ], [ -42.9649111, -22.8450282 ], [ -42.9647241, -22.8449184 ], [ -42.9646499, -22.8448959 ], [ -42.9646454, -22.8449544 ], [ -42.9646036, -22.8452008 ], [ -42.9631725, -22.846048 ], [ -42.9627263, -22.8461318 ], [ -42.9626937, -22.8461824 ], [ -42.9629321, -22.8464029 ], [ -42.9627424, -22.8479834 ], [ -42.9627373, -22.8480642 ], [ -42.9627101, -22.8481145 ], [ -42.9626835, -22.8481425 ], [ -42.9625998, -22.8484176 ], [ -42.9631753, -22.8492182 ], [ -42.9633217, -22.8494663 ], [ -42.9646813, -22.8509743 ], [ -42.9657518, -22.8522714 ], [ -42.9659393, -22.8523964 ], [ -42.9660096, -22.8525995 ], [ -42.9660799, -22.8528183 ], [ -42.9661424, -22.8533574 ], [ -42.9662987, -22.8536778 ], [ -42.9664862, -22.8537481 ], [ -42.9668457, -22.8536934 ], [ -42.9673484, -22.8537102 ], [ -42.9664853, -22.8556807 ], [ -42.9736694, -22.8574148 ], [ -42.9743135, -22.8572403 ], [ -42.9743448, -22.8572338 ], [ -42.9743071, -22.8577778 ] ] ] } },
{ "type": "Feature", "properties": { "id": 33, "cod_bairro": "3304904034", "nm_bairro": "Anaia Pequeno", "area_km2": 3.296068617645632, "cod_munic": "3304904", "nm_munic": "São Gonçalo", "cod_uf": "33", "sig_uf": "RJ" }, "geometry": { "type": "Polygon", "coordinates": [ [ [ -42.9929063, -22.8725398 ], [ -42.9933016, -22.8726561 ], [ -42.9934731, -22.8725931 ], [ -42.9935188, -22.8725488 ], [ -42.9935198, -22.8718593 ], [ -42.995483, -22.8710674 ], [ -42.9980754, -22.8710266 ], [ -42.9981143, -22.8706058 ], [ -42.9984915, -22.8704808 ], [ -42.998535, -22.8704817 ], [ -42.9984032, -22.8701755 ], [ -42.9985066, -22.8700096 ], [ -42.9989987, -22.8699847 ], [ -42.9991105, -22.8699703 ], [ -42.9991164, -22.8699412 ], [ -42.9986419, -22.8698281 ], [ -42.9985154, -22.8694415 ], [ -42.9989897, -22.8674475 ], [ -43.0003481, -22.8652364 ], [ -43.0008839, -22.8653647 ], [ -43.0011247, -22.864634 ], [ -43.0010551, -22.8646161 ], [ -43.001005, -22.8635666 ], [ -43.0008184, -22.8634602 ], [ -43.0007792, -22.863429 ], [ -43.0008711, -22.8633976 ], [ -43.0012886, -22.863152 ], [ -43.0028785, -22.8602556 ], [ -43.0033205, -22.8600883 ], [ -43.0033982, -22.8600953 ], [ -43.0033994, -22.8600452 ], [ -43.0032331, -22.8597938 ], [ -43.0036386, -22.8586718 ], [ -43.0039764, -22.8585045 ], [ -43.0040089, -22.8584247 ], [ -43.0037164, -22.8583111 ], [ -43.0037176, -22.8581505 ], [ -43.0040342, -22.8580993 ], [ -43.0040673, -22.8580529 ], [ -43.0040116, -22.8580396 ], [ -43.003723, -22.8579467 ], [ -43.0026355, -22.8572697 ], [ -43.0026007, -22.8571885 ], [ -43.0026007, -22.8571246 ], [ -43.0026403, -22.8568706 ], [ -43.002598, -22.8568408 ], [ -43.0022757, -22.8567359 ], [ -43.0015272, -22.8567649 ], [ -43.0009992, -22.8570666 ], [ -43.0007729, -22.8572291 ], [ -43.0006858, -22.8575134 ], [ -43.0005814, -22.8577049 ], [ -43.0002042, -22.8580472 ], [ -43.0000301, -22.8582445 ], [ -42.9999315, -22.8582387 ], [ -42.9996817, -22.8582333 ], [ -42.9996097, -22.85827 ], [ -42.9995764, -22.8583704 ], [ -42.9995852, -22.8585404 ], [ -42.9996588, -22.858877 ], [ -42.9996646, -22.8591555 ], [ -42.9996631, -22.8592196 ], [ -42.9996617, -22.8592838 ], [ -42.9996616, -22.8592868 ], [ -42.9996605, -22.8593364 ], [ -42.9996604, -22.8593447 ], [ -42.9996588, -22.8594166 ], [ -42.9995601, -22.8594921 ], [ -42.9986085, -22.8599041 ], [ -42.9982371, -22.8600317 ], [ -42.9981443, -22.8601013 ], [ -42.9980689, -22.8602928 ], [ -42.9980224, -22.8603799 ], [ -42.9978948, -22.8604843 ], [ -42.9977645, -22.8606344 ], [ -42.9977034, -22.8606994 ], [ -42.9976729, -22.8606734 ], [ -42.9974507, -22.8604943 ], [ -42.9977459, -22.8597526 ], [ -42.996945, -22.8597297 ], [ -42.9964724, -22.8595783 ], [ -42.9964175, -22.8595727 ], [ -42.9961035, -22.8598313 ], [ -42.9956667, -22.8597591 ], [ -42.9953208, -22.8597159 ], [ -42.9950613, -22.8596186 ], [ -42.9946937, -22.8593483 ], [ -42.9942612, -22.8589483 ], [ -42.9936896, -22.857196 ], [ -42.9931455, -22.8564848 ], [ -42.9913031, -22.8588702 ], [ -42.9912754, -22.8588874 ], [ -42.9912623, -22.858851 ], [ -42.991247, -22.8588697 ], [ -42.9903795, -22.8599298 ], [ -42.9891827, -22.8615873 ], [ -42.9876372, -22.8617049 ], [ -42.9876164, -22.8617191 ], [ -42.987616, -22.8617157 ], [ -42.9875879, -22.8617253 ], [ -42.9826798, -22.8620345 ], [ -42.9804074, -22.8623307 ], [ -42.9760127, -22.8629035 ], [ -42.9772585, -22.8650785 ], [ -42.9771555, -22.8656099 ], [ -42.9772096, -22.8657028 ], [ -42.97759, -22.8658753 ], [ -42.9774501, -22.8669234 ], [ -42.9771477, -22.8680152 ], [ -42.9764672, -22.8694527 ], [ -42.9760415, -22.8706129 ], [ -42.9760282, -22.8706558 ], [ -42.9760921, -22.8706728 ], [ -42.9766131, -22.8708136 ], [ -42.9773057, -22.8714843 ], [ -42.9772211, -22.871778 ], [ -42.9772703, -22.8718277 ], [ -42.9775043, -22.8717315 ], [ -42.9777014, -22.8719296 ], [ -42.9776688, -22.8721945 ], [ -42.9777283, -22.8722491 ], [ -42.9779763, -22.8721769 ], [ -42.9782512, -22.8724297 ], [ -42.9781648, -22.8726501 ], [ -42.9782224, -22.872703 ], [ -42.97857, -22.8726606 ], [ -42.9787569, -22.8728695 ], [ -42.9786507, -22.8730962 ], [ -42.9787076, -22.8731486 ], [ -42.9789077, -22.8730973 ], [ -42.979148, -22.8732654 ], [ -42.9797001, -22.8734957 ], [ -42.9797184, -22.8736604 ], [ -42.9797781, -22.873689 ], [ -42.9799761, -22.8735774 ], [ -42.9805375, -22.8737384 ], [ -42.9805532, -22.8739651 ], [ -42.9805978, -22.8739816 ], [ -42.9808155, -22.8737826 ], [ -42.9810906, -22.873862 ], [ -42.9812253, -22.8742197 ], [ -42.9812522, -22.8742282 ], [ -42.98128, -22.8742382 ], [ -42.9816592, -22.8740678 ], [ -42.9824347, -22.8744142 ], [ -42.9835704, -22.8718484 ], [ -42.9847126, -22.8730068 ], [ -42.9858377, -22.8735925 ], [ -42.9868593, -22.87376 ], [ -42.987411, -22.8737578 ], [ -42.9886385, -22.8736463 ], [ -42.9903455, -22.8736859 ], [ -42.990915, -22.8740257 ], [ -42.9913391, -22.8744944 ], [ -42.9916268, -22.8740437 ], [ -42.9916434, -22.8740352 ], [ -42.9916468, -22.873996 ], [ -42.9916123, -22.8733206 ], [ -42.9921302, -22.873008 ], [ -42.9929063, -22.8725398 ] ] ] } },
{ "type": "Feature", "properties": { "id": 34, "cod_bairro": "3304904035", "nm_bairro": "Arrastão", "area_km2": 3.330485229595566, "cod_munic": "3304904", "nm_munic": "São Gonçalo", "cod_uf": "33", "sig_uf": "RJ" }, "geometry": { "type": "Polygon", "coordinates": [ [ [ -43.0018754, -22.8907513 ], [ -43.0020171, -22.8908275 ], [ -43.0022134, -22.8909257 ], [ -43.0022394, -22.8909387 ], [ -43.002356, -22.8909836 ], [ -43.002372, -22.8909897 ], [ -43.0024725, -22.8910284 ], [ -43.0027666, -22.8911073 ], [ -43.0032042, -22.8911754 ], [ -43.0032282, -22.8911784 ], [ -43.0035059, -22.8912131 ], [ -43.003602, -22.8912111 ], [ -43.0039358, -22.8912041 ], [ -43.0044308, -22.8912508 ], [ -43.0047428, -22.8913261 ], [ -43.0051014, -22.8914911 ], [ -43.005392, -22.8916058 ], [ -43.0057291, -22.8917278 ], [ -43.005802, -22.8917548 ], [ -43.0059973, -22.8918272 ], [ -43.0060483, -22.8918461 ], [ -43.0060775, -22.8918521 ], [ -43.0061067, -22.8918582 ], [ -43.0062742, -22.8918927 ], [ -43.0065653, -22.8919436 ], [ -43.006758, -22.8919374 ], [ -43.0068086, -22.8919358 ], [ -43.006966, -22.8919063 ], [ -43.0071184, -22.8918779 ], [ -43.008132, -22.8916883 ], [ -43.0084476, -22.8916453 ], [ -43.0086521, -22.8916058 ], [ -43.0087454, -22.8915752 ], [ -43.0088816, -22.8915305 ], [ -43.0091255, -22.8913835 ], [ -43.0093457, -22.8912303 ], [ -43.0094822, -22.8911011 ], [ -43.0097675, -22.8908311 ], [ -43.0098888, -22.8906844 ], [ -43.0099393, -22.8906233 ], [ -43.0099898, -22.8905621 ], [ -43.010014, -22.8905319 ], [ -43.0102732, -22.8902071 ], [ -43.0103372, -22.8901283 ], [ -43.0103763, -22.8900801 ], [ -43.0104131, -22.8900349 ], [ -43.0105529, -22.8898628 ], [ -43.0106795, -22.8896904 ], [ -43.0108506, -22.8894575 ], [ -43.011342, -22.8887653 ], [ -43.0115141, -22.8885358 ], [ -43.0117472, -22.888256 ], [ -43.0119875, -22.8879763 ], [ -43.0121018, -22.8878659 ], [ -43.0122027, -22.8877683 ], [ -43.0122239, -22.8877526 ], [ -43.0123763, -22.8876402 ], [ -43.0124362, -22.8876103 ], [ -43.0125578, -22.8875495 ], [ -43.0127514, -22.8874706 ], [ -43.0130527, -22.8873737 ], [ -43.0133002, -22.88732 ], [ -43.013458, -22.8872913 ], [ -43.0136158, -22.8872626 ], [ -43.0140498, -22.8871908 ], [ -43.0144712, -22.8871119 ], [ -43.014776, -22.8870492 ], [ -43.0149607, -22.8870008 ], [ -43.0149985, -22.886985 ], [ -43.0151239, -22.8869326 ], [ -43.0152674, -22.8868483 ], [ -43.0153911, -22.8867623 ], [ -43.0154933, -22.8866708 ], [ -43.0156153, -22.8865506 ], [ -43.0157408, -22.8864144 ], [ -43.0158807, -22.8862691 ], [ -43.0160152, -22.8861131 ], [ -43.0160887, -22.8860396 ], [ -43.0161622, -22.885966 ], [ -43.0163397, -22.8858495 ], [ -43.0165406, -22.8857491 ], [ -43.0167038, -22.8856899 ], [ -43.0169423, -22.8856325 ], [ -43.0172238, -22.8855769 ], [ -43.0174623, -22.8855141 ], [ -43.017708, -22.8854388 ], [ -43.0179555, -22.8853348 ], [ -43.0181473, -22.8852236 ], [ -43.0183654, -22.885083 ], [ -43.0183228, -22.8850892 ], [ -43.0181517, -22.8851141 ], [ -43.0180242, -22.8851327 ], [ -43.0170819, -22.8852702 ], [ -43.016096, -22.8850958 ], [ -43.0153687, -22.8843246 ], [ -43.014627, -22.8843638 ], [ -43.0082581, -22.8827283 ], [ -43.0086432, -22.879422 ], [ -43.0088793, -22.8774954 ], [ -43.009066, -22.8760102 ], [ -43.0094788, -22.8755903 ], [ -43.0097477, -22.8750225 ], [ -43.0098673, -22.8742755 ], [ -43.0098673, -22.87363 ], [ -43.0097238, -22.8729367 ], [ -43.0095087, -22.872375 ], [ -43.009191, -22.8717476 ], [ -43.0091577, -22.8717241 ], [ -43.0089985, -22.8716072 ], [ -43.0088624, -22.8716143 ], [ -43.0086928, -22.8716873 ], [ -43.0086369, -22.8717241 ], [ -43.0084324, -22.871824 ], [ -43.00823, -22.871854 ], [ -43.0080829, -22.8718323 ], [ -43.0080811, -22.8718319 ], [ -43.0078749, -22.8717751 ], [ -43.0076418, -22.8716968 ], [ -43.0074087, -22.8716576 ], [ -43.0073124, -22.8716112 ], [ -43.0070996, -22.8715696 ], [ -43.0069974, -22.871528 ], [ -43.0068059, -22.8713247 ], [ -43.0067287, -22.8712866 ], [ -43.0065967, -22.8712474 ], [ -43.0062757, -22.8712081 ], [ -43.0060747, -22.8711867 ], [ -43.0059868, -22.8711856 ], [ -43.0058417, -22.8712426 ], [ -43.0057407, -22.8712854 ], [ -43.0056292, -22.8713065 ], [ -43.0055694, -22.8713044 ], [ -43.0055231, -22.8712786 ], [ -43.0054375, -22.8711986 ], [ -43.0053115, -22.8710643 ], [ -43.0052508, -22.8710001 ], [ -43.0049655, -22.8708562 ], [ -43.0049079, -22.8708382 ], [ -43.0048441, -22.8708182 ], [ -43.00493, -22.8705962 ], [ -43.0049144, -22.8705766 ], [ -43.0048281, -22.8704677 ], [ -43.004609, -22.8702325 ], [ -43.0040095, -22.8704496 ], [ -43.0038034, -22.8704889 ], [ -43.0036013, -22.8703936 ], [ -43.0026232, -22.8703024 ], [ -43.0025978, -22.8702726 ], [ -43.0015079, -22.8697388 ], [ -43.0017177, -22.8689022 ], [ -43.0017889, -22.868769 ], [ -43.0019678, -22.8683915 ], [ -43.0022607, -22.8684162 ], [ -43.0022641, -22.8682929 ], [ -43.0019001, -22.8680271 ], [ -43.0017794, -22.8681554 ], [ -43.001568, -22.8682082 ], [ -43.0013416, -22.8681177 ], [ -43.000934, -22.8675817 ], [ -43.0008057, -22.8672496 ], [ -43.0010092, -22.8666204 ], [ -43.0011982, -22.8665099 ], [ -43.001334, -22.8662155 ], [ -43.0015454, -22.8649625 ], [ -43.0016586, -22.8646304 ], [ -43.0011247, -22.864634 ], [ -43.0008839, -22.8653647 ], [ -43.0003481, -22.8652364 ], [ -42.9989897, -22.8674475 ], [ -42.9985154, -22.8694415 ], [ -42.9986419, -22.8698281 ], [ -42.9991164, -22.8699412 ], [ -42.9991105, -22.8699703 ], [ -42.9989987, -22.8699847 ], [ -42.9985066, -22.8700096 ], [ -42.9984032, -22.8701755 ], [ -42.998535, -22.8704817 ], [ -42.9984915, -22.8704808 ], [ -42.9981143, -22.8706058 ], [ -42.9980754, -22.8710266 ], [ -42.995483, -22.8710674 ], [ -42.9935198, -22.8718593 ], [ -42.9935188, -22.8725488 ], [ -42.9934731, -22.8725931 ], [ -42.9933016, -22.8726561 ], [ -42.9929063, -22.8725398 ], [ -42.9921302, -22.873008 ], [ -42.9916123, -22.8733206 ], [ -42.9916468, -22.873996 ], [ -42.9916434, -22.8740352 ], [ -42.9916854, -22.87403 ], [ -42.9920796, -22.8740036 ], [ -42.9932494, -22.8748647 ], [ -42.9934157, -22.8752804 ], [ -42.9931455, -22.8758148 ], [ -42.9925071, -22.8770084 ], [ -42.9920302, -22.8773736 ], [ -42.9919321, -22.8774641 ], [ -42.9919508, -22.877533 ], [ -42.9922147, -22.8777546 ], [ -42.9936014, -22.878557 ], [ -42.9945657, -22.879067 ], [ -42.9956847, -22.8808975 ], [ -42.9957382, -22.8812172 ], [ -42.9957771, -22.8812784 ], [ -42.9960366, -22.8812655 ], [ -42.9961915, -22.8813763 ], [ -42.9961505, -22.8815746 ], [ -42.9961866, -22.8816162 ], [ -42.9963116, -22.8817334 ], [ -42.9964438, -22.8820053 ], [ -42.9964468, -22.8826834 ], [ -42.9981842, -22.8834934 ], [ -42.9984578, -22.8836802 ], [ -42.9988581, -22.8841273 ], [ -42.998786, -22.8856341 ], [ -42.9988998, -22.8860271 ], [ -42.9990859, -22.8862339 ], [ -42.9993445, -22.8862029 ], [ -42.9995203, -22.8860374 ], [ -42.9999236, -22.884631 ], [ -43.0001097, -22.8844448 ], [ -43.0005133, -22.8844965 ], [ -43.0005518, -22.8845191 ], [ -43.0006165, -22.8847757 ], [ -43.0011749, -22.8851894 ], [ -43.0017541, -22.8858513 ], [ -43.0019299, -22.8862856 ], [ -43.00254, -22.887206 ], [ -43.0029919, -22.8873096 ], [ -43.003019, -22.8873144 ], [ -43.0030102, -22.8873443 ], [ -43.0028423, -22.8878883 ], [ -43.0029004, -22.8882399 ], [ -43.0030115, -22.8883879 ], [ -43.0029948, -22.8885748 ], [ -43.0033321, -22.8894357 ], [ -43.0023336, -22.8906249 ], [ -43.0018846, -22.8907252 ], [ -43.0018513, -22.8907384 ], [ -43.0018754, -22.8907513 ] ] ] } },
{ "type": "Feature", "properties": { "id": 35, "cod_bairro": "3304904036", "nm_bairro": "Arsenal", "area_km2": 2.2514029055494662, "cod_munic": "3304904", "nm_munic": "São Gonçalo", "cod_uf": "33", "sig_uf": "RJ" }, "geometry": { "type": "Polygon", "coordinates": [ [ [ -43.0145139, -22.8673088 ], [ -43.0151083, -22.8682115 ], [ -43.0154119, -22.868283 ], [ -43.0154412, -22.868291 ], [ -43.0154429, -22.8682903 ], [ -43.0154691, -22.8682612 ], [ -43.0156015, -22.8678408 ], [ -43.0153402, -22.8672737 ], [ -43.0155772, -22.8671997 ], [ -43.0157521, -22.8667788 ], [ -43.0157965, -22.8667478 ], [ -43.0161131, -22.8669068 ], [ -43.0164939, -22.8665121 ], [ -43.017567, -22.866076 ], [ -43.0184577, -22.8651265 ], [ -43.0183987, -22.8649056 ], [ -43.0183822, -22.8648779 ], [ -43.0186025, -22.8650051 ], [ -43.0186083, -22.8649857 ], [ -43.0188372, -22.8647669 ], [ -43.0190618, -22.8644197 ], [ -43.0191286, -22.8640993 ], [ -43.0190885, -22.8635519 ], [ -43.0190687, -22.8632834 ], [ -43.0188215, -22.8630847 ], [ -43.0182875, -22.8631648 ], [ -43.018154, -22.8631114 ], [ -43.0181006, -22.8629378 ], [ -43.0180072, -22.8626975 ], [ -43.0179606, -22.8626621 ], [ -43.0176734, -22.8624438 ], [ -43.0174731, -22.8622703 ], [ -43.017393, -22.8619899 ], [ -43.0172529, -22.8618164 ], [ -43.0169124, -22.861536 ], [ -43.0166321, -22.8614292 ], [ -43.0160847, -22.8610687 ], [ -43.0158177, -22.8607483 ], [ -43.0156308, -22.8605347 ], [ -43.0154305, -22.8602811 ], [ -43.0153771, -22.8599873 ], [ -43.0153905, -22.8598405 ], [ -43.0151902, -22.8595468 ], [ -43.0149499, -22.8593065 ], [ -43.014808, -22.8588013 ], [ -43.0144547, -22.8575332 ], [ -43.0144321, -22.8574523 ], [ -43.0143969, -22.8573641 ], [ -43.0143244, -22.8571922 ], [ -43.0142733, -22.8570901 ], [ -43.0142142, -22.8569611 ], [ -43.0141566, -22.8568262 ], [ -43.0141148, -22.8567435 ], [ -43.0140073, -22.856671 ], [ -43.0138139, -22.8565635 ], [ -43.0137387, -22.8565071 ], [ -43.013685, -22.856405 ], [ -43.0136688, -22.8562653 ], [ -43.0136393, -22.856174 ], [ -43.0134781, -22.8558597 ], [ -43.0133465, -22.8556501 ], [ -43.0132229, -22.8554755 ], [ -43.0131127, -22.8553519 ], [ -43.0130348, -22.8552659 ], [ -43.0129784, -22.8552095 ], [ -43.0129247, -22.8551531 ], [ -43.012879, -22.8550805 ], [ -43.0128414, -22.8550188 ], [ -43.0127994, -22.854916 ], [ -43.0127704, -22.8548431 ], [ -43.0126641, -22.8547179 ], [ -43.0125459, -22.8546265 ], [ -43.0124276, -22.8545352 ], [ -43.0123148, -22.8544035 ], [ -43.0122181, -22.854288 ], [ -43.0121556, -22.8542132 ], [ -43.0121375, -22.8541503 ], [ -43.0121085, -22.8541054 ], [ -43.0120936, -22.8539655 ], [ -43.0120681, -22.8539371 ], [ -43.0119545, -22.8538207 ], [ -43.011892, -22.8536872 ], [ -43.0118352, -22.8535339 ], [ -43.0118097, -22.853301 ], [ -43.0117302, -22.8531761 ], [ -43.0116194, -22.8530511 ], [ -43.0114973, -22.8529432 ], [ -43.0113809, -22.8528466 ], [ -43.0112559, -22.8527842 ], [ -43.0112218, -22.852699 ], [ -43.0112133, -22.8525655 ], [ -43.0111598, -22.8523591 ], [ -43.0112076, -22.8522627 ], [ -43.0111905, -22.8521279 ], [ -43.0111234, -22.852018 ], [ -43.0110663, -22.8519362 ], [ -43.0109431, -22.8517095 ], [ -43.0108969, -22.8514927 ], [ -43.0107633, -22.8511556 ], [ -43.0107306, -22.8510063 ], [ -43.0107493, -22.8508804 ], [ -43.0105624, -22.8509924 ], [ -43.0104643, -22.8510365 ], [ -43.0103119, -22.8511177 ], [ -43.0102635, -22.8511435 ], [ -43.0102483, -22.8511516 ], [ -43.0100522, -22.8512397 ], [ -43.0099832, -22.8512927 ], [ -43.0099423, -22.8514096 ], [ -43.0099204, -22.8515985 ], [ -43.0099584, -22.8516444 ], [ -43.0100156, -22.8517623 ], [ -43.0101778, -22.8520169 ], [ -43.010283, -22.8521896 ], [ -43.0103401, -22.8522895 ], [ -43.010347, -22.852446 ], [ -43.0103472, -22.8524514 ], [ -43.0102418, -22.8525879 ], [ -43.0100036, -22.8527125 ], [ -43.0098657, -22.8527658 ], [ -43.0098122, -22.8527983 ], [ -43.0098014, -22.8528559 ], [ -43.0098177, -22.8529562 ], [ -43.009867, -22.8531208 ], [ -43.0099246, -22.8534299 ], [ -43.0098837, -22.8535648 ], [ -43.0098437, -22.8536368 ], [ -43.0098428, -22.8536818 ], [ -43.0098618, -22.8537447 ], [ -43.0098999, -22.8537726 ], [ -43.0099679, -22.8538006 ], [ -43.010036, -22.8538285 ], [ -43.0100858, -22.8539065 ], [ -43.010101, -22.8539859 ], [ -43.0096931, -22.8543312 ], [ -43.0094436, -22.8544189 ], [ -43.0093919, -22.854454 ], [ -43.0093485, -22.8544961 ], [ -43.0093454, -22.8545193 ], [ -43.0090851, -22.8544764 ], [ -43.0087327, -22.8543371 ], [ -43.0083802, -22.8542346 ], [ -43.0081589, -22.85421 ], [ -43.0079458, -22.8542059 ], [ -43.0078884, -22.854251 ], [ -43.0079048, -22.8543781 ], [ -43.0075681, -22.8547663 ], [ -43.0075501, -22.8547871 ], [ -43.0075261, -22.8547898 ], [ -43.0074335, -22.8548002 ], [ -43.0071384, -22.8550051 ], [ -43.0068352, -22.8552387 ], [ -43.0065934, -22.8554887 ], [ -43.0063434, -22.8558904 ], [ -43.0060442, -22.8564068 ], [ -43.0057873, -22.8569515 ], [ -43.0056671, -22.8570707 ], [ -43.0055565, -22.8572059 ], [ -43.0041025, -22.8580583 ], [ -43.0040673, -22.8580529 ], [ -43.0040342, -22.8580993 ], [ -43.0037176, -22.8581505 ], [ -43.0037164, -22.8583111 ], [ -43.0040089, -22.8584247 ], [ -43.0039764, -22.8585045 ], [ -43.0036386, -22.8586718 ], [ -43.0032331, -22.8597938 ], [ -43.0033994, -22.8600452 ], [ -43.0033982, -22.8600953 ], [ -43.0033205, -22.8600883 ], [ -43.0028785, -22.8602556 ], [ -43.0012886, -22.863152 ], [ -43.0008711, -22.8633976 ], [ -43.0007792, -22.863429 ], [ -43.0008184, -22.8634602 ], [ -43.001005, -22.8635666 ], [ -43.0010551, -22.8646161 ], [ -43.0011247, -22.864634 ], [ -43.0016586, -22.8646304 ], [ -43.0015454, -22.8649625 ], [ -43.001334, -22.8662155 ], [ -43.0011982, -22.8665099 ], [ -43.0010092, -22.8666204 ], [ -43.0008057, -22.8672496 ], [ -43.000934, -22.8675817 ], [ -43.0013416, -22.8681177 ], [ -43.001568, -22.8682082 ], [ -43.0017794, -22.8681554 ], [ -43.0019001, -22.8680271 ], [ -43.0022641, -22.8682929 ], [ -43.0022607, -22.8684162 ], [ -43.0019678, -22.8683915 ], [ -43.0017889, -22.868769 ], [ -43.0017177, -22.8689022 ], [ -43.0015079, -22.8697388 ], [ -43.0025978, -22.8702726 ], [ -43.0026232, -22.8703024 ], [ -43.0036013, -22.8703936 ], [ -43.0038034, -22.8704889 ], [ -43.0040095, -22.8704496 ], [ -43.004609, -22.8702325 ], [ -43.0048281, -22.8704677 ], [ -43.0049144, -22.8705766 ], [ -43.00493, -22.8705962 ], [ -43.0048441, -22.8708182 ], [ -43.0049079, -22.8708382 ], [ -43.0050765, -22.8707085 ], [ -43.0053862, -22.8707059 ], [ -43.0068011, -22.8708568 ], [ -43.0079231, -22.8710289 ], [ -43.0086057, -22.8698964 ], [ -43.0108594, -22.8680305 ], [ -43.0123379, -22.8674236 ], [ -43.0125173, -22.867446 ], [ -43.0129258, -22.8675805 ], [ -43.0133176, -22.8674486 ], [ -43.0140098, -22.8671801 ], [ -43.0145139, -22.8673088 ] ] ] } },
{ "type": "Feature", "properties": { "id": 36, "cod_bairro": "3304904037", "nm_bairro": "Coelho", "area_km2": 2.2740487938856524, "cod_munic": "3304904", "nm_munic": "São Gonçalo", "cod_uf": "33", "sig_uf": "RJ" }, "geometry": { "type": "Polygon", "coordinates": [ [ [ -42.996911, -22.837069 ], [ -42.9971222, -22.8366694 ], [ -42.9983416, -22.8359244 ], [ -42.9986581, -22.8359769 ], [ -42.9987195, -22.8359675 ], [ -42.9987462, -22.8359659 ], [ -42.9988102, -22.8358711 ], [ -42.9989896, -22.835736 ], [ -42.9993648, -22.8345577 ], [ -42.9992181, -22.8344288 ], [ -42.999191, -22.8344041 ], [ -42.9992262, -22.8343651 ], [ -42.9994862, -22.8341798 ], [ -42.9996128, -22.8336734 ], [ -42.9994334, -22.8335712 ], [ -42.999442, -22.8335192 ], [ -42.9994532, -22.8335107 ], [ -42.9998104, -22.8332393 ], [ -42.9998657, -22.8329688 ], [ -43.00056, -22.8327871 ], [ -43.0006317, -22.8325194 ], [ -43.0007059, -22.832513 ], [ -43.0009314, -22.8324849 ], [ -43.0014628, -22.8327264 ], [ -43.0016674, -22.8325913 ], [ -43.0020221, -22.8326219 ], [ -43.0020581, -22.832621 ], [ -43.002045, -22.8326067 ], [ -43.002088, -22.8326162 ], [ -43.0020186, -22.8323617 ], [ -43.0023839, -22.8321895 ], [ -43.0026359, -22.8322931 ], [ -43.0026697, -22.832263 ], [ -43.0026946, -22.8320426 ], [ -43.0030306, -22.8318746 ], [ -43.0032449, -22.8318776 ], [ -43.0033049, -22.8319056 ], [ -43.0033142, -22.8319545 ], [ -43.0032153, -22.832135 ], [ -43.003949, -22.8328406 ], [ -43.0041474, -22.8328479 ], [ -43.0041926, -22.8328521 ], [ -43.0042304, -22.832825 ], [ -43.0041995, -22.8328117 ], [ -43.0041795, -22.8326208 ], [ -43.0043565, -22.8325137 ], [ -43.0044926, -22.8326255 ], [ -43.0046412, -22.8326133 ], [ -43.0046825, -22.8325886 ], [ -43.0047361, -22.8325565 ], [ -43.0037948, -22.8315442 ], [ -43.0029143, -22.8306086 ], [ -43.0026865, -22.8303667 ], [ -43.0025752, -22.8302484 ], [ -43.0018942, -22.8294827 ], [ -43.001742, -22.829238 ], [ -43.0015607, -22.8289564 ], [ -43.0013603, -22.8286379 ], [ -43.0011208, -22.8281385 ], [ -43.0011072, -22.8281464 ], [ -43.0010645, -22.8281709 ], [ -43.001027, -22.8281925 ], [ -43.0009508, -22.8282363 ], [ -43.0007417, -22.8282553 ], [ -43.0004123, -22.828249 ], [ -43.0000386, -22.828287 ], [ -42.9997029, -22.8282363 ], [ -42.9992468, -22.8281857 ], [ -42.9987147, -22.8280463 ], [ -42.9984487, -22.827964 ], [ -42.9981913, -22.8280151 ], [ -42.998128, -22.8280459 ], [ -42.99795, -22.828055 ], [ -42.9979231, -22.8280793 ], [ -42.9977956, -22.8281945 ], [ -42.9975759, -22.8284558 ], [ -42.9975165, -22.8288239 ], [ -42.9974987, -22.8292871 ], [ -42.9972419, -22.8295572 ], [ -42.9971983, -22.8295616 ], [ -42.9968231, -22.8295808 ], [ -42.9946219, -22.8294749 ], [ -42.994492, -22.8292667 ], [ -42.9944747, -22.8292462 ], [ -42.9944475, -22.8292709 ], [ -42.9942629, -22.8294913 ], [ -42.9938826, -22.829525 ], [ -42.9937438, -22.8292598 ], [ -42.9937311, -22.8292311 ], [ -42.9937323, -22.8292285 ], [ -42.9937293, -22.8292285 ], [ -42.9936861, -22.8292613 ], [ -42.9934394, -22.8294819 ], [ -42.9930223, -22.8294258 ], [ -42.9929898, -22.8292196 ], [ -42.9929436, -22.8292151 ], [ -42.9927213, -22.8293932 ], [ -42.9923277, -22.829363 ], [ -42.9919043, -22.8301878 ], [ -42.9917081, -22.8302401 ], [ -42.9916516, -22.8302439 ], [ -42.9916864, -22.8302822 ], [ -42.9918174, -22.8304685 ], [ -42.9916537, -22.83082 ], [ -42.9914026, -22.8308336 ], [ -42.9913297, -22.8308572 ], [ -42.9913612, -22.8308698 ], [ -42.9913763, -22.8309006 ], [ -42.9914738, -22.8311139 ], [ -42.9913132, -22.8314107 ], [ -42.9910814, -22.8314524 ], [ -42.99106, -22.8314938 ], [ -42.9912189, -22.8316936 ], [ -42.9910653, -22.8320043 ], [ -42.990788, -22.8320244 ], [ -42.9907563, -22.8320837 ], [ -42.9908942, -22.8322837 ], [ -42.9907371, -22.8326049 ], [ -42.9904816, -22.8325985 ], [ -42.9904306, -22.8325972 ], [ -42.990467, -22.8326622 ], [ -42.9905558, -22.8329881 ], [ -42.9904028, -22.833209 ], [ -42.9913293, -22.8341587 ], [ -42.9909109, -22.8345058 ], [ -42.9908698, -22.8345307 ], [ -42.9908678, -22.8345195 ], [ -42.9908477, -22.834586 ], [ -42.9907326, -22.8349676 ], [ -42.98947, -22.83586 ], [ -42.9892068, -22.8357872 ], [ -42.9891609, -22.8357745 ], [ -42.9891576, -22.8357707 ], [ -42.9891595, -22.8358153 ], [ -42.9891707, -22.8361472 ], [ -42.9878416, -22.837102 ], [ -42.9875121, -22.8369973 ], [ -42.9874528, -22.8370332 ], [ -42.9874866, -22.8373707 ], [ -42.9860616, -22.8384215 ], [ -42.9857225, -22.8383046 ], [ -42.9856715, -22.838301 ], [ -42.9856703, -22.8383019 ], [ -42.9856683, -22.8383035 ], [ -42.9856664, -22.8383399 ], [ -42.9856664, -22.8386605 ], [ -42.9844194, -22.8395143 ], [ -42.984149, -22.8394412 ], [ -42.9841227, -22.8394511 ], [ -42.9841243, -22.8394563 ], [ -42.9840965, -22.8394654 ], [ -42.9829768, -22.8402219 ], [ -42.9804855, -22.841998 ], [ -42.985483, -22.8448886 ], [ -42.9855261, -22.8449153 ], [ -42.9855453, -22.8448756 ], [ -42.9855547, -22.8449084 ], [ -42.9855393, -22.845275 ], [ -42.9858352, -22.845937 ], [ -42.9860416, -22.8460573 ], [ -42.9860484, -22.8460773 ], [ -42.9858804, -22.846248 ], [ -42.9860409, -22.8466493 ], [ -42.9862815, -22.8467622 ], [ -42.986286, -22.84679 ], [ -42.9860684, -22.84698 ], [ -42.9861613, -22.8473514 ], [ -42.9865108, -22.8474527 ], [ -42.9865115, -22.8474811 ], [ -42.986023, -22.8476638 ], [ -42.9859224, -22.8480023 ], [ -42.986221, -22.8482991 ], [ -42.9862372, -22.8483292 ], [ -42.9862038, -22.8483394 ], [ -42.9859, -22.8484242 ], [ -42.985664, -22.8487546 ], [ -42.9858123, -22.8489319 ], [ -42.985816, -22.8489556 ], [ -42.9855139, -22.8490731 ], [ -42.9861512, -22.8494078 ], [ -42.9862385, -22.8495325 ], [ -42.9862511, -22.8496216 ], [ -42.9862296, -22.8497101 ], [ -42.9860117, -22.8500666 ], [ -42.9859306, -22.8501112 ], [ -42.9857675, -22.8500366 ], [ -42.9850094, -22.8506629 ], [ -42.9848532, -22.8507123 ], [ -42.9846974, -22.8507212 ], [ -42.9841275, -22.8506455 ], [ -42.9838541, -22.8507319 ], [ -42.9837008, -22.8507909 ], [ -42.9835434, -22.8508913 ], [ -42.9834428, -22.8510529 ], [ -42.9834344, -22.8511285 ], [ -42.9834419, -22.8512176 ], [ -42.9834817, -22.8513005 ], [ -42.9837358, -22.8515893 ], [ -42.9837847, -22.8516606 ], [ -42.983705, -22.8517644 ], [ -42.9837502, -22.8518174 ], [ -42.9838212, -22.851931 ], [ -42.9837306, -22.8519862 ], [ -42.9838404, -22.8520615 ], [ -42.9840109, -22.8519457 ], [ -42.984089, -22.8518547 ], [ -42.9841248, -22.8517552 ], [ -42.98413, -22.8516139 ], [ -42.9840364, -22.8514353 ], [ -42.9838583, -22.8513157 ], [ -42.9838463, -22.8512719 ], [ -42.9838833, -22.8512311 ], [ -42.9839854, -22.8511885 ], [ -42.9841487, -22.8511466 ], [ -42.9843512, -22.8511545 ], [ -42.9844533, -22.85118 ], [ -42.9845554, -22.8512141 ], [ -42.9848787, -22.8511885 ], [ -42.9853381, -22.8510524 ], [ -42.9862059, -22.8503037 ], [ -42.9865548, -22.8501165 ], [ -42.987445, -22.8501623 ], [ -42.9887704, -22.850003 ], [ -42.9896427, -22.850056 ], [ -42.9898119, -22.8500425 ], [ -42.9899568, -22.8499885 ], [ -42.9900976, -22.8498617 ], [ -42.9902025, -22.8496679 ], [ -42.9904333, -22.8492251 ], [ -42.9905507, -22.8490822 ], [ -42.9907427, -22.8488786 ], [ -42.9909347, -22.8486598 ], [ -42.9910192, -22.8485522 ], [ -42.9910576, -22.8483718 ], [ -42.9910634, -22.8482805 ], [ -42.9910828, -22.8480601 ], [ -42.9908567, -22.8480662 ], [ -42.9910311, -22.8478844 ], [ -42.9919896, -22.8476369 ], [ -42.9927523, -22.8475334 ], [ -42.9929958, -22.8477368 ], [ -42.993082, -22.8478051 ], [ -42.9931486, -22.8477902 ], [ -42.9935957, -22.8477059 ], [ -42.9939052, -22.8477059 ], [ -42.9943201, -22.8475893 ], [ -42.9944902, -22.8472491 ], [ -42.9944834, -22.8471885 ], [ -42.9942426, -22.8471479 ], [ -42.9942017, -22.8467452 ], [ -42.9944766, -22.8465486 ], [ -42.994476, -22.8464806 ], [ -42.9942699, -22.8463629 ], [ -42.9942699, -22.845967 ], [ -42.9944869, -22.8458112 ], [ -42.9944828, -22.8457396 ], [ -42.9942904, -22.8457076 ], [ -42.9942426, -22.8452639 ], [ -42.9944994, -22.8450975 ], [ -42.9945081, -22.8450258 ], [ -42.9942686, -22.8449358 ], [ -42.9942563, -22.8445471 ], [ -42.9945174, -22.8443852 ], [ -42.9945494, -22.844342 ], [ -42.9945311, -22.8443129 ], [ -42.9944031, -22.8441331 ], [ -42.994669, -22.8436773 ], [ -42.9949057, -22.84358 ], [ -42.994894, -22.8435266 ], [ -42.9945008, -22.8435199 ], [ -42.9938551, -22.8423099 ], [ -42.994076, -22.8420443 ], [ -42.9940582, -22.8420086 ], [ -42.9940354, -22.841968 ], [ -42.9936055, -22.8417456 ], [ -42.9927319, -22.8403132 ], [ -42.9927806, -22.8400724 ], [ -42.9927605, -22.8400333 ], [ -42.9928227, -22.8400333 ], [ -42.9929932, -22.8400333 ], [ -42.9931477, -22.8400333 ], [ -42.9934386, -22.839956 ], [ -42.993684, -22.8397833 ], [ -42.9937703, -22.8393483 ], [ -42.993805, -22.8393201 ], [ -42.9941839, -22.8393879 ], [ -42.9954338, -22.8385108 ], [ -42.9951689, -22.8377411 ], [ -42.995151, -22.8376895 ], [ -42.9951502, -22.8376875 ], [ -42.9951506, -22.8376854 ], [ -42.9951784, -22.8376607 ], [ -42.9953495, -22.8374871 ], [ -42.9957617, -22.8375056 ], [ -42.9958507, -22.8376756 ], [ -42.9958608, -22.837727 ], [ -42.9958819, -22.8376962 ], [ -42.9959036, -22.8376614 ], [ -42.9959361, -22.8376451 ], [ -42.9961519, -22.8372473 ], [ -42.996719, -22.836954 ], [ -42.9968314, -22.8371214 ], [ -42.996911, -22.837069 ] ] ] } },
{ "type": "Feature", "properties": { "id": 37, "cod_bairro": "3304904038", "nm_bairro": "Eliane", "area_km2": 0.87473525526071616, "cod_munic": "3304904", "nm_munic": "São Gonçalo", "cod_uf": "33", "sig_uf": "RJ" }, "geometry": { "type": "Polygon", "coordinates": [ [ [ -42.9602824, -22.8532929 ], [ -42.9609542, -22.8505836 ], [ -42.9620247, -22.8503101 ], [ -42.9623919, -22.849771 ], [ -42.9627435, -22.8497319 ], [ -42.9631753, -22.8492182 ], [ -42.9625998, -22.8484176 ], [ -42.9620868, -22.8481233 ], [ -42.9619494, -22.8480194 ], [ -42.9618623, -22.8478083 ], [ -42.9617889, -22.8475969 ], [ -42.9617077, -22.8473603 ], [ -42.9616903, -22.8473479 ], [ -42.961691, -22.8473439 ], [ -42.9616701, -22.847331 ], [ -42.9616564, -22.8473356 ], [ -42.9613182, -22.8474711 ], [ -42.9604344, -22.8465873 ], [ -42.9597871, -22.8462045 ], [ -42.9597482, -22.8458416 ], [ -42.9597512, -22.8458219 ], [ -42.9597408, -22.8458147 ], [ -42.9597368, -22.8458176 ], [ -42.959734, -22.8458069 ], [ -42.9597062, -22.8458091 ], [ -42.9593393, -22.8458039 ], [ -42.9588884, -22.8451275 ], [ -42.959011, -22.8447821 ], [ -42.959024, -22.8447618 ], [ -42.9590117, -22.8447475 ], [ -42.9590174, -22.8447453 ], [ -42.9590118, -22.8447273 ], [ -42.9589822, -22.8447176 ], [ -42.9586585, -22.8446217 ], [ -42.9585277, -22.8440304 ], [ -42.9587471, -22.8437989 ], [ -42.95877, -22.8437394 ], [ -42.9587653, -22.8437037 ], [ -42.9587639, -22.8436932 ], [ -42.9587469, -22.8435651 ], [ -42.9579463, -22.8438576 ], [ -42.9574828, -22.8439077 ], [ -42.9569628, -22.8438877 ], [ -42.9569547, -22.8440368 ], [ -42.9569533, -22.8440634 ], [ -42.9569312, -22.8440699 ], [ -42.956904, -22.84406 ], [ -42.9565406, -22.8439771 ], [ -42.9561938, -22.844143 ], [ -42.9557685, -22.844517 ], [ -42.9557383, -22.8447146 ], [ -42.9557427, -22.8447487 ], [ -42.9557127, -22.8447402 ], [ -42.9555908, -22.8447267 ], [ -42.9552939, -22.8449707 ], [ -42.9553168, -22.8450874 ], [ -42.9552935, -22.8451083 ], [ -42.955163, -22.8450785 ], [ -42.9549119, -22.8452978 ], [ -42.954953, -22.8454132 ], [ -42.9549288, -22.8454349 ], [ -42.9547453, -22.8454236 ], [ -42.9543127, -22.8457465 ], [ -42.9541133, -22.8468785 ], [ -42.9539727, -22.84711 ], [ -42.953794, -22.847146 ], [ -42.9516318, -22.8488449 ], [ -42.9509365, -22.8493572 ], [ -42.9509865, -22.8496609 ], [ -42.9509703, -22.8497104 ], [ -42.9509164, -22.8497096 ], [ -42.9506213, -22.8496765 ], [ -42.9498022, -22.8502305 ], [ -42.9499658, -22.850481 ], [ -42.9499838, -22.8505149 ], [ -42.950022, -22.8505381 ], [ -42.9503648, -22.8506892 ], [ -42.9510196, -22.8507595 ], [ -42.9512495, -22.8508249 ], [ -42.9514609, -22.8509888 ], [ -42.9519402, -22.8514626 ], [ -42.9523322, -22.8517761 ], [ -42.9529178, -22.8523504 ], [ -42.9531765, -22.8524525 ], [ -42.9538982, -22.8525751 ], [ -42.9540812, -22.8528682 ], [ -42.9541384, -22.8528841 ], [ -42.9546176, -22.8526295 ], [ -42.9590174, -22.8552577 ], [ -42.9596484, -22.8542776 ], [ -42.9602824, -22.8532929 ] ] ] } },
{ "type": "Feature", "properties": { "id": 38, "cod_bairro": "3304904039", "nm_bairro": "Engenho do Roçado", "area_km2": 1.7878303762287628, "cod_munic": "3304904", "nm_munic": "São Gonçalo", "cod_uf": "33", "sig_uf": "RJ" }, "geometry": { "type": "Polygon", "coordinates": [ [ [ -42.9819512, -22.8900301 ], [ -42.9819655, -22.8900153 ], [ -42.9819875, -22.88999 ], [ -42.9820215, -22.8898954 ], [ -42.9819279, -22.8898183 ], [ -42.9818146, -22.8896145 ], [ -42.9817002, -22.8895731 ], [ -42.9816612, -22.8895587 ], [ -42.9816798, -22.889531 ], [ -42.9818096, -22.8892468 ], [ -42.9821888, -22.8890986 ], [ -42.9821933, -22.8887338 ], [ -42.9822089, -22.8887256 ], [ -42.9822244, -22.8887174 ], [ -42.9825654, -22.8889724 ], [ -42.9835252, -22.8884833 ], [ -42.9842668, -22.8881054 ], [ -42.9848479, -22.8875088 ], [ -42.9849438, -22.8869209 ], [ -42.9855169, -22.8869542 ], [ -42.9855634, -22.8869235 ], [ -42.9854687, -22.8865325 ], [ -42.9846829, -22.8858937 ], [ -42.9846721, -22.8854949 ], [ -42.9846664, -22.8854708 ], [ -42.9846634, -22.8854543 ], [ -42.9846998, -22.8854652 ], [ -42.9852168, -22.8855203 ], [ -42.9857806, -22.8851604 ], [ -42.985791, -22.884778 ], [ -42.9858126, -22.8847176 ], [ -42.985806, -22.884673 ], [ -42.9836065, -22.8818304 ], [ -42.9835951, -22.8815758 ], [ -42.9835765, -22.8815219 ], [ -42.9835523, -22.881468 ], [ -42.9835091, -22.8814121 ], [ -42.9834638, -22.8813954 ], [ -42.9830413, -22.8812392 ], [ -42.9828554, -22.8810794 ], [ -42.9823535, -22.8804882 ], [ -42.9823349, -22.8803506 ], [ -42.9822903, -22.8800718 ], [ -42.9822677, -22.879925 ], [ -42.982238, -22.8798823 ], [ -42.9821971, -22.8798878 ], [ -42.9821357, -22.879925 ], [ -42.9818962, -22.8800457 ], [ -42.9818179, -22.8800589 ], [ -42.9813013, -22.8799528 ], [ -42.9809556, -22.8797835 ], [ -42.9809369, -22.8797743 ], [ -42.9807322, -22.8797652 ], [ -42.9806506, -22.8797334 ], [ -42.9805742, -22.8796053 ], [ -42.9805316, -22.8794695 ], [ -42.9805593, -22.8793859 ], [ -42.9806618, -22.8792836 ], [ -42.9806878, -22.8791683 ], [ -42.9805502, -22.8789229 ], [ -42.9804238, -22.8787519 ], [ -42.9803569, -22.8785734 ], [ -42.9801189, -22.8782611 ], [ -42.9800815, -22.8781348 ], [ -42.9800258, -22.8780511 ], [ -42.9796207, -22.877629 ], [ -42.9795389, -22.8775472 ], [ -42.9794423, -22.8774543 ], [ -42.9793976, -22.8774059 ], [ -42.9793753, -22.8773576 ], [ -42.9793493, -22.8772907 ], [ -42.9793196, -22.8772572 ], [ -42.9792489, -22.8772089 ], [ -42.9790855, -22.8769935 ], [ -42.9789196, -22.8771037 ], [ -42.9788942, -22.8771205 ], [ -42.9788746, -22.8771368 ], [ -42.9784585, -22.8767645 ], [ -42.9780213, -22.8766236 ], [ -42.9756397, -22.877649 ], [ -42.9754807, -22.878083 ], [ -42.9754576, -22.8781177 ], [ -42.9754262, -22.8781098 ], [ -42.9746477, -22.8780575 ], [ -42.9684532, -22.8802479 ], [ -42.9676764, -22.8809133 ], [ -42.9687616, -22.883231 ], [ -42.9690189, -22.8837368 ], [ -42.9693816, -22.8850222 ], [ -42.9696279, -22.8855541 ], [ -42.9702288, -22.8860467 ], [ -42.9706721, -22.8866476 ], [ -42.9712828, -22.8870023 ], [ -42.9715134, -22.8873916 ], [ -42.9715402, -22.8874031 ], [ -42.9718739, -22.8879381 ], [ -42.9730659, -22.8887952 ], [ -42.9737752, -22.8891991 ], [ -42.974583, -22.8893862 ], [ -42.9770072, -22.8892943 ], [ -42.97785, -22.8893481 ], [ -42.9785247, -22.8894131 ], [ -42.9815793, -22.8904133 ], [ -42.9819512, -22.8900301 ] ] ] } },
{ "type": "Feature", "properties": { "id": 39, "cod_bairro": "3304904040", "nm_bairro": "Iêda", "area_km2": 1.1208503362157574, "cod_munic": "3304904", "nm_munic": "São Gonçalo", "cod_uf": "33", "sig_uf": "RJ" }, "geometry": { "type": "Polygon", "coordinates": [ [ [ -42.9509865, -22.8496609 ], [ -42.9509365, -22.8493572 ], [ -42.9516318, -22.8488449 ], [ -42.953794, -22.847146 ], [ -42.9539727, -22.84711 ], [ -42.9541133, -22.8468785 ], [ -42.9543127, -22.8457465 ], [ -42.9547453, -22.8454236 ], [ -42.9549288, -22.8454349 ], [ -42.954953, -22.8454132 ], [ -42.9549119, -22.8452978 ], [ -42.955163, -22.8450785 ], [ -42.9552935, -22.8451083 ], [ -42.9553168, -22.8450874 ], [ -42.9552939, -22.8449707 ], [ -42.9555908, -22.8447267 ], [ -42.9557127, -22.8447402 ], [ -42.9557427, -22.8447487 ], [ -42.9557383, -22.8447146 ], [ -42.9557685, -22.844517 ], [ -42.9561938, -22.844143 ], [ -42.9565406, -22.8439771 ], [ -42.956904, -22.84406 ], [ -42.9569312, -22.8440699 ], [ -42.9569533, -22.8440634 ], [ -42.9569547, -22.8440368 ], [ -42.9569628, -22.8438877 ], [ -42.9567776, -22.8439097 ], [ -42.9567528, -22.8438997 ], [ -42.9567203, -22.8438489 ], [ -42.9567056, -22.8436537 ], [ -42.9562784, -22.8433766 ], [ -42.9561239, -22.8434465 ], [ -42.9560837, -22.8434005 ], [ -42.9560601, -22.8432467 ], [ -42.9555983, -22.8428941 ], [ -42.9554198, -22.8429547 ], [ -42.9553838, -22.8429246 ], [ -42.9554247, -22.8427815 ], [ -42.9550864, -22.8425489 ], [ -42.9548889, -22.8425906 ], [ -42.9548599, -22.842569 ], [ -42.954918, -22.842439 ], [ -42.9544957, -22.8421481 ], [ -42.9543331, -22.842207 ], [ -42.9543094, -22.84219 ], [ -42.954322, -22.8420167 ], [ -42.9540499, -22.8417727 ], [ -42.9538842, -22.841797 ], [ -42.9538511, -22.8417448 ], [ -42.9539238, -22.8415119 ], [ -42.9537074, -22.8410501 ], [ -42.953332, -22.8399568 ], [ -42.9533121, -22.8397493 ], [ -42.9533089, -22.839716 ], [ -42.9532803, -22.8397322 ], [ -42.9528817, -22.8399567 ], [ -42.9512831, -22.8392481 ], [ -42.9462602, -22.840434 ], [ -42.9460045, -22.8409836 ], [ -42.945992, -22.8410119 ], [ -42.9459667, -22.8409874 ], [ -42.9453732, -22.8407757 ], [ -42.9441476, -22.8409799 ], [ -42.9441563, -22.84103 ], [ -42.9442044, -22.8411743 ], [ -42.9443006, -22.8413239 ], [ -42.9444128, -22.8414094 ], [ -42.9444288, -22.8415483 ], [ -42.9444822, -22.8416391 ], [ -42.9444982, -22.8417193 ], [ -42.9444876, -22.8417834 ], [ -42.9445143, -22.8418475 ], [ -42.9445998, -22.8419383 ], [ -42.9445929, -22.842044 ], [ -42.9445941, -22.8422486 ], [ -42.9445822, -22.8423656 ], [ -42.9445213, -22.8425455 ], [ -42.9444074, -22.8426382 ], [ -42.9442792, -22.8427504 ], [ -42.9441563, -22.8428413 ], [ -42.9440494, -22.8429321 ], [ -42.9439693, -22.8430016 ], [ -42.9439052, -22.8429882 ], [ -42.9438518, -22.8430229 ], [ -42.9437716, -22.8431031 ], [ -42.9437102, -22.8431605 ], [ -42.9436923, -22.8432666 ], [ -42.9436823, -22.8433206 ], [ -42.9436713, -22.8433835 ], [ -42.9436581, -22.8435172 ], [ -42.9436474, -22.8436507 ], [ -42.9436175, -22.8437163 ], [ -42.9435866, -22.8438332 ], [ -42.9435856, -22.8438971 ], [ -42.9435646, -22.8439847 ], [ -42.9435432, -22.8440728 ], [ -42.9434831, -22.8441543 ], [ -42.9433721, -22.8442552 ], [ -42.9433251, -22.8443108 ], [ -42.9433, -22.844372 ], [ -42.9432841, -22.8444459 ], [ -42.9432024, -22.8445448 ], [ -42.9431623, -22.8446089 ], [ -42.9431423, -22.8446917 ], [ -42.9431784, -22.8447893 ], [ -42.9432251, -22.8448547 ], [ -42.9433199, -22.8449108 ], [ -42.9434581, -22.8449572 ], [ -42.9434742, -22.8449793 ], [ -42.943622, -22.8449945 ], [ -42.9437502, -22.8451013 ], [ -42.9438678, -22.8451868 ], [ -42.9439172, -22.8453338 ], [ -42.9439746, -22.8454219 ], [ -42.9440548, -22.8455608 ], [ -42.9441189, -22.8456784 ], [ -42.9441309, -22.8457826 ], [ -42.9441643, -22.845868 ], [ -42.9442031, -22.8459148 ], [ -42.9442084, -22.8459968 ], [ -42.9442275, -22.8460607 ], [ -42.944354, -22.8461539 ], [ -42.9444662, -22.8462127 ], [ -42.9445837, -22.8463302 ], [ -42.944712, -22.8464264 ], [ -42.9448402, -22.8465172 ], [ -42.9449577, -22.8465974 ], [ -42.9450913, -22.8466775 ], [ -42.9452249, -22.8467897 ], [ -42.9452837, -22.8469072 ], [ -42.9453531, -22.8470088 ], [ -42.9453852, -22.847121 ], [ -42.9453959, -22.8472118 ], [ -42.9454279, -22.8472866 ], [ -42.945448, -22.8473627 ], [ -42.9454733, -22.8474028 ], [ -42.9454947, -22.8474495 ], [ -42.9455561, -22.8475377 ], [ -42.9456096, -22.8476232 ], [ -42.945671, -22.8477167 ], [ -42.9456243, -22.8478022 ], [ -42.9455321, -22.8478636 ], [ -42.9454667, -22.8479411 ], [ -42.9454279, -22.8480453 ], [ -42.9453691, -22.8481308 ], [ -42.9453678, -22.8481855 ], [ -42.9453104, -22.8482269 ], [ -42.9452276, -22.8482403 ], [ -42.9451795, -22.8482897 ], [ -42.9451541, -22.8483538 ], [ -42.9451156, -22.8484423 ], [ -42.9451277, -22.8484888 ], [ -42.9451715, -22.848657 ], [ -42.9451234, -22.8486824 ], [ -42.9451087, -22.8486971 ], [ -42.9450809, -22.8487506 ], [ -42.9450877, -22.848802 ], [ -42.9450947, -22.8488335 ], [ -42.9451263, -22.8488891 ], [ -42.9451902, -22.8489255 ], [ -42.9452984, -22.8489576 ], [ -42.9454012, -22.8489643 ], [ -42.945492, -22.8489616 ], [ -42.9455668, -22.8490017 ], [ -42.9456042, -22.8490765 ], [ -42.9456363, -22.8491459 ], [ -42.9456416, -22.8492207 ], [ -42.9456897, -22.849365 ], [ -42.9457768, -22.8494894 ], [ -42.9458529, -22.8496252 ], [ -42.9459191, -22.849771 ], [ -42.9459635, -22.8498873 ], [ -42.9459622, -22.8499794 ], [ -42.9459462, -22.8500649 ], [ -42.9458874, -22.8501611 ], [ -42.9458447, -22.8502038 ], [ -42.9457805, -22.8502412 ], [ -42.9457137, -22.8502577 ], [ -42.9455935, -22.8502786 ], [ -42.9454707, -22.850284 ], [ -42.9453691, -22.8503 ], [ -42.9452035, -22.8502626 ], [ -42.9450325, -22.8502947 ], [ -42.9448509, -22.8503908 ], [ -42.9447707, -22.8505297 ], [ -42.9447494, -22.8506206 ], [ -42.944794, -22.8507222 ], [ -42.9448349, -22.8508236 ], [ -42.9448616, -22.8508877 ], [ -42.9448669, -22.8509785 ], [ -42.9448732, -22.8510158 ], [ -42.9450757, -22.8508825 ], [ -42.9461664, -22.8513179 ], [ -42.9462266, -22.8516374 ], [ -42.9464354, -22.8515935 ], [ -42.9465322, -22.8516471 ], [ -42.947096, -22.8512255 ], [ -42.947436, -22.8510559 ], [ -42.947864, -22.8508771 ], [ -42.9481966, -22.8506899 ], [ -42.9483811, -22.8506487 ], [ -42.9487755, -22.8505231 ], [ -42.9493709, -22.8503891 ], [ -42.9498022, -22.8502305 ], [ -42.9506213, -22.8496765 ], [ -42.9509164, -22.8497096 ], [ -42.9509703, -22.8497104 ], [ -42.9509865, -22.8496609 ] ] ] } },
{ "type": "Feature", "properties": { "id": 40, "cod_bairro": "3304904041", "nm_bairro": "Ipiíba", "area_km2": 12.906103745123787, "cod_munic": "3304904", "nm_munic": "São Gonçalo", "cod_uf": "33", "sig_uf": "RJ" }, "geometry": { "type": "Polygon", "coordinates": [ [ [ -42.9529375, -22.8892698 ], [ -42.9529365, -22.8893328 ], [ -42.9528856, -22.8894407 ], [ -42.9528537, -22.8896206 ], [ -42.9528833, -22.889783 ], [ -42.9529466, -22.8898804 ], [ -42.9530878, -22.889934 ], [ -42.9535797, -22.8899194 ], [ -42.9537453, -22.8899389 ], [ -42.9538671, -22.8899924 ], [ -42.9540046, -22.8901979 ], [ -42.9541909, -22.8902588 ], [ -42.9542665, -22.890197 ], [ -42.9545512, -22.8902365 ], [ -42.9547944, -22.8903113 ], [ -42.9550366, -22.890405 ], [ -42.9558007, -22.8906694 ], [ -42.9559224, -22.8906986 ], [ -42.9560364, -22.8907418 ], [ -42.9561319, -22.8907376 ], [ -42.9562, -22.8907425 ], [ -42.9564192, -22.8907181 ], [ -42.9566579, -22.8907522 ], [ -42.9568235, -22.8908155 ], [ -42.9569501, -22.8908886 ], [ -42.9570426, -22.890947 ], [ -42.9571547, -22.8910201 ], [ -42.9572131, -22.8910542 ], [ -42.9573576, -22.8910683 ], [ -42.9574371, -22.8910104 ], [ -42.957554, -22.8909763 ], [ -42.9577635, -22.8909617 ], [ -42.9581677, -22.8910055 ], [ -42.9584112, -22.8910201 ], [ -42.9585817, -22.8910639 ], [ -42.9589811, -22.89121 ], [ -42.9592343, -22.8912393 ], [ -42.9594632, -22.8911662 ], [ -42.9597019, -22.8910688 ], [ -42.9598772, -22.8910396 ], [ -42.9600428, -22.8910298 ], [ -42.960262, -22.8910785 ], [ -42.9605347, -22.8911759 ], [ -42.9607978, -22.8912587 ], [ -42.9610315, -22.8913221 ], [ -42.9611533, -22.8913562 ], [ -42.9613725, -22.8913318 ], [ -42.9615283, -22.8912685 ], [ -42.9616842, -22.8911711 ], [ -42.9617621, -22.8910932 ], [ -42.9618595, -22.8909617 ], [ -42.9620056, -22.8908155 ], [ -42.9621664, -22.8907035 ], [ -42.962293, -22.8906061 ], [ -42.9624537, -22.8905574 ], [ -42.9626047, -22.8905379 ], [ -42.9628628, -22.8905477 ], [ -42.9630284, -22.8905964 ], [ -42.9632086, -22.890611 ], [ -42.9636908, -22.890572 ], [ -42.9639051, -22.8905282 ], [ -42.9641243, -22.8905282 ], [ -42.9642509, -22.890533 ], [ -42.9643581, -22.8905964 ], [ -42.9645383, -22.8906889 ], [ -42.9647282, -22.8907474 ], [ -42.9650691, -22.890874 ], [ -42.9652964, -22.8909692 ], [ -42.9656086, -22.8910089 ], [ -42.9658618, -22.8910296 ], [ -42.9660759, -22.8910234 ], [ -42.966281, -22.8910173 ], [ -42.9664861, -22.8910011 ], [ -42.9666912, -22.8909499 ], [ -42.9668002, -22.8908429 ], [ -42.9668892, -22.8907439 ], [ -42.9670663, -22.8906559 ], [ -42.9672414, -22.8906587 ], [ -42.9674165, -22.8906875 ], [ -42.9676797, -22.8907172 ], [ -42.9678739, -22.890774 ], [ -42.9684473, -22.8909164 ], [ -42.9685254, -22.8909173 ], [ -42.9687105, -22.8909281 ], [ -42.9689346, -22.8909309 ], [ -42.9691968, -22.8910066 ], [ -42.9692649, -22.8910076 ], [ -42.9696171, -22.8909303 ], [ -42.9696861, -22.8908953 ], [ -42.9698096, -22.8907328 ], [ -42.9698297, -22.8906479 ], [ -42.9698297, -22.8905507 ], [ -42.9697998, -22.8904356 ], [ -42.9697247, -22.8902747 ], [ -42.9696485, -22.890091 ], [ -42.9696395, -22.890037 ], [ -42.9696409, -22.8899351 ], [ -42.9696523, -22.8898122 ], [ -42.9699022, -22.8894173 ], [ -42.9699227, -22.888606 ], [ -42.9699645, -22.8884082 ], [ -42.9700065, -22.8882642 ], [ -42.9700564, -22.8881383 ], [ -42.9701164, -22.8880313 ], [ -42.9701648, -22.8879521 ], [ -42.9702453, -22.887875 ], [ -42.9703481, -22.8878236 ], [ -42.9704665, -22.8877811 ], [ -42.9705715, -22.8877521 ], [ -42.9706978, -22.8876817 ], [ -42.9708206, -22.887599 ], [ -42.9708273, -22.8876001 ], [ -42.9715402, -22.8874031 ], [ -42.9715134, -22.8873916 ], [ -42.9712828, -22.8870023 ], [ -42.9706721, -22.8866476 ], [ -42.9702288, -22.8860467 ], [ -42.9696279, -22.8855541 ], [ -42.9693816, -22.8850222 ], [ -42.9690189, -22.8837368 ], [ -42.9687616, -22.883231 ], [ -42.9676764, -22.8809133 ], [ -42.9684532, -22.8802479 ], [ -42.9746477, -22.8780575 ], [ -42.9754262, -22.8781098 ], [ -42.9754576, -22.8781177 ], [ -42.9754807, -22.878083 ], [ -42.9756397, -22.877649 ], [ -42.9780213, -22.8766236 ], [ -42.9784585, -22.8767645 ], [ -42.9788746, -22.8771368 ], [ -42.9788942, -22.8771205 ], [ -42.9789196, -22.8771037 ], [ -42.9790855, -22.8769935 ], [ -42.9792489, -22.8772089 ], [ -42.9793196, -22.8772572 ], [ -42.9793493, -22.8772907 ], [ -42.9793753, -22.8773576 ], [ -42.9793976, -22.8774059 ], [ -42.9794423, -22.8774543 ], [ -42.9795389, -22.8775472 ], [ -42.9796207, -22.877629 ], [ -42.9800258, -22.8780511 ], [ -42.9800815, -22.8781348 ], [ -42.9801189, -22.8782611 ], [ -42.9803569, -22.8785734 ], [ -42.9804238, -22.8787519 ], [ -42.9805502, -22.8789229 ], [ -42.9806878, -22.8791683 ], [ -42.9806618, -22.8792836 ], [ -42.9805593, -22.8793859 ], [ -42.9805316, -22.8794695 ], [ -42.9805742, -22.8796053 ], [ -42.9806506, -22.8797334 ], [ -42.981011, -22.8795012 ], [ -42.9810432, -22.8794803 ], [ -42.9810646, -22.8794851 ], [ -42.9825169, -22.8794318 ], [ -42.982808, -22.8793559 ], [ -42.9829409, -22.8792483 ], [ -42.9831687, -22.878818 ], [ -42.9832066, -22.8786219 ], [ -42.9832066, -22.8784764 ], [ -42.983175, -22.8782422 ], [ -42.9825043, -22.8774766 ], [ -42.982091, -22.877404 ], [ -42.982091, -22.8773601 ], [ -42.9823277, -22.8772576 ], [ -42.9824542, -22.8769448 ], [ -42.9822773, -22.8768 ], [ -42.9822932, -22.8767583 ], [ -42.9825423, -22.8767236 ], [ -42.9826751, -22.8764009 ], [ -42.9825065, -22.8762 ], [ -42.9825275, -22.8761451 ], [ -42.9827625, -22.8761341 ], [ -42.982909, -22.8757579 ], [ -42.9827434, -22.8755799 ], [ -42.982764, -22.875526 ], [ -42.9830042, -22.875553 ], [ -42.9831244, -22.875281 ], [ -42.9830336, -22.8750018 ], [ -42.9830184, -22.8749492 ], [ -42.9829478, -22.8749247 ], [ -42.9829564, -22.8748959 ], [ -42.9830413, -22.8746852 ], [ -42.9824347, -22.8744142 ], [ -42.9816592, -22.8740678 ], [ -42.98128, -22.8742382 ], [ -42.9812522, -22.8742282 ], [ -42.9812253, -22.8742197 ], [ -42.9810906, -22.873862 ], [ -42.9808155, -22.8737826 ], [ -42.9805978, -22.8739816 ], [ -42.9805532, -22.8739651 ], [ -42.9805375, -22.8737384 ], [ -42.9799761, -22.8735774 ], [ -42.9797781, -22.873689 ], [ -42.9797184, -22.8736604 ], [ -42.9797001, -22.8734957 ], [ -42.979148, -22.8732654 ], [ -42.9789077, -22.8730973 ], [ -42.9787076, -22.8731486 ], [ -42.9786507, -22.8730962 ], [ -42.9787569, -22.8728695 ], [ -42.97857, -22.8726606 ], [ -42.9782224, -22.872703 ], [ -42.9781648, -22.8726501 ], [ -42.9782512, -22.8724297 ], [ -42.9779763, -22.8721769 ], [ -42.9777283, -22.8722491 ], [ -42.9776688, -22.8721945 ], [ -42.9777014, -22.8719296 ], [ -42.9775043, -22.8717315 ], [ -42.9772703, -22.8718277 ], [ -42.9772211, -22.871778 ], [ -42.9773057, -22.8714843 ], [ -42.9766131, -22.8708136 ], [ -42.9760921, -22.8706728 ], [ -42.9760282, -22.8706558 ], [ -42.9760415, -22.8706129 ], [ -42.9764672, -22.8694527 ], [ -42.9771477, -22.8680152 ], [ -42.9774501, -22.8669234 ], [ -42.97759, -22.8658753 ], [ -42.9772096, -22.8657028 ], [ -42.9771555, -22.8656099 ], [ -42.9772585, -22.8650785 ], [ -42.9760127, -22.8629035 ], [ -42.9753872, -22.8629719 ], [ -42.9753533, -22.8629761 ], [ -42.97537, -22.8628756 ], [ -42.9753881, -22.8627627 ], [ -42.9754016, -22.8626206 ], [ -42.9754061, -22.8625281 ], [ -42.9754039, -22.8624829 ], [ -42.97537, -22.8624423 ], [ -42.975291, -22.8623543 ], [ -42.9751285, -22.8621444 ], [ -42.9750631, -22.8620745 ], [ -42.9749029, -22.8618601 ], [ -42.9747427, -22.861736 ], [ -42.9745957, -22.8616054 ], [ -42.9745278, -22.8615393 ], [ -42.9744719, -22.8614142 ], [ -42.9744753, -22.8612926 ], [ -42.9745242, -22.8611792 ], [ -42.9746501, -22.8609732 ], [ -42.9746908, -22.8608604 ], [ -42.9744922, -22.860567 ], [ -42.9743838, -22.8603955 ], [ -42.9743071, -22.8602488 ], [ -42.9742417, -22.8600593 ], [ -42.9741717, -22.8599013 ], [ -42.9741435, -22.8597806 ], [ -42.9741311, -22.8595786 ], [ -42.9741153, -22.8593834 ], [ -42.9742157, -22.8591555 ], [ -42.9742744, -22.8589908 ], [ -42.9742741, -22.8588865 ], [ -42.9742598, -22.8585518 ], [ -42.9742823, -22.8581637 ], [ -42.9742868, -22.8580373 ], [ -42.9743071, -22.8577778 ], [ -42.9743448, -22.8572338 ], [ -42.9743135, -22.8572403 ], [ -42.9736694, -22.8574148 ], [ -42.9664853, -22.8556807 ], [ -42.9673484, -22.8537102 ], [ -42.9668457, -22.8536934 ], [ -42.9664862, -22.8537481 ], [ -42.9662987, -22.8536778 ], [ -42.9661424, -22.8533574 ], [ -42.9660799, -22.8528183 ], [ -42.9660096, -22.8525995 ], [ -42.9659393, -22.8523964 ], [ -42.9657518, -22.8522714 ], [ -42.9646813, -22.8509743 ], [ -42.9633217, -22.8494663 ], [ -42.9631753, -22.8492182 ], [ -42.9627435, -22.8497319 ], [ -42.9623919, -22.849771 ], [ -42.9620247, -22.8503101 ], [ -42.9609542, -22.8505836 ], [ -42.9602824, -22.8532929 ], [ -42.9596484, -22.8542776 ], [ -42.9590174, -22.8552577 ], [ -42.9600078, -22.8560612 ], [ -42.9602706, -22.8565155 ], [ -42.9603212, -22.8576567 ], [ -42.9597377, -22.8587718 ], [ -42.9578127, -22.8606968 ], [ -42.9568413, -22.8615091 ], [ -42.9561936, -22.8619702 ], [ -42.9555416, -22.8619091 ], [ -42.9554999, -22.8619101 ], [ -42.9555024, -22.8619126 ], [ -42.9554927, -22.8619239 ], [ -42.9548648, -22.8626605 ], [ -42.9544776, -22.8623775 ], [ -42.9549114, -22.8618393 ], [ -42.9542232, -22.8611409 ], [ -42.953373, -22.8608778 ], [ -42.9532212, -22.8606551 ], [ -42.95229, -22.8605438 ], [ -42.9521888, -22.8605842 ], [ -42.9525532, -22.8622644 ], [ -42.9516726, -22.8627198 ], [ -42.9504885, -22.8620113 ], [ -42.9504783, -22.863155 ], [ -42.9489096, -22.8635093 ], [ -42.9489804, -22.8647036 ], [ -42.9487897, -22.8649713 ], [ -42.9480194, -22.865669 ], [ -42.9470456, -22.8662503 ], [ -42.9461352, -22.8663313 ], [ -42.9456105, -22.8656914 ], [ -42.9455639, -22.8656497 ], [ -42.9452586, -22.8658537 ], [ -42.9436178, -22.8645107 ], [ -42.9433593, -22.8643871 ], [ -42.9430053, -22.8651794 ], [ -42.9423985, -22.864949 ], [ -42.9422187, -22.8656233 ], [ -42.9418085, -22.8654323 ], [ -42.9416287, -22.8653761 ], [ -42.9414713, -22.865702 ], [ -42.9405161, -22.8652524 ], [ -42.941505, -22.8633082 ], [ -42.941033, -22.8628756 ], [ -42.9405947, -22.8632914 ], [ -42.9403221, -22.8630971 ], [ -42.9402681, -22.8629976 ], [ -42.9402534, -22.86312 ], [ -42.9400501, -22.863403 ], [ -42.9399678, -22.863536 ], [ -42.9399013, -22.863648 ], [ -42.9398331, -22.863844 ], [ -42.9398278, -22.863963 ], [ -42.9398401, -22.8640733 ], [ -42.9398646, -22.8642956 ], [ -42.9399031, -22.8644951 ], [ -42.9399363, -22.8645616 ], [ -42.9400116, -22.8646684 ], [ -42.9401166, -22.8648451 ], [ -42.9401376, -22.8649501 ], [ -42.9401129, -22.8650462 ], [ -42.9400659, -22.8651304 ], [ -42.9400134, -22.8652109 ], [ -42.9398506, -22.8653772 ], [ -42.9397193, -22.8655697 ], [ -42.9396563, -22.8656747 ], [ -42.9396341, -22.86579 ], [ -42.9395916, -22.866051 ], [ -42.9396003, -22.866345 ], [ -42.9396178, -22.866681 ], [ -42.9396966, -22.8669558 ], [ -42.9397963, -22.8672498 ], [ -42.9398611, -22.8675088 ], [ -42.9400046, -22.8680864 ], [ -42.9400779, -22.8684393 ], [ -42.9403459, -22.8688214 ], [ -42.9405139, -22.8690577 ], [ -42.9406101, -22.869287 ], [ -42.9406119, -22.8694602 ], [ -42.9405843, -22.8695719 ], [ -42.9404806, -22.8698645 ], [ -42.9403945, -22.8701075 ], [ -42.9403109, -22.870274 ], [ -42.9400921, -22.8705733 ], [ -42.9399678, -22.8706153 ], [ -42.9396948, -22.8706626 ], [ -42.9395303, -22.8706993 ], [ -42.9394061, -22.8707833 ], [ -42.9391306, -22.8711072 ], [ -42.938874, -22.8713836 ], [ -42.938804, -22.8714746 ], [ -42.93872, -22.8716146 ], [ -42.9386307, -22.8718579 ], [ -42.938594, -22.8719944 ], [ -42.9386124, -22.8721657 ], [ -42.938748, -22.8723287 ], [ -42.93893, -22.8724547 ], [ -42.9390683, -22.872558 ], [ -42.9391908, -22.8726612 ], [ -42.9392555, -22.872761 ], [ -42.93928, -22.8728467 ], [ -42.9392608, -22.872929 ], [ -42.9391988, -22.8730292 ], [ -42.9390683, -22.8731933 ], [ -42.9388635, -22.8733875 ], [ -42.9383578, -22.8738662 ], [ -42.9382188, -22.8739912 ], [ -42.9381479, -22.8741801 ], [ -42.9381851, -22.874352 ], [ -42.9382012, -22.8745328 ], [ -42.9382002, -22.8746227 ], [ -42.9381203, -22.8747837 ], [ -42.9380303, -22.8749186 ], [ -42.9379584, -22.8751335 ], [ -42.9378575, -22.8753764 ], [ -42.9378047, -22.8756912 ], [ -42.9377529, -22.875934 ], [ -42.937749, -22.8761958 ], [ -42.9376452, -22.8765915 ], [ -42.9375524, -22.8769693 ], [ -42.9374458, -22.8775729 ], [ -42.937411, -22.8779416 ], [ -42.9373472, -22.8783203 ], [ -42.9373425, -22.878681 ], [ -42.9371568, -22.8793646 ], [ -42.9370112, -22.8800032 ], [ -42.9369703, -22.8801471 ], [ -42.9368755, -22.8806238 ], [ -42.9365552, -22.881892 ], [ -42.9363176, -22.8827555 ], [ -42.9362067, -22.8830153 ], [ -42.9357522, -22.8841468 ], [ -42.9351768, -22.8854662 ], [ -42.9349531, -22.8860858 ], [ -42.9348767, -22.8863332 ], [ -42.9348003, -22.8865806 ], [ -42.9347349, -22.8868236 ], [ -42.9350988, -22.886989 ], [ -42.9360791, -22.8874672 ], [ -42.9367851, -22.8878417 ], [ -42.9377096, -22.8882557 ], [ -42.9385658, -22.888567 ], [ -42.9396989, -22.8889421 ], [ -42.940746, -22.8893597 ], [ -42.942198, -22.8899042 ], [ -42.943873, -22.8904342 ], [ -42.9440173, -22.8904798 ], [ -42.9468148, -22.8912928 ], [ -42.9476432, -22.8915199 ], [ -42.9485223, -22.8911069 ], [ -42.9486633, -22.8910408 ], [ -42.9524539, -22.8892651 ], [ -42.9526167, -22.8893115 ], [ -42.9527372, -22.889296 ], [ -42.9528494, -22.8892779 ], [ -42.9529375, -22.8892698 ] ] ] } },
{ "type": "Feature", "properties": { "id": 41, "cod_bairro": "3304904042", "nm_bairro": "Jardim Amendoeira", "area_km2": 0.49317840299795085, "cod_munic": "3304904", "nm_munic": "São Gonçalo", "cod_uf": "33", "sig_uf": "RJ" }, "geometry": { "type": "Polygon", "coordinates": [ [ [ -42.9829768, -22.8402219 ], [ -42.9808167, -22.8374488 ], [ -42.9815151, -22.8361727 ], [ -42.9815219, -22.8361604 ], [ -42.981544, -22.8361206 ], [ -42.9815457, -22.8361143 ], [ -42.9815425, -22.8360859 ], [ -42.9815038, -22.8357411 ], [ -42.9798302, -22.8345389 ], [ -42.9797696, -22.834148 ], [ -42.9797687, -22.8341201 ], [ -42.9797441, -22.8341304 ], [ -42.9794424, -22.834247 ], [ -42.9785055, -22.8335998 ], [ -42.9784155, -22.8332497 ], [ -42.9783768, -22.8332449 ], [ -42.9783382, -22.83324 ], [ -42.978141, -22.8334197 ], [ -42.9770408, -22.8332767 ], [ -42.9768312, -22.8330548 ], [ -42.9767729, -22.8330568 ], [ -42.9766589, -22.8332284 ], [ -42.9752732, -22.833108 ], [ -42.9751273, -22.8328699 ], [ -42.9750952, -22.8328335 ], [ -42.9750512, -22.8328357 ], [ -42.9749252, -22.8328419 ], [ -42.9749286, -22.833002 ], [ -42.9750673, -22.8330033 ], [ -42.9750722, -22.8330428 ], [ -42.9750772, -22.8330824 ], [ -42.9749394, -22.8335069 ], [ -42.9747824, -22.8336889 ], [ -42.9748545, -22.8346371 ], [ -42.9752405, -22.8350416 ], [ -42.9752873, -22.83507 ], [ -42.9752523, -22.8351067 ], [ -42.9751393, -22.8353958 ], [ -42.9754128, -22.8375036 ], [ -42.9761421, -22.8389441 ], [ -42.976631, -22.8394118 ], [ -42.9783151, -22.8410229 ], [ -42.9803558, -22.841938 ], [ -42.9804855, -22.841998 ], [ -42.9829768, -22.8402219 ] ] ] } },
{ "type": "Feature", "properties": { "id": 42, "cod_bairro": "3304904043", "nm_bairro": "Jardim Nova República", "area_km2": 0.94875051507614183, "cod_munic": "3304904", "nm_munic": "São Gonçalo", "cod_uf": "33", "sig_uf": "RJ" }, "geometry": { "type": "Polygon", "coordinates": [ [ [ -43.0040673, -22.8580529 ], [ -43.0041025, -22.8580583 ], [ -43.0055565, -22.8572059 ], [ -43.0056671, -22.8570707 ], [ -43.0057873, -22.8569515 ], [ -43.0060442, -22.8564068 ], [ -43.0063434, -22.8558904 ], [ -43.0065934, -22.8554887 ], [ -43.0068352, -22.8552387 ], [ -43.0071384, -22.8550051 ], [ -43.0074335, -22.8548002 ], [ -43.0075261, -22.8547898 ], [ -43.0075501, -22.8547871 ], [ -43.0075681, -22.8547663 ], [ -43.0079048, -22.8543781 ], [ -43.0078884, -22.854251 ], [ -43.0079458, -22.8542059 ], [ -43.0081589, -22.85421 ], [ -43.0083802, -22.8542346 ], [ -43.0087327, -22.8543371 ], [ -43.0090851, -22.8544764 ], [ -43.0093454, -22.8545193 ], [ -43.0093485, -22.8544961 ], [ -43.0093919, -22.854454 ], [ -43.0094436, -22.8544189 ], [ -43.0096931, -22.8543312 ], [ -43.010101, -22.8539859 ], [ -43.0100858, -22.8539065 ], [ -43.010036, -22.8538285 ], [ -43.0099679, -22.8538006 ], [ -43.0098999, -22.8537726 ], [ -43.0098618, -22.8537447 ], [ -43.0098428, -22.8536818 ], [ -43.0098437, -22.8536368 ], [ -43.0098837, -22.8535648 ], [ -43.0099246, -22.8534299 ], [ -43.009867, -22.8531208 ], [ -43.0098177, -22.8529562 ], [ -43.0098014, -22.8528559 ], [ -43.0098122, -22.8527983 ], [ -43.0098657, -22.8527658 ], [ -43.0100036, -22.8527125 ], [ -43.0102418, -22.8525879 ], [ -43.0103472, -22.8524514 ], [ -43.010347, -22.852446 ], [ -43.0103401, -22.8522895 ], [ -43.010283, -22.8521896 ], [ -43.0101778, -22.8520169 ], [ -43.0100156, -22.8517623 ], [ -43.0099584, -22.8516444 ], [ -43.0099204, -22.8515985 ], [ -43.0099423, -22.8514096 ], [ -43.0099832, -22.8512927 ], [ -43.0100522, -22.8512397 ], [ -43.0102483, -22.8511516 ], [ -43.0102635, -22.8511435 ], [ -43.0103119, -22.8511177 ], [ -43.0104643, -22.8510365 ], [ -43.0105624, -22.8509924 ], [ -43.0107493, -22.8508804 ], [ -43.0107027, -22.8508011 ], [ -43.0106607, -22.8507451 ], [ -43.0106374, -22.8506238 ], [ -43.0105347, -22.8505492 ], [ -43.0104607, -22.8504482 ], [ -43.0103078, -22.8503582 ], [ -43.0101615, -22.8502133 ], [ -43.0100309, -22.8501247 ], [ -43.0098843, -22.8500279 ], [ -43.0095959, -22.8496824 ], [ -43.0095288, -22.8496095 ], [ -43.0094036, -22.8495267 ], [ -43.0092892, -22.849439 ], [ -43.009126, -22.8493643 ], [ -43.0090163, -22.8493502 ], [ -43.0088074, -22.8492556 ], [ -43.0086289, -22.8491747 ], [ -43.0085318, -22.8490929 ], [ -43.0084847, -22.848984 ], [ -43.0084666, -22.8489021 ], [ -43.0083605, -22.8487923 ], [ -43.0080921, -22.8484558 ], [ -43.0079493, -22.8482515 ], [ -43.0078857, -22.8481402 ], [ -43.0078063, -22.8480221 ], [ -43.0078789, -22.8479381 ], [ -43.0079515, -22.8478554 ], [ -43.0079846, -22.8477775 ], [ -43.0079475, -22.8476606 ], [ -43.0079039, -22.8475158 ], [ -43.0077699, -22.8472501 ], [ -43.0075306, -22.8468347 ], [ -43.0075124, -22.8468054 ], [ -43.0073158, -22.8464894 ], [ -43.0072976, -22.8464599 ], [ -43.0072318, -22.84636 ], [ -43.0071909, -22.84626 ], [ -43.0071477, -22.8461738 ], [ -43.00715, -22.8460307 ], [ -43.0071818, -22.8459013 ], [ -43.0071909, -22.8457832 ], [ -43.0072318, -22.8456855 ], [ -43.0072363, -22.8455993 ], [ -43.0072275, -22.8454412 ], [ -43.0072584, -22.8453153 ], [ -43.0072894, -22.8452163 ], [ -43.0073883, -22.8450913 ], [ -43.0075164, -22.8450123 ], [ -43.0075963, -22.8448773 ], [ -43.0076972, -22.8446534 ], [ -43.0077073, -22.8446244 ], [ -43.0075273, -22.8446676 ], [ -43.0068862, -22.8444586 ], [ -43.006036, -22.8440962 ], [ -43.0058312, -22.8439873 ], [ -43.005813, -22.8439773 ], [ -43.0057899, -22.8439654 ], [ -43.0057255, -22.8439636 ], [ -43.0056212, -22.8439651 ], [ -43.0053105, -22.843892 ], [ -43.0048491, -22.8437595 ], [ -43.0047486, -22.843765 ], [ -43.0045156, -22.8437595 ], [ -43.0044151, -22.8437413 ], [ -43.0042883, -22.8437728 ], [ -43.0039947, -22.8437869 ], [ -43.0030792, -22.8439791 ], [ -43.0028749, -22.8440348 ], [ -43.0025326, -22.8441043 ], [ -43.002126, -22.8442158 ], [ -43.0018772, -22.844298 ], [ -43.0018951, -22.8443802 ], [ -43.0018485, -22.8444143 ], [ -43.002059, -22.8444134 ], [ -43.0021222, -22.8445921 ], [ -43.0019202, -22.8449339 ], [ -43.0019275, -22.8449757 ], [ -43.0019723, -22.8449302 ], [ -43.0020197, -22.8449487 ], [ -43.0022689, -22.8449504 ], [ -43.0022519, -22.8458214 ], [ -43.0020321, -22.8463842 ], [ -43.0020889, -22.846423 ], [ -43.0022779, -22.8465477 ], [ -43.0017174, -22.8475054 ], [ -43.0014301, -22.8475811 ], [ -43.0014123, -22.8476364 ], [ -43.0015969, -22.8479006 ], [ -43.0014077, -22.8492174 ], [ -43.0013402, -22.8494716 ], [ -43.001245, -22.8496263 ], [ -43.0010689, -22.849643 ], [ -43.0008024, -22.8496453 ], [ -43.0001399, -22.8494429 ], [ -43.0000855, -22.849414 ], [ -43.0000847, -22.849416 ], [ -43.0000716, -22.849448 ], [ -43.0000084, -22.8497148 ], [ -43.0000477, -22.8500554 ], [ -43.0002049, -22.8500816 ], [ -43.0003359, -22.8501733 ], [ -43.0006634, -22.8504222 ], [ -43.0018294, -22.8517585 ], [ -43.0017508, -22.8520074 ], [ -43.0017731, -22.8520387 ], [ -43.0019604, -22.8522432 ], [ -43.0020914, -22.8528851 ], [ -43.0019647, -22.8531226 ], [ -43.0020005, -22.8531792 ], [ -43.0023141, -22.8531865 ], [ -43.0025237, -22.8536057 ], [ -43.0022768, -22.8537591 ], [ -43.0022992, -22.8538162 ], [ -43.0026678, -22.8540249 ], [ -43.0028119, -22.8543262 ], [ -43.0027039, -22.8546356 ], [ -43.0029811, -22.8545347 ], [ -43.0031689, -22.8548929 ], [ -43.0030999, -22.8549405 ], [ -43.0029364, -22.8552465 ], [ -43.0030159, -22.8554724 ], [ -43.0030061, -22.8556801 ], [ -43.002982, -22.8557617 ], [ -43.0030073, -22.8557458 ], [ -43.0030541, -22.8557164 ], [ -43.0031523, -22.8556546 ], [ -43.0035351, -22.8554874 ], [ -43.0034657, -22.8556376 ], [ -43.0035574, -22.8557055 ], [ -43.0033366, -22.8569843 ], [ -43.0034413, -22.8572719 ], [ -43.0034552, -22.8572943 ], [ -43.0034854, -22.8573028 ], [ -43.0034879, -22.8573037 ], [ -43.0040311, -22.8575074 ], [ -43.0041094, -22.8577095 ], [ -43.004122, -22.8577418 ], [ -43.0040633, -22.8577494 ], [ -43.0038113, -22.8577404 ], [ -43.003723, -22.8579467 ], [ -43.0040116, -22.8580396 ], [ -43.0040673, -22.8580529 ] ] ] } },
{ "type": "Feature", "properties": { "id": 43, "cod_bairro": "3304904044", "nm_bairro": "Jockey", "area_km2": 1.9048070323326838, "cod_munic": "3304904", "nm_munic": "São Gonçalo", "cod_uf": "33", "sig_uf": "RJ" }, "geometry": { "type": "Polygon", "coordinates": [ [ [ -42.9977645, -22.8606344 ], [ -42.9978948, -22.8604843 ], [ -42.9980224, -22.8603799 ], [ -42.9980689, -22.8602928 ], [ -42.9981443, -22.8601013 ], [ -42.9982371, -22.8600317 ], [ -42.9986085, -22.8599041 ], [ -42.9995601, -22.8594921 ], [ -42.9996588, -22.8594166 ], [ -42.9996604, -22.8593447 ], [ -42.9996605, -22.8593364 ], [ -42.9996616, -22.8592868 ], [ -42.9996617, -22.8592838 ], [ -42.9996631, -22.8592196 ], [ -42.9996646, -22.8591555 ], [ -42.9996588, -22.858877 ], [ -42.9995852, -22.8585404 ], [ -42.9995764, -22.8583704 ], [ -42.9996097, -22.85827 ], [ -42.9996817, -22.8582333 ], [ -42.9999315, -22.8582387 ], [ -43.0000301, -22.8582445 ], [ -43.0002042, -22.8580472 ], [ -43.0005814, -22.8577049 ], [ -43.0006858, -22.8575134 ], [ -43.0007729, -22.8572291 ], [ -43.0009992, -22.8570666 ], [ -43.0015272, -22.8567649 ], [ -43.0022757, -22.8567359 ], [ -43.002598, -22.8568408 ], [ -43.0026403, -22.8568706 ], [ -43.0026007, -22.8571246 ], [ -43.0026007, -22.8571885 ], [ -43.0026355, -22.8572697 ], [ -43.003723, -22.8579467 ], [ -43.0038113, -22.8577404 ], [ -43.0040633, -22.8577494 ], [ -43.004122, -22.8577418 ], [ -43.0041094, -22.8577095 ], [ -43.0040311, -22.8575074 ], [ -43.0034879, -22.8573037 ], [ -43.0034854, -22.8573028 ], [ -43.0034552, -22.8572943 ], [ -43.0034413, -22.8572719 ], [ -43.0033366, -22.8569843 ], [ -43.0035574, -22.8557055 ], [ -43.0034657, -22.8556376 ], [ -43.0035351, -22.8554874 ], [ -43.0031523, -22.8556546 ], [ -43.0030541, -22.8557164 ], [ -43.0030073, -22.8557458 ], [ -43.002982, -22.8557617 ], [ -43.0030061, -22.8556801 ], [ -43.0030159, -22.8554724 ], [ -43.0029364, -22.8552465 ], [ -43.0030999, -22.8549405 ], [ -43.0031689, -22.8548929 ], [ -43.0029811, -22.8545347 ], [ -43.0027039, -22.8546356 ], [ -43.0028119, -22.8543262 ], [ -43.0026678, -22.8540249 ], [ -43.0022992, -22.8538162 ], [ -43.0022768, -22.8537591 ], [ -43.0025237, -22.8536057 ], [ -43.0023141, -22.8531865 ], [ -43.0020005, -22.8531792 ], [ -43.0019647, -22.8531226 ], [ -43.0020914, -22.8528851 ], [ -43.0019604, -22.8522432 ], [ -43.0017731, -22.8520387 ], [ -43.0017508, -22.8520074 ], [ -43.0018294, -22.8517585 ], [ -43.0006634, -22.8504222 ], [ -43.0003359, -22.8501733 ], [ -43.0002049, -22.8500816 ], [ -43.0000477, -22.8500554 ], [ -43.0000084, -22.8497148 ], [ -43.0000716, -22.849448 ], [ -43.0000847, -22.849416 ], [ -43.0000855, -22.849414 ], [ -43.0001399, -22.8494429 ], [ -43.0008024, -22.8496453 ], [ -43.0010689, -22.849643 ], [ -43.001245, -22.8496263 ], [ -43.0013402, -22.8494716 ], [ -43.0014077, -22.8492174 ], [ -43.0015969, -22.8479006 ], [ -43.0014123, -22.8476364 ], [ -43.0014301, -22.8475811 ], [ -43.0017174, -22.8475054 ], [ -43.0022779, -22.8465477 ], [ -43.0020889, -22.846423 ], [ -43.0020321, -22.8463842 ], [ -43.0022519, -22.8458214 ], [ -43.0022689, -22.8449504 ], [ -43.0020197, -22.8449487 ], [ -43.0019723, -22.8449302 ], [ -43.0019275, -22.8449757 ], [ -43.0019202, -22.8449339 ], [ -43.0021222, -22.8445921 ], [ -43.002059, -22.8444134 ], [ -43.0018485, -22.8444143 ], [ -43.0018951, -22.8443802 ], [ -43.0018772, -22.844298 ], [ -43.001794, -22.8443219 ], [ -43.0009699, -22.8444362 ], [ -43.0007203, -22.8444251 ], [ -43.0005845, -22.844423 ], [ -43.0003684, -22.8444979 ], [ -42.9999432, -22.8445287 ], [ -42.9994685, -22.8446445 ], [ -42.9994586, -22.8446521 ], [ -42.999391, -22.8446656 ], [ -42.9981953, -22.8453648 ], [ -42.9980914, -22.8449261 ], [ -42.9980866, -22.8446914 ], [ -42.9981462, -22.8444821 ], [ -42.9984868, -22.8440098 ], [ -42.9984748, -22.8439705 ], [ -42.9979701, -22.8439145 ], [ -42.997917, -22.8437583 ], [ -42.9977533, -22.8437899 ], [ -42.9976402, -22.8434789 ], [ -42.9976251, -22.8434373 ], [ -42.9976252, -22.8434324 ], [ -42.9976283, -22.8434306 ], [ -42.9976553, -22.8433647 ], [ -42.9978061, -22.8430095 ], [ -42.9974542, -22.841894 ], [ -42.99712, -22.8418242 ], [ -42.997064, -22.8418117 ], [ -42.9970626, -22.8418119 ], [ -42.9971032, -22.8417713 ], [ -42.9972948, -22.841542 ], [ -42.9970245, -22.8407104 ], [ -42.9967211, -22.8405665 ], [ -42.9967051, -22.8405144 ], [ -42.996879, -22.8402322 ], [ -42.9963904, -22.8387145 ], [ -42.9959615, -22.8386068 ], [ -42.9959601, -22.8386064 ], [ -42.9959087, -22.8385914 ], [ -42.9958897, -22.8385883 ], [ -42.9958866, -22.8385853 ], [ -42.9958888, -22.8385515 ], [ -42.9959309, -22.8382272 ], [ -42.9961024, -22.8378645 ], [ -42.9958891, -22.8377483 ], [ -42.9958578, -22.8377312 ], [ -42.9958608, -22.837727 ], [ -42.9958507, -22.8376756 ], [ -42.9957617, -22.8375056 ], [ -42.9953495, -22.8374871 ], [ -42.9951784, -22.8376607 ], [ -42.9951506, -22.8376854 ], [ -42.9951502, -22.8376875 ], [ -42.995151, -22.8376895 ], [ -42.9951689, -22.8377411 ], [ -42.9954338, -22.8385108 ], [ -42.9941839, -22.8393879 ], [ -42.993805, -22.8393201 ], [ -42.9937703, -22.8393483 ], [ -42.993684, -22.8397833 ], [ -42.9934386, -22.839956 ], [ -42.9931477, -22.8400333 ], [ -42.9929932, -22.8400333 ], [ -42.9928227, -22.8400333 ], [ -42.9927605, -22.8400333 ], [ -42.9927806, -22.8400724 ], [ -42.9927319, -22.8403132 ], [ -42.9936055, -22.8417456 ], [ -42.9940354, -22.841968 ], [ -42.9940582, -22.8420086 ], [ -42.994076, -22.8420443 ], [ -42.9938551, -22.8423099 ], [ -42.9945008, -22.8435199 ], [ -42.994894, -22.8435266 ], [ -42.9949057, -22.84358 ], [ -42.994669, -22.8436773 ], [ -42.9944031, -22.8441331 ], [ -42.9945311, -22.8443129 ], [ -42.9945494, -22.844342 ], [ -42.9945174, -22.8443852 ], [ -42.9942563, -22.8445471 ], [ -42.9942686, -22.8449358 ], [ -42.9945081, -22.8450258 ], [ -42.9944994, -22.8450975 ], [ -42.9942426, -22.8452639 ], [ -42.9942904, -22.8457076 ], [ -42.9944828, -22.8457396 ], [ -42.9944869, -22.8458112 ], [ -42.9942699, -22.845967 ], [ -42.9942699, -22.8463629 ], [ -42.994476, -22.8464806 ], [ -42.9944766, -22.8465486 ], [ -42.9942017, -22.8467452 ], [ -42.9942426, -22.8471479 ], [ -42.9944834, -22.8471885 ], [ -42.9944902, -22.8472491 ], [ -42.9943201, -22.8475893 ], [ -42.9939052, -22.8477059 ], [ -42.9935957, -22.8477059 ], [ -42.9931486, -22.8477902 ], [ -42.993082, -22.8478051 ], [ -42.9929958, -22.8477368 ], [ -42.9927523, -22.8475334 ], [ -42.9919896, -22.8476369 ], [ -42.9910311, -22.8478844 ], [ -42.9908567, -22.8480662 ], [ -42.9910828, -22.8480601 ], [ -42.9910634, -22.8482805 ], [ -42.9910576, -22.8483718 ], [ -42.9910192, -22.8485522 ], [ -42.9909347, -22.8486598 ], [ -42.9907427, -22.8488786 ], [ -42.9905507, -22.8490822 ], [ -42.9904333, -22.8492251 ], [ -42.9902025, -22.8496679 ], [ -42.9900976, -22.8498617 ], [ -42.9899568, -22.8499885 ], [ -42.9898119, -22.8500425 ], [ -42.9896427, -22.850056 ], [ -42.989247, -22.8509157 ], [ -42.9886191, -22.8521409 ], [ -42.992274, -22.8553459 ], [ -42.9931455, -22.8564848 ], [ -42.9936896, -22.857196 ], [ -42.9942612, -22.8589483 ], [ -42.9946937, -22.8593483 ], [ -42.9950613, -22.8596186 ], [ -42.9953208, -22.8597159 ], [ -42.9956667, -22.8597591 ], [ -42.9961035, -22.8598313 ], [ -42.9964175, -22.8595727 ], [ -42.9964724, -22.8595783 ], [ -42.996945, -22.8597297 ], [ -42.9977459, -22.8597526 ], [ -42.9974507, -22.8604943 ], [ -42.9976729, -22.8606734 ], [ -42.9977034, -22.8606994 ], [ -42.9977645, -22.8606344 ] ] ] } },
{ "type": "Feature", "properties": { "id": 44, "cod_bairro": "3304904045", "nm_bairro": "Lagoinha", "area_km2": 0.35173826530646252, "cod_munic": "3304904", "nm_munic": "São Gonçalo", "cod_uf": "33", "sig_uf": "RJ" }, "geometry": { "type": "Polygon", "coordinates": [ [ [ -42.9768273, -22.8303453 ], [ -42.9771582, -22.8303188 ], [ -42.9772655, -22.8304727 ], [ -42.9772922, -22.8304727 ], [ -42.9774586, -22.8302834 ], [ -42.9778319, -22.8302283 ], [ -42.9780368, -22.8303723 ], [ -42.9780872, -22.8303656 ], [ -42.9781679, -22.8302 ], [ -42.9790526, -22.8301239 ], [ -42.9793253, -22.8300056 ], [ -42.9793371, -22.8299597 ], [ -42.9792713, -22.8297799 ], [ -42.9793938, -22.8295102 ], [ -42.9796734, -22.8294401 ], [ -42.9797131, -22.8294245 ], [ -42.979707, -22.8294239 ], [ -42.9796853, -22.8293877 ], [ -42.9795724, -22.8292181 ], [ -42.9798226, -22.8287414 ], [ -42.9801016, -22.8286761 ], [ -42.9801273, -22.8286332 ], [ -42.979983, -22.8284912 ], [ -42.9800633, -22.8282269 ], [ -42.9803115, -22.8281571 ], [ -42.9803348, -22.8281498 ], [ -42.9803585, -22.8281424 ], [ -42.9803474, -22.8281319 ], [ -42.9801813, -22.8279721 ], [ -42.980336, -22.8275939 ], [ -42.9806617, -22.8275285 ], [ -42.9806965, -22.8274845 ], [ -42.98054, -22.827283 ], [ -42.9806721, -22.8271131 ], [ -42.9809641, -22.8272084 ], [ -42.9810063, -22.8271519 ], [ -42.9808893, -22.8269243 ], [ -42.9809837, -22.8268487 ], [ -42.981251, -22.8269291 ], [ -42.9812817, -22.8268933 ], [ -42.9812291, -22.8265561 ], [ -42.9821325, -22.8256149 ], [ -42.9823775, -22.8256533 ], [ -42.9824052, -22.8256388 ], [ -42.9823605, -22.8256191 ], [ -42.9820295, -22.8254733 ], [ -42.9818211, -22.825292 ], [ -42.981216, -22.824503 ], [ -42.9810365, -22.8243847 ], [ -42.9809894, -22.824363 ], [ -42.9804261, -22.8241018 ], [ -42.9802622, -22.8240261 ], [ -42.9778954, -22.8229113 ], [ -42.9765511, -22.8230049 ], [ -42.9765252, -22.8230431 ], [ -42.9762058, -22.8232058 ], [ -42.9762467, -22.8236232 ], [ -42.976644, -22.8237698 ], [ -42.9766719, -22.8237896 ], [ -42.9766459, -22.8238076 ], [ -42.9764475, -22.8239509 ], [ -42.9764225, -22.824298 ], [ -42.9766507, -22.824414 ], [ -42.9766308, -22.824468 ], [ -42.9764154, -22.8245165 ], [ -42.9763167, -22.8249184 ], [ -42.9764704, -22.825062 ], [ -42.9764541, -22.8251129 ], [ -42.9761264, -22.8252709 ], [ -42.976077, -22.8256375 ], [ -42.9762981, -22.8257059 ], [ -42.976287, -22.8257494 ], [ -42.9759363, -22.8259867 ], [ -42.9759259, -22.8261417 ], [ -42.9759086, -22.8262601 ], [ -42.9761185, -22.8263969 ], [ -42.9760966, -22.8264655 ], [ -42.9758589, -22.8266374 ], [ -42.9757871, -22.8270036 ], [ -42.9759291, -22.8271078 ], [ -42.9759755, -22.8271291 ], [ -42.9759563, -22.8271634 ], [ -42.9758219, -22.8273603 ], [ -42.9759029, -22.8276588 ], [ -42.9761049, -22.8277449 ], [ -42.9761255, -22.8277949 ], [ -42.9759029, -22.8279515 ], [ -42.9759839, -22.8282816 ], [ -42.9762706, -22.8283713 ], [ -42.9762785, -22.828403 ], [ -42.9762853, -22.8284306 ], [ -42.9760901, -22.8285482 ], [ -42.9761832, -22.8289729 ], [ -42.9764504, -22.829059 ], [ -42.9764719, -22.8291128 ], [ -42.9762704, -22.8292531 ], [ -42.9762953, -22.8294026 ], [ -42.97657, -22.8294858 ], [ -42.9765829, -22.8295387 ], [ -42.9763586, -22.8296581 ], [ -42.9763887, -22.8298385 ], [ -42.9766235, -22.8299182 ], [ -42.9766211, -22.8299732 ], [ -42.9764074, -22.8301126 ], [ -42.9764366, -22.8302996 ], [ -42.9766579, -22.8303838 ], [ -42.9766801, -22.8304062 ], [ -42.9766963, -22.8305793 ], [ -42.976726, -22.8305446 ], [ -42.9768273, -22.8303453 ] ] ] } },
{ "type": "Feature", "properties": { "id": 45, "cod_bairro": "3304904046", "nm_bairro": "Largo da Ideia", "area_km2": 8.2261484102587605, "cod_munic": "3304904", "nm_munic": "São Gonçalo", "cod_uf": "33", "sig_uf": "RJ" }, "geometry": { "type": "Polygon", "coordinates": [ [ [ -42.9010222, -22.8459088 ], [ -42.9011798, -22.8461882 ], [ -42.9013683, -22.846432 ], [ -42.9015503, -22.8466562 ], [ -42.9018282, -22.8469227 ], [ -42.9020914, -22.8471697 ], [ -42.9025659, -22.8473078 ], [ -42.9028389, -22.8474622 ], [ -42.9030761, -22.8476101 ], [ -42.9032825, -22.8477807 ], [ -42.903536, -22.8479871 ], [ -42.9037391, -22.8481415 ], [ -42.9041454, -22.8484648 ], [ -42.9044752, -22.8487476 ], [ -42.9045662, -22.8489101 ], [ -42.9046524, -22.8490563 ], [ -42.9047531, -22.8492204 ], [ -42.9048782, -22.8494089 ], [ -42.9050196, -22.8496283 ], [ -42.9051528, -22.8498233 ], [ -42.9053088, -22.8500865 ], [ -42.9053917, -22.8502393 ], [ -42.905551, -22.8504928 ], [ -42.9056468, -22.8507203 ], [ -42.9058045, -22.8510355 ], [ -42.9059556, -22.8512923 ], [ -42.9061067, -22.8515279 ], [ -42.9063894, -22.8519813 ], [ -42.9065828, -22.8523469 ], [ -42.9067096, -22.8526036 ], [ -42.9067957, -22.8527791 ], [ -42.9068997, -22.8530131 ], [ -42.9069533, -22.8531382 ], [ -42.9071223, -22.8533121 ], [ -42.9072149, -22.8534145 ], [ -42.907444, -22.8535445 ], [ -42.9076358, -22.8536696 ], [ -42.9079007, -22.8538207 ], [ -42.9081282, -22.8539751 ], [ -42.908211, -22.8540157 ], [ -42.9083459, -22.854006 ], [ -42.908575, -22.85398 ], [ -42.908835, -22.8539686 ], [ -42.9093306, -22.8539897 ], [ -42.9096703, -22.8540628 ], [ -42.9099887, -22.8541831 ], [ -42.9102341, -22.8542903 ], [ -42.9105201, -22.8544626 ], [ -42.9108224, -22.8546348 ], [ -42.9110368, -22.8548282 ], [ -42.9113472, -22.8551028 ], [ -42.9116901, -22.8553157 ], [ -42.9118818, -22.8554229 ], [ -42.9122718, -22.8555952 ], [ -42.9131237, -22.8559176 ], [ -42.913982, -22.8562407 ], [ -42.9144751, -22.8564012 ], [ -42.9147007, -22.8564548 ], [ -42.916142, -22.8567243 ], [ -42.9173367, -22.8569575 ], [ -42.9181835, -22.8570932 ], [ -42.9194604, -22.8573207 ], [ -42.9207182, -22.8575596 ], [ -42.9218498, -22.857768 ], [ -42.9226087, -22.8578961 ], [ -42.9228755, -22.8579533 ], [ -42.9230709, -22.8579856 ], [ -42.9230018, -22.8579504 ], [ -42.9213302, -22.8570651 ], [ -42.9208974, -22.8563206 ], [ -42.9205454, -22.8561766 ], [ -42.920113, -22.8560108 ], [ -42.9197699, -22.8559493 ], [ -42.919213, -22.8558308 ], [ -42.9187539, -22.8552329 ], [ -42.9181781, -22.8537133 ], [ -42.9179221, -22.8528655 ], [ -42.9180181, -22.8518578 ], [ -42.9182741, -22.8508021 ], [ -42.91837, -22.8499063 ], [ -42.9181301, -22.8475549 ], [ -42.9179416, -22.8463776 ], [ -42.9184989, -22.8462517 ], [ -42.9185229, -22.8462417 ], [ -42.918519, -22.8459927 ], [ -42.9185994, -22.8458264 ], [ -42.9186741, -22.8457128 ], [ -42.9187779, -22.8455668 ], [ -42.9189987, -22.8452779 ], [ -42.9191772, -22.8449922 ], [ -42.9194142, -22.8445362 ], [ -42.9195326, -22.8442538 ], [ -42.9196654, -22.8437924 ], [ -42.9197696, -22.8434293 ], [ -42.9198491, -22.8432751 ], [ -42.9199952, -22.8430121 ], [ -42.9202679, -22.8426015 ], [ -42.9204123, -22.8424311 ], [ -42.9205275, -22.842285 ], [ -42.9206898, -22.8420448 ], [ -42.9208018, -22.8419182 ], [ -42.9212254, -22.84142 ], [ -42.9213917, -22.8412032 ], [ -42.9215048, -22.8410432 ], [ -42.9216869, -22.8407677 ], [ -42.9217866, -22.8405696 ], [ -42.9218456, -22.8405339 ], [ -42.9218998, -22.8405031 ], [ -42.9220388, -22.840449 ], [ -42.9223611, -22.84031 ], [ -42.9227302, -22.8401648 ], [ -42.9228471, -22.8401168 ], [ -42.9231128, -22.84 ], [ -42.9233909, -22.83992 ], [ -42.9234942, -22.8398892 ], [ -42.9237341, -22.8398376 ], [ -42.9238523, -22.8398117 ], [ -42.9243148, -22.8397268 ], [ -42.9246975, -22.839685 ], [ -42.9251232, -22.8396444 ], [ -42.925523, -22.8396038 ], [ -42.9261209, -22.8395287 ], [ -42.9263473, -22.8395017 ], [ -42.9265294, -22.8394845 ], [ -42.9268283, -22.8393024 ], [ -42.9270818, -22.8391658 ], [ -42.9272762, -22.8390428 ], [ -42.9275801, -22.8388139 ], [ -42.9277449, -22.8386848 ], [ -42.9281681, -22.8383796 ], [ -42.9285175, -22.8381348 ], [ -42.9287513, -22.8379798 ], [ -42.9290195, -22.8378026 ], [ -42.9292816, -22.8376423 ], [ -42.9295908, -22.8374689 ], [ -42.9297463, -22.8374188 ], [ -42.9300824, -22.8374009 ], [ -42.9306455, -22.8374099 ], [ -42.9309172, -22.8374009 ], [ -42.9311728, -22.8373598 ], [ -42.9313802, -22.8373241 ], [ -42.9316108, -22.8372651 ], [ -42.9317824, -22.8371918 ], [ -42.931954, -22.8370881 ], [ -42.9322025, -22.8369505 ], [ -42.9324528, -22.83687 ], [ -42.9327928, -22.836859 ], [ -42.9329355, -22.8368541 ], [ -42.9331029, -22.8368725 ], [ -42.9333834, -22.8368971 ], [ -42.9336811, -22.8369316 ], [ -42.9339506, -22.8369451 ], [ -42.9337451, -22.8368159 ], [ -42.933472, -22.8366622 ], [ -42.9333785, -22.8365957 ], [ -42.9331312, -22.8363115 ], [ -42.9326723, -22.835705 ], [ -42.9324803, -22.8354565 ], [ -42.9322109, -22.8351194 ], [ -42.9320141, -22.8348106 ], [ -42.9318799, -22.83469 ], [ -42.9311073, -22.8341413 ], [ -42.9305894, -22.8337734 ], [ -42.9300923, -22.8334412 ], [ -42.9292323, -22.8327264 ], [ -42.9286147, -22.8322454 ], [ -42.9282678, -22.8319858 ], [ -42.9278876, -22.8317594 ], [ -42.9274656, -22.831581 ], [ -42.9270793, -22.8314235 ], [ -42.9265528, -22.8312058 ], [ -42.9262944, -22.8310987 ], [ -42.9261086, -22.83102 ], [ -42.926004, -22.8309376 ], [ -42.9257814, -22.8306177 ], [ -42.9256522, -22.8304344 ], [ -42.9254959, -22.8301736 ], [ -42.9254221, -22.8300444 ], [ -42.9253323, -22.8298734 ], [ -42.9253089, -22.8295166 ], [ -42.9252856, -22.8292767 ], [ -42.9252302, -22.8290983 ], [ -42.9250838, -22.8288658 ], [ -42.9249398, -22.828632 ], [ -42.9248291, -22.8284524 ], [ -42.9247122, -22.8282543 ], [ -42.9245498, -22.8279873 ], [ -42.9244059, -22.8277523 ], [ -42.9242878, -22.8275543 ], [ -42.9241857, -22.827414 ], [ -42.9239864, -22.8271802 ], [ -42.923808, -22.8269699 ], [ -42.9236406, -22.8268001 ], [ -42.9233331, -22.826554 ], [ -42.9229037, -22.8260619 ], [ -42.9223661, -22.82548 ], [ -42.9219576, -22.8250617 ], [ -42.9216845, -22.8248784 ], [ -42.9214335, -22.8247922 ], [ -42.9211653, -22.824695 ], [ -42.9201331, -22.8243912 ], [ -42.91962, -22.8242509 ], [ -42.9195032, -22.8241968 ], [ -42.9189753, -22.8240442 ], [ -42.9189372, -22.8240331 ], [ -42.9181634, -22.8238388 ], [ -42.9179397, -22.8237868 ], [ -42.9178878, -22.8237748 ], [ -42.9175876, -22.823696 ], [ -42.9175782, -22.8237051 ], [ -42.9175689, -22.8237142 ], [ -42.9175393, -22.8237432 ], [ -42.9174892, -22.823792 ], [ -42.9173514, -22.8239396 ], [ -42.9171201, -22.8242448 ], [ -42.9169085, -22.8242718 ], [ -42.9166673, -22.8243112 ], [ -42.9164286, -22.8243432 ], [ -42.91619, -22.8243678 ], [ -42.9160005, -22.8243948 ], [ -42.9159119, -22.8242275 ], [ -42.9157588, -22.8240395 ], [ -42.915617, -22.823836 ], [ -42.9152809, -22.8233673 ], [ -42.9150403, -22.8231329 ], [ -42.9146796, -22.8227906 ], [ -42.9137668, -22.8220321 ], [ -42.9133475, -22.8217021 ], [ -42.9132969, -22.8216325 ], [ -42.9124407, -22.8216593 ], [ -42.912134, -22.8217002 ], [ -42.9113672, -22.8219353 ], [ -42.9108661, -22.8220753 ], [ -42.9097621, -22.8223183 ], [ -42.9094095, -22.8224465 ], [ -42.9089904, -22.8225282 ], [ -42.9080448, -22.8228247 ], [ -42.9066237, -22.8226714 ], [ -42.9061637, -22.8225589 ], [ -42.9060027, -22.8224976 ], [ -42.9055145, -22.8222471 ], [ -42.9052353, -22.8219855 ], [ -42.9049063, -22.8216695 ], [ -42.9043609, -22.8212189 ], [ -42.9033217, -22.8237605 ], [ -42.9001652, -22.8314803 ], [ -42.9001171, -22.8315979 ], [ -42.8988311, -22.8347432 ], [ -42.8960085, -22.8416463 ], [ -42.8960672, -22.8418641 ], [ -42.8960431, -22.8419256 ], [ -42.8960766, -22.8420407 ], [ -42.8961271, -22.8423271 ], [ -42.8961453, -22.8432279 ], [ -42.8961983, -22.8436063 ], [ -42.8962442, -22.843815 ], [ -42.8967493, -22.8444328 ], [ -42.8971417, -22.8446499 ], [ -42.8976771, -22.844887 ], [ -42.8983673, -22.8451547 ], [ -42.8997147, -22.8455224 ], [ -42.9003809, -22.8457102 ], [ -42.9007232, -22.8456893 ], [ -42.9008882, -22.845722 ], [ -42.9008824, -22.84573 ], [ -42.9010222, -22.8459088 ] ] ] } },
{ "type": "Feature", "properties": { "id": 46, "cod_bairro": "3304904047", "nm_bairro": "Maria Paula", "area_km2": 2.9375301832264822, "cod_munic": "3304904", "nm_munic": "São Gonçalo", "cod_uf": "33", "sig_uf": "RJ" }, "geometry": { "type": "Polygon", "coordinates": [ [ [ -43.0208445, -22.8825482 ], [ -43.020962, -22.8823862 ], [ -43.0210058, -22.8823258 ], [ -43.0211672, -22.882107 ], [ -43.0212082, -22.8820608 ], [ -43.0212452, -22.8820191 ], [ -43.0212529, -22.8820104 ], [ -43.0213232, -22.8819312 ], [ -43.0215276, -22.881725 ], [ -43.0215661, -22.8816905 ], [ -43.0217213, -22.8815511 ], [ -43.0217698, -22.8815122 ], [ -43.0219472, -22.88137 ], [ -43.0222198, -22.8811727 ], [ -43.0224942, -22.8810095 ], [ -43.0225428, -22.8809819 ], [ -43.0227972, -22.8808374 ], [ -43.0228894, -22.8807891 ], [ -43.0229927, -22.8807351 ], [ -43.0231882, -22.8806329 ], [ -43.0234663, -22.8804827 ], [ -43.0237028, -22.880355 ], [ -43.0240525, -22.8801308 ], [ -43.0245223, -22.8798009 ], [ -43.0246558, -22.8796974 ], [ -43.0247537, -22.8796215 ], [ -43.0247634, -22.8796127 ], [ -43.0249491, -22.8794386 ], [ -43.0250782, -22.8792898 ], [ -43.0255552, -22.8787697 ], [ -43.0255764, -22.8787468 ], [ -43.0256648, -22.8786509 ], [ -43.0258314, -22.8784703 ], [ -43.0261345, -22.8781242 ], [ -43.0263974, -22.8778081 ], [ -43.0265864, -22.8775808 ], [ -43.0268267, -22.8772903 ], [ -43.0272266, -22.8767972 ], [ -43.0273834, -22.8765605 ], [ -43.0274517, -22.876453 ], [ -43.0275459, -22.8763048 ], [ -43.0275691, -22.8762703 ], [ -43.0275924, -22.8762359 ], [ -43.0276534, -22.876148 ], [ -43.0277484, -22.8760494 ], [ -43.0278614, -22.8759756 ], [ -43.0279188, -22.8759382 ], [ -43.0281519, -22.8758414 ], [ -43.0281985, -22.8758234 ], [ -43.0282451, -22.8758055 ], [ -43.0285679, -22.8756836 ], [ -43.0288423, -22.8755849 ], [ -43.0290761, -22.8755056 ], [ -43.0287775, -22.8750115 ], [ -43.028717, -22.8749109 ], [ -43.0285076, -22.8745618 ], [ -43.0284266, -22.874437 ], [ -43.0282197, -22.8741047 ], [ -43.0280879, -22.873839 ], [ -43.0280311, -22.8737423 ], [ -43.0277724, -22.8733883 ], [ -43.0277181, -22.8733327 ], [ -43.0276221, -22.8732658 ], [ -43.0275507, -22.8732281 ], [ -43.0272188, -22.8730563 ], [ -43.0270177, -22.8729427 ], [ -43.0268882, -22.8728553 ], [ -43.0266532, -22.872662 ], [ -43.0262839, -22.8724478 ], [ -43.0260216, -22.8723614 ], [ -43.0256604, -22.8721719 ], [ -43.0249917, -22.8718553 ], [ -43.0243485, -22.8715521 ], [ -43.0239015, -22.8713325 ], [ -43.0237655, -22.8712713 ], [ -43.0232437, -22.871076 ], [ -43.0232309, -22.8710703 ], [ -43.0229345, -22.8709391 ], [ -43.0226263, -22.8707698 ], [ -43.0221923, -22.8705115 ], [ -43.0219745, -22.8703807 ], [ -43.0218279, -22.87031 ], [ -43.021759, -22.870279 ], [ -43.0216309, -22.8702216 ], [ -43.0213732, -22.8701083 ], [ -43.0212181, -22.8700435 ], [ -43.0210439, -22.8699607 ], [ -43.0208307, -22.869859 ], [ -43.0206755, -22.8697752 ], [ -43.0205712, -22.8697168 ], [ -43.0204823, -22.8696195 ], [ -43.0204443, -22.8695836 ], [ -43.0204152, -22.8695466 ], [ -43.0203406, -22.8694322 ], [ -43.0202377, -22.8689763 ], [ -43.0201544, -22.8686686 ], [ -43.0201048, -22.8685189 ], [ -43.020074, -22.8684642 ], [ -43.0200541, -22.8684288 ], [ -43.0200478, -22.8684175 ], [ -43.0200317, -22.8683889 ], [ -43.0200142, -22.8683555 ], [ -43.019927, -22.8681882 ], [ -43.0198206, -22.8680246 ], [ -43.0196928, -22.8677245 ], [ -43.0196634, -22.867544 ], [ -43.0195811, -22.8671644 ], [ -43.0195407, -22.8669911 ], [ -43.0194038, -22.8663744 ], [ -43.0193497, -22.8661184 ], [ -43.0193106, -22.8659197 ], [ -43.0192989, -22.8658602 ], [ -43.0192482, -22.8657339 ], [ -43.0192087, -22.8656425 ], [ -43.0191828, -22.8655376 ], [ -43.0191692, -22.8654609 ], [ -43.0191786, -22.8654032 ], [ -43.0191908, -22.8653276 ], [ -43.0191608, -22.8652815 ], [ -43.019182, -22.8648753 ], [ -43.0188372, -22.8647669 ], [ -43.0186083, -22.8649857 ], [ -43.0186025, -22.8650051 ], [ -43.0183822, -22.8648779 ], [ -43.0183987, -22.8649056 ], [ -43.0184577, -22.8651265 ], [ -43.017567, -22.866076 ], [ -43.0164939, -22.8665121 ], [ -43.0161131, -22.8669068 ], [ -43.0157965, -22.8667478 ], [ -43.0157521, -22.8667788 ], [ -43.0155772, -22.8671997 ], [ -43.0153402, -22.8672737 ], [ -43.0156015, -22.8678408 ], [ -43.0154691, -22.8682612 ], [ -43.0154429, -22.8682903 ], [ -43.0154412, -22.868291 ], [ -43.0154119, -22.868283 ], [ -43.0151083, -22.8682115 ], [ -43.0145139, -22.8673088 ], [ -43.0140098, -22.8671801 ], [ -43.0133176, -22.8674486 ], [ -43.0129258, -22.8675805 ], [ -43.0125173, -22.867446 ], [ -43.0123379, -22.8674236 ], [ -43.0108594, -22.8680305 ], [ -43.0086057, -22.8698964 ], [ -43.0079231, -22.8710289 ], [ -43.0068011, -22.8708568 ], [ -43.0053862, -22.8707059 ], [ -43.0050765, -22.8707085 ], [ -43.0049079, -22.8708382 ], [ -43.0049655, -22.8708562 ], [ -43.0052508, -22.8710001 ], [ -43.0053115, -22.8710643 ], [ -43.0054375, -22.8711986 ], [ -43.0055231, -22.8712786 ], [ -43.0055694, -22.8713044 ], [ -43.0056292, -22.8713065 ], [ -43.0057407, -22.8712854 ], [ -43.0058417, -22.8712426 ], [ -43.0059868, -22.8711856 ], [ -43.0060747, -22.8711867 ], [ -43.0062757, -22.8712081 ], [ -43.0065967, -22.8712474 ], [ -43.0067287, -22.8712866 ], [ -43.0068059, -22.8713247 ], [ -43.0069974, -22.871528 ], [ -43.0070996, -22.8715696 ], [ -43.0073124, -22.8716112 ], [ -43.0074087, -22.8716576 ], [ -43.0076418, -22.8716968 ], [ -43.0078749, -22.8717751 ], [ -43.0080811, -22.8718319 ], [ -43.0080829, -22.8718323 ], [ -43.00823, -22.871854 ], [ -43.0084324, -22.871824 ], [ -43.0086369, -22.8717241 ], [ -43.0086928, -22.8716873 ], [ -43.0088624, -22.8716143 ], [ -43.0089985, -22.8716072 ], [ -43.0091577, -22.8717241 ], [ -43.009191, -22.8717476 ], [ -43.0095087, -22.872375 ], [ -43.0097238, -22.8729367 ], [ -43.0098673, -22.87363 ], [ -43.0098673, -22.8742755 ], [ -43.0097477, -22.8750225 ], [ -43.0094788, -22.8755903 ], [ -43.009066, -22.8760102 ], [ -43.0088793, -22.8774954 ], [ -43.0086432, -22.879422 ], [ -43.0082581, -22.8827283 ], [ -43.014627, -22.8843638 ], [ -43.0153687, -22.8843246 ], [ -43.016096, -22.8850958 ], [ -43.0170819, -22.8852702 ], [ -43.0180242, -22.8851327 ], [ -43.0181517, -22.8851141 ], [ -43.0183228, -22.8850892 ], [ -43.0183654, -22.885083 ], [ -43.0185185, -22.8849547 ], [ -43.0187499, -22.8847646 ], [ -43.0189973, -22.8845422 ], [ -43.0192036, -22.8843593 ], [ -43.0194367, -22.884162 ], [ -43.019625, -22.884015 ], [ -43.01971, -22.8839379 ], [ -43.0197392, -22.8839114 ], [ -43.0197427, -22.8839082 ], [ -43.0197792, -22.8838751 ], [ -43.0199244, -22.8837388 ], [ -43.0201271, -22.8835308 ], [ -43.02024, -22.8833889 ], [ -43.0202845, -22.8833329 ], [ -43.0203154, -22.8832941 ], [ -43.0204654, -22.88309 ], [ -43.0204947, -22.8830502 ], [ -43.0205342, -22.8829929 ], [ -43.0207601, -22.8826647 ], [ -43.0208026, -22.882606 ], [ -43.0208445, -22.8825482 ] ] ] } },
{ "type": "Feature", "properties": { "id": 47, "cod_bairro": "3304904048", "nm_bairro": "Pacheco", "area_km2": 1.9866428228922375, "cod_munic": "3304904", "nm_munic": "São Gonçalo", "cod_uf": "33", "sig_uf": "RJ" }, "geometry": { "type": "Polygon", "coordinates": [ [ [ -42.9698865, -22.8444898 ], [ -42.9710038, -22.84545 ], [ -42.9713612, -22.8456985 ], [ -42.972075, -22.8462114 ], [ -42.9721069, -22.8462321 ], [ -42.9750595, -22.8420208 ], [ -42.9752326, -22.8417334 ], [ -42.9752391, -22.8417227 ], [ -42.9752419, -22.841718 ], [ -42.9752557, -22.841695 ], [ -42.976631, -22.8394118 ], [ -42.9761421, -22.8389441 ], [ -42.9754128, -22.8375036 ], [ -42.9751393, -22.8353958 ], [ -42.9752523, -22.8351067 ], [ -42.9752873, -22.83507 ], [ -42.9752405, -22.8350416 ], [ -42.9748545, -22.8346371 ], [ -42.9747824, -22.8336889 ], [ -42.9749394, -22.8335069 ], [ -42.9750772, -22.8330824 ], [ -42.9750722, -22.8330428 ], [ -42.9750673, -22.8330033 ], [ -42.9749286, -22.833002 ], [ -42.9749252, -22.8328419 ], [ -42.9748658, -22.8327588 ], [ -42.9749094, -22.8323577 ], [ -42.9749302, -22.8320861 ], [ -42.9749446, -22.8319915 ], [ -42.9748924, -22.8319822 ], [ -42.9746189, -22.8319227 ], [ -42.9748352, -22.8311565 ], [ -42.9750797, -22.830793 ], [ -42.9730476, -22.8311612 ], [ -42.9728758, -22.8310339 ], [ -42.9728103, -22.8308897 ], [ -42.97278, -22.8308665 ], [ -42.972529, -22.8307531 ], [ -42.9722404, -22.8292525 ], [ -42.9724527, -22.8290577 ], [ -42.9724876, -22.8290257 ], [ -42.9724794, -22.8289759 ], [ -42.9721942, -22.8288947 ], [ -42.9721019, -22.8283348 ], [ -42.9723847, -22.8280059 ], [ -42.9727737, -22.8275766 ], [ -42.972847, -22.8276473 ], [ -42.9733092, -22.8271388 ], [ -42.9733372, -22.827108 ], [ -42.9733526, -22.8270666 ], [ -42.973455, -22.826823 ], [ -42.9736533, -22.8266928 ], [ -42.9739573, -22.8265867 ], [ -42.9740696, -22.8262535 ], [ -42.9741009, -22.8262101 ], [ -42.9741526, -22.8262445 ], [ -42.9744447, -22.826471 ], [ -42.9759259, -22.8261417 ], [ -42.9759363, -22.8259867 ], [ -42.976287, -22.8257494 ], [ -42.9762981, -22.8257059 ], [ -42.976077, -22.8256375 ], [ -42.9761264, -22.8252709 ], [ -42.9764541, -22.8251129 ], [ -42.9764704, -22.825062 ], [ -42.9763167, -22.8249184 ], [ -42.9764154, -22.8245165 ], [ -42.9766308, -22.824468 ], [ -42.9766507, -22.824414 ], [ -42.9764225, -22.824298 ], [ -42.9764475, -22.8239509 ], [ -42.9766459, -22.8238076 ], [ -42.9766719, -22.8237896 ], [ -42.976644, -22.8237698 ], [ -42.9762467, -22.8236232 ], [ -42.9762058, -22.8232058 ], [ -42.9765252, -22.8230431 ], [ -42.9765511, -22.8230049 ], [ -42.975764, -22.822996 ], [ -42.9755582, -22.8229794 ], [ -42.9755233, -22.82298 ], [ -42.9754925, -22.8229806 ], [ -42.975045, -22.8229886 ], [ -42.9744616, -22.8229461 ], [ -42.9737992, -22.8229018 ], [ -42.973507, -22.822889 ], [ -42.9732019, -22.8230662 ], [ -42.9729958, -22.8231543 ], [ -42.9726808, -22.8233944 ], [ -42.9722087, -22.8236775 ], [ -42.9715496, -22.8241297 ], [ -42.9712055, -22.8243329 ], [ -42.9710247, -22.824353 ], [ -42.9703661, -22.8244406 ], [ -42.9694422, -22.8244554 ], [ -42.9687913, -22.82455 ], [ -42.9687817, -22.8245674 ], [ -42.9682282, -22.8249821 ], [ -42.9677285, -22.8252546 ], [ -42.9675932, -22.8253175 ], [ -42.967189, -22.8255034 ], [ -42.9669891, -22.8255499 ], [ -42.9668495, -22.8255499 ], [ -42.9666077, -22.8254935 ], [ -42.9661454, -22.8253278 ], [ -42.9657937, -22.8251891 ], [ -42.9657166, -22.8251522 ], [ -42.9653373, -22.8250576 ], [ -42.96492, -22.82498 ], [ -42.9644527, -22.8249565 ], [ -42.9640044, -22.8249509 ], [ -42.9638474, -22.824995 ], [ -42.9636903, -22.825101 ], [ -42.9634443, -22.8252331 ], [ -42.9630702, -22.8254903 ], [ -42.9628042, -22.8256953 ], [ -42.9623712, -22.8260234 ], [ -42.9621741, -22.8261655 ], [ -42.9620061, -22.8263345 ], [ -42.9617872, -22.8266035 ], [ -42.9617072, -22.8267554 ], [ -42.9614883, -22.8270683 ], [ -42.9612675, -22.8275082 ], [ -42.9609377, -22.828082 ], [ -42.9608277, -22.8283373 ], [ -42.9607964, -22.8283971 ], [ -42.9608338, -22.828427 ], [ -42.9611835, -22.8282951 ], [ -42.9616616, -22.8284863 ], [ -42.9616757, -22.8284928 ], [ -42.9616886, -22.8284975 ], [ -42.9618043, -22.8285396 ], [ -42.9620344, -22.8285434 ], [ -42.9622506, -22.8285066 ], [ -42.9638558, -22.8282307 ], [ -42.9644241, -22.8285157 ], [ -42.9653701, -22.8292356 ], [ -42.9651972, -22.8293809 ], [ -42.9665007, -22.8304926 ], [ -42.9662015, -22.8306431 ], [ -42.966203, -22.8306752 ], [ -42.9661689, -22.8306448 ], [ -42.9661723, -22.8306767 ], [ -42.9662218, -22.8311391 ], [ -42.965369, -22.8320169 ], [ -42.9653859, -22.832323 ], [ -42.9654165, -22.8323552 ], [ -42.9656737, -22.832308 ], [ -42.9657851, -22.8324543 ], [ -42.9656134, -22.8326133 ], [ -42.9656014, -22.8326522 ], [ -42.965646, -22.8326743 ], [ -42.9660475, -22.8327253 ], [ -42.9661931, -22.8329868 ], [ -42.9661597, -22.833224 ], [ -42.966193, -22.8332799 ], [ -42.9665387, -22.833357 ], [ -42.9665781, -22.8336083 ], [ -42.9663751, -22.8337688 ], [ -42.9663881, -22.8338291 ], [ -42.9667163, -22.8340091 ], [ -42.9670771, -22.8358884 ], [ -42.9673758, -22.8358367 ], [ -42.9676065, -22.836671 ], [ -42.9681391, -22.8364807 ], [ -42.9685046, -22.8369731 ], [ -42.9685287, -22.8370096 ], [ -42.9685183, -22.8370477 ], [ -42.9677991, -22.8408045 ], [ -42.9685326, -22.8433752 ], [ -42.9692227, -22.8439139 ], [ -42.9693748, -22.8440459 ], [ -42.9698865, -22.8444898 ] ] ] } },
{ "type": "Feature", "properties": { "id": 48, "cod_bairro": "3304904049", "nm_bairro": "Raul Veiga", "area_km2": 0.65915484136451963, "cod_munic": "3304904", "nm_munic": "São Gonçalo", "cod_uf": "33", "sig_uf": "RJ" }, "geometry": { "type": "Polygon", "coordinates": [ [ [ -42.9974987, -22.8292871 ], [ -42.9975165, -22.8288239 ], [ -42.9975759, -22.8284558 ], [ -42.9977956, -22.8281945 ], [ -42.9979231, -22.8280793 ], [ -42.99795, -22.828055 ], [ -42.998128, -22.8280459 ], [ -42.9981913, -22.8280151 ], [ -42.9984487, -22.827964 ], [ -42.9987147, -22.8280463 ], [ -42.9992468, -22.8281857 ], [ -42.9997029, -22.8282363 ], [ -43.0000386, -22.828287 ], [ -43.0004123, -22.828249 ], [ -43.0007417, -22.8282553 ], [ -43.0009508, -22.8282363 ], [ -43.001027, -22.8281925 ], [ -43.0010645, -22.8281709 ], [ -43.0011072, -22.8281464 ], [ -43.0011208, -22.8281385 ], [ -43.0009906, -22.8278669 ], [ -43.0007731, -22.8274135 ], [ -43.000736, -22.8272776 ], [ -43.0006989, -22.8271418 ], [ -43.0006165, -22.8267072 ], [ -43.0005252, -22.8262917 ], [ -43.0005136, -22.8261362 ], [ -43.0004976, -22.8259229 ], [ -43.0004515, -22.8253076 ], [ -43.0004805, -22.8246092 ], [ -43.000482, -22.8245142 ], [ -43.0005058, -22.8241895 ], [ -43.0005686, -22.8239107 ], [ -43.0006385, -22.8237577 ], [ -43.0006436, -22.8236949 ], [ -43.0007799, -22.8227395 ], [ -43.0009754, -22.8213094 ], [ -43.0008988, -22.8213468 ], [ -43.0008464, -22.8213724 ], [ -43.000702, -22.8214429 ], [ -43.0006704, -22.8214584 ], [ -43.0005612, -22.8215117 ], [ -42.999845, -22.821897 ], [ -42.9993267, -22.8221767 ], [ -42.9984911, -22.8225996 ], [ -42.9976078, -22.8229816 ], [ -42.9968773, -22.8232827 ], [ -42.9964846, -22.8234446 ], [ -42.9964289, -22.8235033 ], [ -42.9962999, -22.8236264 ], [ -42.9961299, -22.8238609 ], [ -42.9961004, -22.8239069 ], [ -42.9960371, -22.8240055 ], [ -42.9959941, -22.8240902 ], [ -42.995764, -22.8245405 ], [ -42.995724, -22.8245845 ], [ -42.9956332, -22.8246302 ], [ -42.9952846, -22.8246373 ], [ -42.9944807, -22.8246834 ], [ -42.9936874, -22.824765 ], [ -42.9926871, -22.8248879 ], [ -42.9924161, -22.8249422 ], [ -42.9922234, -22.825079 ], [ -42.9917108, -22.8255726 ], [ -42.9911785, -22.826027 ], [ -42.9907731, -22.8261498 ], [ -42.9896947, -22.8264322 ], [ -42.9894942, -22.8264927 ], [ -42.9890759, -22.8266126 ], [ -42.988705, -22.8266517 ], [ -42.9880636, -22.8267046 ], [ -42.9871957, -22.8268075 ], [ -42.9872223, -22.8268469 ], [ -42.9873969, -22.8269298 ], [ -42.9874474, -22.8274855 ], [ -42.9872939, -22.8276277 ], [ -42.9873023, -22.8276667 ], [ -42.9874895, -22.8277254 ], [ -42.9876705, -22.8279485 ], [ -42.9876255, -22.8280924 ], [ -42.9876105, -22.8281111 ], [ -42.9876704, -22.8281464 ], [ -42.9880138, -22.8284077 ], [ -42.9889727, -22.8286954 ], [ -42.9892273, -22.8285441 ], [ -42.9892755, -22.8285543 ], [ -42.9893803, -22.8288152 ], [ -42.9911269, -22.8292399 ], [ -42.9914563, -22.8290241 ], [ -42.9914934, -22.8290031 ], [ -42.9915062, -22.8290329 ], [ -42.9915211, -22.8292087 ], [ -42.9919883, -22.8292838 ], [ -42.9921907, -22.8291601 ], [ -42.9922594, -22.8291681 ], [ -42.9923277, -22.829363 ], [ -42.9927213, -22.8293932 ], [ -42.9929436, -22.8292151 ], [ -42.9929898, -22.8292196 ], [ -42.9930223, -22.8294258 ], [ -42.9934394, -22.8294819 ], [ -42.9936861, -22.8292613 ], [ -42.9937293, -22.8292285 ], [ -42.9937323, -22.8292285 ], [ -42.9937311, -22.8292311 ], [ -42.9937438, -22.8292598 ], [ -42.9938826, -22.829525 ], [ -42.9942629, -22.8294913 ], [ -42.9944475, -22.8292709 ], [ -42.9944747, -22.8292462 ], [ -42.994492, -22.8292667 ], [ -42.9946219, -22.8294749 ], [ -42.9968231, -22.8295808 ], [ -42.9971983, -22.8295616 ], [ -42.9972419, -22.8295572 ], [ -42.9974987, -22.8292871 ] ] ] } },
{ "type": "Feature", "properties": { "id": 49, "cod_bairro": "3304904050", "nm_bairro": "Rio do Ouro", "area_km2": 5.1529827928904854, "cod_munic": "3304904", "nm_munic": "São Gonçalo", "cod_uf": "33", "sig_uf": "RJ" }, "geometry": { "type": "Polygon", "coordinates": [ [ [ -42.9873056, -22.8921115 ], [ -42.9873586, -22.8920602 ], [ -42.9874092, -22.8920111 ], [ -42.9875778, -22.8919107 ], [ -42.9877428, -22.8918067 ], [ -42.9877787, -22.8917931 ], [ -42.9879042, -22.8917457 ], [ -42.9881552, -22.8917098 ], [ -42.9884063, -22.8916381 ], [ -42.9885641, -22.8915556 ], [ -42.9887524, -22.8913969 ], [ -42.9888741, -22.8912414 ], [ -42.9889622, -22.8911288 ], [ -42.9891403, -22.8908798 ], [ -42.9892778, -22.8906877 ], [ -42.9894284, -22.890451 ], [ -42.9894679, -22.8900923 ], [ -42.9894822, -22.8900464 ], [ -42.9895217, -22.8899202 ], [ -42.9896257, -22.8897516 ], [ -42.9897118, -22.8895543 ], [ -42.989909, -22.8891562 ], [ -42.9901135, -22.8887546 ], [ -42.9902106, -22.8885933 ], [ -42.9902928, -22.8884569 ], [ -42.9904542, -22.8883278 ], [ -42.9905156, -22.8882962 ], [ -42.9907024, -22.8882003 ], [ -42.9907196, -22.8881915 ], [ -42.9909048, -22.8881297 ], [ -42.9909455, -22.8881162 ], [ -42.9911464, -22.8880839 ], [ -42.9914441, -22.888048 ], [ -42.9920453, -22.8879965 ], [ -42.993431, -22.8878543 ], [ -42.9934868, -22.8878512 ], [ -42.9940476, -22.8878198 ], [ -42.9941985, -22.8878113 ], [ -42.9945751, -22.8878902 ], [ -42.994923, -22.8880086 ], [ -42.9950009, -22.8880544 ], [ -42.9953318, -22.8882489 ], [ -42.9960527, -22.8885681 ], [ -42.9968346, -22.8889339 ], [ -42.9971, -22.8890917 ], [ -42.9973833, -22.8892495 ], [ -42.9974429, -22.8892713 ], [ -42.9977455, -22.8893822 ], [ -42.9982943, -22.8895077 ], [ -42.9986806, -22.8895629 ], [ -42.9989205, -22.8895847 ], [ -42.9992196, -22.8896117 ], [ -42.9996751, -22.8897121 ], [ -43.0000552, -22.8898484 ], [ -43.0004569, -22.889974 ], [ -43.0007905, -22.8901533 ], [ -43.0008491, -22.8901861 ], [ -43.0014504, -22.8905227 ], [ -43.0018513, -22.8907384 ], [ -43.0018846, -22.8907252 ], [ -43.0023336, -22.8906249 ], [ -43.0033321, -22.8894357 ], [ -43.0029948, -22.8885748 ], [ -43.0030115, -22.8883879 ], [ -43.0029004, -22.8882399 ], [ -43.0028423, -22.8878883 ], [ -43.0030102, -22.8873443 ], [ -43.003019, -22.8873144 ], [ -43.0029919, -22.8873096 ], [ -43.00254, -22.887206 ], [ -43.0019299, -22.8862856 ], [ -43.0017541, -22.8858513 ], [ -43.0011749, -22.8851894 ], [ -43.0006165, -22.8847757 ], [ -43.0005518, -22.8845191 ], [ -43.0005133, -22.8844965 ], [ -43.0001097, -22.8844448 ], [ -42.9999236, -22.884631 ], [ -42.9995203, -22.8860374 ], [ -42.9993445, -22.8862029 ], [ -42.9990859, -22.8862339 ], [ -42.9988998, -22.8860271 ], [ -42.998786, -22.8856341 ], [ -42.9988581, -22.8841273 ], [ -42.9984578, -22.8836802 ], [ -42.9981842, -22.8834934 ], [ -42.9964468, -22.8826834 ], [ -42.9964438, -22.8820053 ], [ -42.9963116, -22.8817334 ], [ -42.9961866, -22.8816162 ], [ -42.9961505, -22.8815746 ], [ -42.9961915, -22.8813763 ], [ -42.9960366, -22.8812655 ], [ -42.9957771, -22.8812784 ], [ -42.9957382, -22.8812172 ], [ -42.9956847, -22.8808975 ], [ -42.9945657, -22.879067 ], [ -42.9936014, -22.878557 ], [ -42.9922147, -22.8777546 ], [ -42.9919508, -22.877533 ], [ -42.9919321, -22.8774641 ], [ -42.9920302, -22.8773736 ], [ -42.9925071, -22.8770084 ], [ -42.9931455, -22.8758148 ], [ -42.9934157, -22.8752804 ], [ -42.9932494, -22.8748647 ], [ -42.9920796, -22.8740036 ], [ -42.9916854, -22.87403 ], [ -42.9916434, -22.8740352 ], [ -42.9916268, -22.8740437 ], [ -42.9913391, -22.8744944 ], [ -42.990915, -22.8740257 ], [ -42.9903455, -22.8736859 ], [ -42.9886385, -22.8736463 ], [ -42.987411, -22.8737578 ], [ -42.9868593, -22.87376 ], [ -42.9858377, -22.8735925 ], [ -42.9847126, -22.8730068 ], [ -42.9835704, -22.8718484 ], [ -42.9824347, -22.8744142 ], [ -42.9830413, -22.8746852 ], [ -42.9829564, -22.8748959 ], [ -42.9829478, -22.8749247 ], [ -42.9830184, -22.8749492 ], [ -42.9830336, -22.8750018 ], [ -42.9831244, -22.875281 ], [ -42.9830042, -22.875553 ], [ -42.982764, -22.875526 ], [ -42.9827434, -22.8755799 ], [ -42.982909, -22.8757579 ], [ -42.9827625, -22.8761341 ], [ -42.9825275, -22.8761451 ], [ -42.9825065, -22.8762 ], [ -42.9826751, -22.8764009 ], [ -42.9825423, -22.8767236 ], [ -42.9822932, -22.8767583 ], [ -42.9822773, -22.8768 ], [ -42.9824542, -22.8769448 ], [ -42.9823277, -22.8772576 ], [ -42.982091, -22.8773601 ], [ -42.982091, -22.877404 ], [ -42.9825043, -22.8774766 ], [ -42.983175, -22.8782422 ], [ -42.9832066, -22.8784764 ], [ -42.9832066, -22.8786219 ], [ -42.9831687, -22.878818 ], [ -42.9829409, -22.8792483 ], [ -42.982808, -22.8793559 ], [ -42.9825169, -22.8794318 ], [ -42.9810646, -22.8794851 ], [ -42.9810432, -22.8794803 ], [ -42.981011, -22.8795012 ], [ -42.9806506, -22.8797334 ], [ -42.9807322, -22.8797652 ], [ -42.9809369, -22.8797743 ], [ -42.9809556, -22.8797835 ], [ -42.9813013, -22.8799528 ], [ -42.9818179, -22.8800589 ], [ -42.9818962, -22.8800457 ], [ -42.9821357, -22.879925 ], [ -42.9821971, -22.8798878 ], [ -42.982238, -22.8798823 ], [ -42.9822677, -22.879925 ], [ -42.9822903, -22.8800718 ], [ -42.9823349, -22.8803506 ], [ -42.9823535, -22.8804882 ], [ -42.9828554, -22.8810794 ], [ -42.9830413, -22.8812392 ], [ -42.9834638, -22.8813954 ], [ -42.9835091, -22.8814121 ], [ -42.9835523, -22.881468 ], [ -42.9835765, -22.8815219 ], [ -42.9835951, -22.8815758 ], [ -42.9836065, -22.8818304 ], [ -42.985806, -22.884673 ], [ -42.9858126, -22.8847176 ], [ -42.985791, -22.884778 ], [ -42.9857806, -22.8851604 ], [ -42.9852168, -22.8855203 ], [ -42.9846998, -22.8854652 ], [ -42.9846634, -22.8854543 ], [ -42.9846664, -22.8854708 ], [ -42.9846721, -22.8854949 ], [ -42.9846829, -22.8858937 ], [ -42.9854687, -22.8865325 ], [ -42.9855634, -22.8869235 ], [ -42.9855169, -22.8869542 ], [ -42.9849438, -22.8869209 ], [ -42.9848479, -22.8875088 ], [ -42.9842668, -22.8881054 ], [ -42.9835252, -22.8884833 ], [ -42.9825654, -22.8889724 ], [ -42.9822244, -22.8887174 ], [ -42.9822089, -22.8887256 ], [ -42.9821933, -22.8887338 ], [ -42.9821888, -22.8890986 ], [ -42.9818096, -22.8892468 ], [ -42.9816798, -22.889531 ], [ -42.9816612, -22.8895587 ], [ -42.9817002, -22.8895731 ], [ -42.9818146, -22.8896145 ], [ -42.9819279, -22.8898183 ], [ -42.9820215, -22.8898954 ], [ -42.9819875, -22.88999 ], [ -42.9819655, -22.8900153 ], [ -42.9819512, -22.8900301 ], [ -42.9815793, -22.8904133 ], [ -42.9785247, -22.8894131 ], [ -42.97785, -22.8893481 ], [ -42.9770072, -22.8892943 ], [ -42.974583, -22.8893862 ], [ -42.9737752, -22.8891991 ], [ -42.9730659, -22.8887952 ], [ -42.9718739, -22.8879381 ], [ -42.9715402, -22.8874031 ], [ -42.9708273, -22.8876001 ], [ -42.9708206, -22.887599 ], [ -42.9706978, -22.8876817 ], [ -42.9705715, -22.8877521 ], [ -42.9704665, -22.8877811 ], [ -42.9703481, -22.8878236 ], [ -42.9702453, -22.887875 ], [ -42.9701648, -22.8879521 ], [ -42.9701164, -22.8880313 ], [ -42.9700564, -22.8881383 ], [ -42.9700065, -22.8882642 ], [ -42.9699645, -22.8884082 ], [ -42.9699227, -22.888606 ], [ -42.9699022, -22.8894173 ], [ -42.9696523, -22.8898122 ], [ -42.9696409, -22.8899351 ], [ -42.9696395, -22.890037 ], [ -42.9696485, -22.890091 ], [ -42.9697247, -22.8902747 ], [ -42.9697998, -22.8904356 ], [ -42.9698297, -22.8905507 ], [ -42.9698297, -22.8906479 ], [ -42.9698096, -22.8907328 ], [ -42.9696861, -22.8908953 ], [ -42.9696171, -22.8909303 ], [ -42.9692649, -22.8910076 ], [ -42.9691968, -22.8910066 ], [ -42.9689346, -22.8909309 ], [ -42.9687105, -22.8909281 ], [ -42.9685254, -22.8909173 ], [ -42.9684473, -22.8909164 ], [ -42.9678739, -22.890774 ], [ -42.9676797, -22.8907172 ], [ -42.9674165, -22.8906875 ], [ -42.9672414, -22.8906587 ], [ -42.9670663, -22.8906559 ], [ -42.9668892, -22.8907439 ], [ -42.9668002, -22.8908429 ], [ -42.9666912, -22.8909499 ], [ -42.9664861, -22.8910011 ], [ -42.966281, -22.8910173 ], [ -42.9660759, -22.8910234 ], [ -42.9658618, -22.8910296 ], [ -42.9656086, -22.8910089 ], [ -42.9652964, -22.8909692 ], [ -42.9650691, -22.890874 ], [ -42.9647282, -22.8907474 ], [ -42.9645383, -22.8906889 ], [ -42.9643581, -22.8905964 ], [ -42.9642509, -22.890533 ], [ -42.9641243, -22.8905282 ], [ -42.9639051, -22.8905282 ], [ -42.9636908, -22.890572 ], [ -42.9632086, -22.890611 ], [ -42.9630284, -22.8905964 ], [ -42.9628628, -22.8905477 ], [ -42.9626047, -22.8905379 ], [ -42.9624537, -22.8905574 ], [ -42.962293, -22.8906061 ], [ -42.9621664, -22.8907035 ], [ -42.9620056, -22.8908155 ], [ -42.9618595, -22.8909617 ], [ -42.9617621, -22.8910932 ], [ -42.9616842, -22.8911711 ], [ -42.9615283, -22.8912685 ], [ -42.9613725, -22.8913318 ], [ -42.9611533, -22.8913562 ], [ -42.9610315, -22.8913221 ], [ -42.9607978, -22.8912587 ], [ -42.9605347, -22.8911759 ], [ -42.960262, -22.8910785 ], [ -42.9600428, -22.8910298 ], [ -42.9598772, -22.8910396 ], [ -42.9597019, -22.8910688 ], [ -42.9594632, -22.8911662 ], [ -42.9592343, -22.8912393 ], [ -42.9589811, -22.89121 ], [ -42.9585817, -22.8910639 ], [ -42.9584112, -22.8910201 ], [ -42.9581677, -22.8910055 ], [ -42.9577635, -22.8909617 ], [ -42.957554, -22.8909763 ], [ -42.9574371, -22.8910104 ], [ -42.9573576, -22.8910683 ], [ -42.9572131, -22.8910542 ], [ -42.9571547, -22.8910201 ], [ -42.9570426, -22.890947 ], [ -42.9569501, -22.8908886 ], [ -42.9568235, -22.8908155 ], [ -42.9566579, -22.8907522 ], [ -42.9564192, -22.8907181 ], [ -42.9562, -22.8907425 ], [ -42.9561319, -22.8907376 ], [ -42.9560364, -22.8907418 ], [ -42.9559224, -22.8906986 ], [ -42.9558007, -22.8906694 ], [ -42.9550366, -22.890405 ], [ -42.9547944, -22.8903113 ], [ -42.9545512, -22.8902365 ], [ -42.9542665, -22.890197 ], [ -42.9541909, -22.8902588 ], [ -42.9540046, -22.8901979 ], [ -42.9538671, -22.8899924 ], [ -42.9537453, -22.8899389 ], [ -42.9535797, -22.8899194 ], [ -42.9530878, -22.889934 ], [ -42.9529466, -22.8898804 ], [ -42.9528833, -22.889783 ], [ -42.9528537, -22.8896206 ], [ -42.9528856, -22.8894407 ], [ -42.9529365, -22.8893328 ], [ -42.9529375, -22.8892698 ], [ -42.9528494, -22.8892779 ], [ -42.9527372, -22.889296 ], [ -42.9526167, -22.8893115 ], [ -42.9524539, -22.8892651 ], [ -42.9486633, -22.8910408 ], [ -42.9485223, -22.8911069 ], [ -42.9476432, -22.8915199 ], [ -42.9484511, -22.8917414 ], [ -42.9559724, -22.8938034 ], [ -42.955501, -22.8960334 ], [ -42.9710663, -22.8986905 ], [ -42.9721753, -22.898136 ], [ -42.9736875, -22.8976823 ], [ -42.9747461, -22.8976319 ], [ -42.9755526, -22.897884 ], [ -42.9762223, -22.8981312 ], [ -42.9763718, -22.8981864 ], [ -42.9763745, -22.8981801 ], [ -42.9773446, -22.8984919 ], [ -42.977372, -22.8985007 ], [ -42.9775276, -22.8980572 ], [ -42.9775866, -22.8978898 ], [ -42.9776497, -22.8976032 ], [ -42.9776883, -22.8975467 ], [ -42.9777566, -22.8974918 ], [ -42.977879, -22.8974107 ], [ -42.9779997, -22.8973712 ], [ -42.9780487, -22.8973452 ], [ -42.9780799, -22.8972091 ], [ -42.9780786, -22.8970591 ], [ -42.9780664, -22.8970035 ], [ -42.9780702, -22.8970033 ], [ -42.9780927, -22.8970023 ], [ -42.9815974, -22.8968335 ], [ -42.9817338, -22.8964366 ], [ -42.9815788, -22.8957357 ], [ -42.9859785, -22.8947961 ], [ -42.9860127, -22.8947888 ], [ -42.9860294, -22.8948414 ], [ -42.9861234, -22.8951554 ], [ -42.9865506, -22.8952612 ], [ -42.9866941, -22.8950648 ], [ -42.9867673, -22.8950777 ], [ -42.9867735, -22.8950788 ], [ -42.9867981, -22.8948399 ], [ -42.9868426, -22.8944069 ], [ -42.9868964, -22.8938904 ], [ -42.9869183, -22.8936775 ], [ -42.9869215, -22.8936465 ], [ -42.9869573, -22.8934134 ], [ -42.9869968, -22.8931265 ], [ -42.9870173, -22.8930241 ], [ -42.9870245, -22.8929878 ], [ -42.9870506, -22.8928575 ], [ -42.9870921, -22.8927066 ], [ -42.9871187, -22.89261 ], [ -42.9872156, -22.8923411 ], [ -42.9872945, -22.8921223 ], [ -42.9873056, -22.8921115 ] ] ] } },
{ "type": "Feature", "properties": { "id": 50, "cod_bairro": "3304904051", "nm_bairro": "Sacramento", "area_km2": 3.1276239484137385, "cod_munic": "3304904", "nm_munic": "São Gonçalo", "cod_uf": "33", "sig_uf": "RJ" }, "geometry": { "type": "Polygon", "coordinates": [ [ [ -42.9627373, -22.8480642 ], [ -42.9627424, -22.8479834 ], [ -42.9629321, -22.8464029 ], [ -42.9626937, -22.8461824 ], [ -42.9627263, -22.8461318 ], [ -42.9631725, -22.846048 ], [ -42.9646036, -22.8452008 ], [ -42.9646454, -22.8449544 ], [ -42.9646499, -22.8448959 ], [ -42.9647241, -22.8449184 ], [ -42.9649111, -22.8450282 ], [ -42.9650733, -22.8451555 ], [ -42.965196, -22.8452708 ], [ -42.9653207, -22.8454234 ], [ -42.9654048, -22.8455474 ], [ -42.965486, -22.8456893 ], [ -42.9655684, -22.8458632 ], [ -42.9656372, -22.8461121 ], [ -42.9656627, -22.8462489 ], [ -42.9656794, -22.8464168 ], [ -42.9656684, -22.8467852 ], [ -42.9685495, -22.845199 ], [ -42.9685326, -22.8433752 ], [ -42.9677991, -22.8408045 ], [ -42.9685183, -22.8370477 ], [ -42.9685287, -22.8370096 ], [ -42.9685046, -22.8369731 ], [ -42.9681391, -22.8364807 ], [ -42.9676065, -22.836671 ], [ -42.9673758, -22.8358367 ], [ -42.9670771, -22.8358884 ], [ -42.9667163, -22.8340091 ], [ -42.9663881, -22.8338291 ], [ -42.9663751, -22.8337688 ], [ -42.9665781, -22.8336083 ], [ -42.9665387, -22.833357 ], [ -42.966193, -22.8332799 ], [ -42.9661597, -22.833224 ], [ -42.9661931, -22.8329868 ], [ -42.9660475, -22.8327253 ], [ -42.965646, -22.8326743 ], [ -42.9656014, -22.8326522 ], [ -42.9656134, -22.8326133 ], [ -42.9657851, -22.8324543 ], [ -42.9656737, -22.832308 ], [ -42.9654165, -22.8323552 ], [ -42.9653859, -22.832323 ], [ -42.965369, -22.8320169 ], [ -42.9662218, -22.8311391 ], [ -42.9661723, -22.8306767 ], [ -42.9661689, -22.8306448 ], [ -42.966203, -22.8306752 ], [ -42.9662015, -22.8306431 ], [ -42.9665007, -22.8304926 ], [ -42.9651972, -22.8293809 ], [ -42.9653701, -22.8292356 ], [ -42.9644241, -22.8285157 ], [ -42.9638558, -22.8282307 ], [ -42.9622506, -22.8285066 ], [ -42.9620344, -22.8285434 ], [ -42.9618043, -22.8285396 ], [ -42.9616886, -22.8284975 ], [ -42.9616757, -22.8284928 ], [ -42.9616616, -22.8284863 ], [ -42.9611835, -22.8282951 ], [ -42.9608338, -22.828427 ], [ -42.9607964, -22.8283971 ], [ -42.9607786, -22.828431 ], [ -42.9607704, -22.8284446 ], [ -42.9606672, -22.8286159 ], [ -42.9606585, -22.8286457 ], [ -42.9605439, -22.8290359 ], [ -42.9604572, -22.8293829 ], [ -42.9604546, -22.8298327 ], [ -42.9604526, -22.8301636 ], [ -42.9605159, -22.8308685 ], [ -42.9605716, -22.8315043 ], [ -42.9605883, -22.8316948 ], [ -42.9605292, -22.8321179 ], [ -42.9604854, -22.8324696 ], [ -42.9604168, -22.8331804 ], [ -42.960288, -22.8334753 ], [ -42.9601521, -22.8336519 ], [ -42.9600225, -22.8337661 ], [ -42.9598821, -22.8338377 ], [ -42.9597369, -22.8339084 ], [ -42.9595131, -22.8339584 ], [ -42.9592677, -22.8340134 ], [ -42.9587721, -22.8341322 ], [ -42.9581276, -22.8344018 ], [ -42.9575716, -22.834585 ], [ -42.9572993, -22.834679 ], [ -42.9571477, -22.8347114 ], [ -42.9570156, -22.8346838 ], [ -42.9566339, -22.8345939 ], [ -42.9563696, -22.8345128 ], [ -42.9563267, -22.8344865 ], [ -42.956244, -22.8344357 ], [ -42.9561808, -22.8343969 ], [ -42.9560195, -22.8342924 ], [ -42.9559474, -22.8342519 ], [ -42.9557828, -22.8341319 ], [ -42.9554034, -22.8337486 ], [ -42.9553024, -22.8335357 ], [ -42.95523, -22.8333118 ], [ -42.955219, -22.8331801 ], [ -42.9551723, -22.8329841 ], [ -42.9551351, -22.8328276 ], [ -42.9548984, -22.8324325 ], [ -42.9548024, -22.8323623 ], [ -42.954078, -22.8316053 ], [ -42.9539004, -22.8314216 ], [ -42.9534869, -22.8311231 ], [ -42.9532391, -22.8309857 ], [ -42.9529733, -22.8308947 ], [ -42.9526927, -22.8308842 ], [ -42.9526724, -22.8308903 ], [ -42.9526521, -22.8308964 ], [ -42.9525175, -22.8309368 ], [ -42.9524016, -22.8309917 ], [ -42.9515193, -22.8314619 ], [ -42.9505386, -22.8320098 ], [ -42.9487221, -22.832945 ], [ -42.9484597, -22.8330604 ], [ -42.9479277, -22.8332414 ], [ -42.947759, -22.8332563 ], [ -42.9475424, -22.8332842 ], [ -42.9464931, -22.8335414 ], [ -42.9454532, -22.8337594 ], [ -42.945196, -22.8338004 ], [ -42.9449034, -22.8338601 ], [ -42.9447673, -22.8339011 ], [ -42.9444673, -22.8340036 ], [ -42.9442063, -22.8341191 ], [ -42.9438616, -22.834326 ], [ -42.9435615, -22.8344826 ], [ -42.943377, -22.8345683 ], [ -42.943021, -22.8347807 ], [ -42.9427899, -22.8349131 ], [ -42.9426278, -22.8349839 ], [ -42.9423315, -22.8350659 ], [ -42.9421631, -22.8351324 ], [ -42.9420612, -22.8351777 ], [ -42.9418823, -22.835256 ], [ -42.9416848, -22.8353361 ], [ -42.9414313, -22.8353753 ], [ -42.9412468, -22.8353976 ], [ -42.9408293, -22.8354125 ], [ -42.9401416, -22.8353641 ], [ -42.9396943, -22.8353976 ], [ -42.9393589, -22.8354889 ], [ -42.9391706, -22.8355393 ], [ -42.9390737, -22.835584 ], [ -42.9389961, -22.8356773 ], [ -42.9389526, -22.8357629 ], [ -42.9389172, -22.8358524 ], [ -42.9388855, -22.8359344 ], [ -42.9388482, -22.836022 ], [ -42.9388165, -22.8360928 ], [ -42.9387943, -22.8361711 ], [ -42.9387096, -22.8366028 ], [ -42.938612, -22.8373323 ], [ -42.9386089, -22.8373654 ], [ -42.938605, -22.8374069 ], [ -42.9386218, -22.8374061 ], [ -42.938784, -22.8373982 ], [ -42.9389443, -22.8373234 ], [ -42.9390351, -22.8372753 ], [ -42.9391473, -22.8372325 ], [ -42.9392248, -22.8372352 ], [ -42.9392862, -22.837286 ], [ -42.9393877, -22.8373661 ], [ -42.9394786, -22.8374382 ], [ -42.939556, -22.8375464 ], [ -42.939703, -22.8375451 ], [ -42.9398093, -22.8375363 ], [ -42.9399324, -22.8375252 ], [ -42.9400308, -22.8375104 ], [ -42.9400579, -22.837487 ], [ -42.9400558, -22.837468 ], [ -42.9400481, -22.837396 ], [ -42.9401194, -22.8373135 ], [ -42.9402499, -22.8372421 ], [ -42.9403767, -22.8372384 ], [ -42.9405342, -22.837247 ], [ -42.9406326, -22.8373197 ], [ -42.9407471, -22.8373984 ], [ -42.9407705, -22.8374046 ], [ -42.9408437, -22.8374556 ], [ -42.9411269, -22.8376373 ], [ -42.941223, -22.8376907 ], [ -42.9413299, -22.8377067 ], [ -42.9414635, -22.8377228 ], [ -42.9416184, -22.8377869 ], [ -42.9417199, -22.8378082 ], [ -42.9418535, -22.8378403 ], [ -42.941971, -22.8378724 ], [ -42.9420245, -22.8379098 ], [ -42.9421246, -22.8379304 ], [ -42.9422047, -22.8379341 ], [ -42.9422793, -22.8378857 ], [ -42.9422923, -22.8378596 ], [ -42.942311, -22.8377794 ], [ -42.9423147, -22.8377384 ], [ -42.942324, -22.8376862 ], [ -42.9423613, -22.8376173 ], [ -42.9424172, -22.8375204 ], [ -42.9424768, -22.8374421 ], [ -42.9425402, -22.8374011 ], [ -42.9425457, -22.8374001 ], [ -42.9426446, -22.8373825 ], [ -42.9428477, -22.8374533 ], [ -42.943232, -22.8376106 ], [ -42.9433816, -22.8377121 ], [ -42.9434617, -22.8377228 ], [ -42.9435472, -22.8377869 ], [ -42.9436167, -22.8378243 ], [ -42.9436968, -22.8379044 ], [ -42.9437983, -22.8379578 ], [ -42.9438624, -22.8379952 ], [ -42.943996, -22.838038 ], [ -42.9440281, -22.8381128 ], [ -42.943964, -22.8382196 ], [ -42.9440815, -22.8383319 ], [ -42.9441563, -22.8384654 ], [ -42.9442471, -22.8386043 ], [ -42.9443273, -22.8386631 ], [ -42.9443914, -22.8388074 ], [ -42.9444395, -22.8389035 ], [ -42.9444982, -22.838973 ], [ -42.9446158, -22.8390745 ], [ -42.9446959, -22.8392081 ], [ -42.944712, -22.8393096 ], [ -42.9446853, -22.8394859 ], [ -42.9446314, -22.8396508 ], [ -42.9446104, -22.8397318 ], [ -42.9445705, -22.8398307 ], [ -42.9444608, -22.839908 ], [ -42.9443486, -22.8399828 ], [ -42.9442418, -22.8400469 ], [ -42.9441349, -22.8401431 ], [ -42.9440067, -22.8402072 ], [ -42.9438945, -22.8403301 ], [ -42.9438144, -22.8404316 ], [ -42.9438195, -22.8405168 ], [ -42.9438785, -22.8406079 ], [ -42.9439372, -22.8406614 ], [ -42.9440441, -22.8407415 ], [ -42.9440922, -22.8408217 ], [ -42.9441349, -22.8409071 ], [ -42.9441476, -22.8409799 ], [ -42.9453732, -22.8407757 ], [ -42.9459667, -22.8409874 ], [ -42.945992, -22.8410119 ], [ -42.9460045, -22.8409836 ], [ -42.9462602, -22.840434 ], [ -42.9512831, -22.8392481 ], [ -42.9528817, -22.8399567 ], [ -42.9532803, -22.8397322 ], [ -42.9533089, -22.839716 ], [ -42.9533121, -22.8397493 ], [ -42.953332, -22.8399568 ], [ -42.9537074, -22.8410501 ], [ -42.9539238, -22.8415119 ], [ -42.9538511, -22.8417448 ], [ -42.9538842, -22.841797 ], [ -42.9540499, -22.8417727 ], [ -42.954322, -22.8420167 ], [ -42.9543094, -22.84219 ], [ -42.9543331, -22.842207 ], [ -42.9544957, -22.8421481 ], [ -42.954918, -22.842439 ], [ -42.9548599, -22.842569 ], [ -42.9548889, -22.8425906 ], [ -42.9550864, -22.8425489 ], [ -42.9554247, -22.8427815 ], [ -42.9553838, -22.8429246 ], [ -42.9554198, -22.8429547 ], [ -42.9555983, -22.8428941 ], [ -42.9560601, -22.8432467 ], [ -42.9560837, -22.8434005 ], [ -42.9561239, -22.8434465 ], [ -42.9562784, -22.8433766 ], [ -42.9567056, -22.8436537 ], [ -42.9567203, -22.8438489 ], [ -42.9567528, -22.8438997 ], [ -42.9567776, -22.8439097 ], [ -42.9569628, -22.8438877 ], [ -42.9574828, -22.8439077 ], [ -42.9579463, -22.8438576 ], [ -42.9587469, -22.8435651 ], [ -42.9587639, -22.8436932 ], [ -42.9587653, -22.8437037 ], [ -42.95877, -22.8437394 ], [ -42.9587471, -22.8437989 ], [ -42.9585277, -22.8440304 ], [ -42.9586585, -22.8446217 ], [ -42.9589822, -22.8447176 ], [ -42.9590118, -22.8447273 ], [ -42.9590174, -22.8447453 ], [ -42.9590117, -22.8447475 ], [ -42.959024, -22.8447618 ], [ -42.959011, -22.8447821 ], [ -42.9588884, -22.8451275 ], [ -42.9593393, -22.8458039 ], [ -42.9597062, -22.8458091 ], [ -42.959734, -22.8458069 ], [ -42.9597368, -22.8458176 ], [ -42.9597408, -22.8458147 ], [ -42.9597512, -22.8458219 ], [ -42.9597482, -22.8458416 ], [ -42.9597871, -22.8462045 ], [ -42.9604344, -22.8465873 ], [ -42.9613182, -22.8474711 ], [ -42.9616564, -22.8473356 ], [ -42.9616701, -22.847331 ], [ -42.961691, -22.8473439 ], [ -42.9616903, -22.8473479 ], [ -42.9617077, -22.8473603 ], [ -42.9617889, -22.8475969 ], [ -42.9618623, -22.8478083 ], [ -42.9619494, -22.8480194 ], [ -42.9620868, -22.8481233 ], [ -42.9625998, -22.8484176 ], [ -42.9626835, -22.8481425 ], [ -42.9627101, -22.8481145 ], [ -42.9627373, -22.8480642 ] ] ] } },
{ "type": "Feature", "properties": { "id": 51, "cod_bairro": "3304904052", "nm_bairro": "Santa Izabel", "area_km2": 22.27746922510881, "cod_munic": "3304904", "nm_munic": "São Gonçalo", "cod_uf": "33", "sig_uf": "RJ" }, "geometry": { "type": "Polygon", "coordinates": [ [ [ -42.9403221, -22.8630971 ], [ -42.9405947, -22.8632914 ], [ -42.941033, -22.8628756 ], [ -42.941505, -22.8633082 ], [ -42.9405161, -22.8652524 ], [ -42.9414713, -22.865702 ], [ -42.9416287, -22.8653761 ], [ -42.9418085, -22.8654323 ], [ -42.9422187, -22.8656233 ], [ -42.9423985, -22.864949 ], [ -42.9430053, -22.8651794 ], [ -42.9433593, -22.8643871 ], [ -42.9436178, -22.8645107 ], [ -42.9452586, -22.8658537 ], [ -42.9455639, -22.8656497 ], [ -42.9456105, -22.8656914 ], [ -42.9461352, -22.8663313 ], [ -42.9470456, -22.8662503 ], [ -42.9480194, -22.865669 ], [ -42.9487897, -22.8649713 ], [ -42.9489804, -22.8647036 ], [ -42.9489096, -22.8635093 ], [ -42.9504783, -22.863155 ], [ -42.9504885, -22.8620113 ], [ -42.9516726, -22.8627198 ], [ -42.9525532, -22.8622644 ], [ -42.9521888, -22.8605842 ], [ -42.95229, -22.8605438 ], [ -42.9532212, -22.8606551 ], [ -42.953373, -22.8608778 ], [ -42.9542232, -22.8611409 ], [ -42.9549114, -22.8618393 ], [ -42.9544776, -22.8623775 ], [ -42.9548648, -22.8626605 ], [ -42.9554927, -22.8619239 ], [ -42.9555024, -22.8619126 ], [ -42.9554999, -22.8619101 ], [ -42.9555416, -22.8619091 ], [ -42.9561936, -22.8619702 ], [ -42.9568413, -22.8615091 ], [ -42.9578127, -22.8606968 ], [ -42.9597377, -22.8587718 ], [ -42.9603212, -22.8576567 ], [ -42.9602706, -22.8565155 ], [ -42.9600078, -22.8560612 ], [ -42.9590174, -22.8552577 ], [ -42.9546176, -22.8526295 ], [ -42.9541384, -22.8528841 ], [ -42.9540812, -22.8528682 ], [ -42.9538982, -22.8525751 ], [ -42.9531765, -22.8524525 ], [ -42.9529178, -22.8523504 ], [ -42.9523322, -22.8517761 ], [ -42.9519402, -22.8514626 ], [ -42.9514609, -22.8509888 ], [ -42.9512495, -22.8508249 ], [ -42.9510196, -22.8507595 ], [ -42.9503648, -22.8506892 ], [ -42.950022, -22.8505381 ], [ -42.9499838, -22.8505149 ], [ -42.9499658, -22.850481 ], [ -42.9498022, -22.8502305 ], [ -42.9493709, -22.8503891 ], [ -42.9487755, -22.8505231 ], [ -42.9483811, -22.8506487 ], [ -42.9481966, -22.8506899 ], [ -42.947864, -22.8508771 ], [ -42.947436, -22.8510559 ], [ -42.947096, -22.8512255 ], [ -42.9465322, -22.8516471 ], [ -42.9464354, -22.8515935 ], [ -42.9462266, -22.8516374 ], [ -42.9461664, -22.8513179 ], [ -42.9450757, -22.8508825 ], [ -42.9448732, -22.8510158 ], [ -42.9448669, -22.8509785 ], [ -42.9448616, -22.8508877 ], [ -42.9448349, -22.8508236 ], [ -42.944794, -22.8507222 ], [ -42.9447494, -22.8506206 ], [ -42.9447707, -22.8505297 ], [ -42.9448509, -22.8503908 ], [ -42.9450325, -22.8502947 ], [ -42.9452035, -22.8502626 ], [ -42.9453691, -22.8503 ], [ -42.9454707, -22.850284 ], [ -42.9455935, -22.8502786 ], [ -42.9457137, -22.8502577 ], [ -42.9457805, -22.8502412 ], [ -42.9458447, -22.8502038 ], [ -42.9458874, -22.8501611 ], [ -42.9459462, -22.8500649 ], [ -42.9459622, -22.8499794 ], [ -42.9459635, -22.8498873 ], [ -42.9459191, -22.849771 ], [ -42.9458529, -22.8496252 ], [ -42.9457768, -22.8494894 ], [ -42.9456897, -22.849365 ], [ -42.9456416, -22.8492207 ], [ -42.9456363, -22.8491459 ], [ -42.9456042, -22.8490765 ], [ -42.9455668, -22.8490017 ], [ -42.945492, -22.8489616 ], [ -42.9454012, -22.8489643 ], [ -42.9452984, -22.8489576 ], [ -42.9451902, -22.8489255 ], [ -42.9451263, -22.8488891 ], [ -42.9450947, -22.8488335 ], [ -42.9450877, -22.848802 ], [ -42.9450809, -22.8487506 ], [ -42.9451087, -22.8486971 ], [ -42.9451234, -22.8486824 ], [ -42.9451715, -22.848657 ], [ -42.9451277, -22.8484888 ], [ -42.9451156, -22.8484423 ], [ -42.9451541, -22.8483538 ], [ -42.9451795, -22.8482897 ], [ -42.9452276, -22.8482403 ], [ -42.9453104, -22.8482269 ], [ -42.9453678, -22.8481855 ], [ -42.9453691, -22.8481308 ], [ -42.9454279, -22.8480453 ], [ -42.9454667, -22.8479411 ], [ -42.9455321, -22.8478636 ], [ -42.9456243, -22.8478022 ], [ -42.945671, -22.8477167 ], [ -42.9456096, -22.8476232 ], [ -42.9455561, -22.8475377 ], [ -42.9454947, -22.8474495 ], [ -42.9454733, -22.8474028 ], [ -42.945448, -22.8473627 ], [ -42.9454279, -22.8472866 ], [ -42.9453959, -22.8472118 ], [ -42.9453852, -22.847121 ], [ -42.9453531, -22.8470088 ], [ -42.9452837, -22.8469072 ], [ -42.9452249, -22.8467897 ], [ -42.9450913, -22.8466775 ], [ -42.9449577, -22.8465974 ], [ -42.9448402, -22.8465172 ], [ -42.944712, -22.8464264 ], [ -42.9445837, -22.8463302 ], [ -42.9444662, -22.8462127 ], [ -42.944354, -22.8461539 ], [ -42.9442275, -22.8460607 ], [ -42.9442084, -22.8459968 ], [ -42.9442031, -22.8459148 ], [ -42.9441643, -22.845868 ], [ -42.9441309, -22.8457826 ], [ -42.9441189, -22.8456784 ], [ -42.9440548, -22.8455608 ], [ -42.9439746, -22.8454219 ], [ -42.9439172, -22.8453338 ], [ -42.9438678, -22.8451868 ], [ -42.9437502, -22.8451013 ], [ -42.943622, -22.8449945 ], [ -42.9434742, -22.8449793 ], [ -42.9434581, -22.8449572 ], [ -42.9433199, -22.8449108 ], [ -42.9432251, -22.8448547 ], [ -42.9431784, -22.8447893 ], [ -42.9431423, -22.8446917 ], [ -42.9431623, -22.8446089 ], [ -42.9432024, -22.8445448 ], [ -42.9432841, -22.8444459 ], [ -42.9433, -22.844372 ], [ -42.9433251, -22.8443108 ], [ -42.9433721, -22.8442552 ], [ -42.9434831, -22.8441543 ], [ -42.9435432, -22.8440728 ], [ -42.9435646, -22.8439847 ], [ -42.9435856, -22.8438971 ], [ -42.9435866, -22.8438332 ], [ -42.9436175, -22.8437163 ], [ -42.9436474, -22.8436507 ], [ -42.9436581, -22.8435172 ], [ -42.9436713, -22.8433835 ], [ -42.9436823, -22.8433206 ], [ -42.9436923, -22.8432666 ], [ -42.9437102, -22.8431605 ], [ -42.9437716, -22.8431031 ], [ -42.9438518, -22.8430229 ], [ -42.9439052, -22.8429882 ], [ -42.9439693, -22.8430016 ], [ -42.9440494, -22.8429321 ], [ -42.9441563, -22.8428413 ], [ -42.9442792, -22.8427504 ], [ -42.9444074, -22.8426382 ], [ -42.9445213, -22.8425455 ], [ -42.9445822, -22.8423656 ], [ -42.9445941, -22.8422486 ], [ -42.9445929, -22.842044 ], [ -42.9445998, -22.8419383 ], [ -42.9445143, -22.8418475 ], [ -42.9444876, -22.8417834 ], [ -42.9444982, -22.8417193 ], [ -42.9444822, -22.8416391 ], [ -42.9444288, -22.8415483 ], [ -42.9444128, -22.8414094 ], [ -42.9443006, -22.8413239 ], [ -42.9442044, -22.8411743 ], [ -42.9441563, -22.84103 ], [ -42.9441476, -22.8409799 ], [ -42.9441349, -22.8409071 ], [ -42.9440922, -22.8408217 ], [ -42.9440441, -22.8407415 ], [ -42.9439372, -22.8406614 ], [ -42.9438785, -22.8406079 ], [ -42.9438195, -22.8405168 ], [ -42.9438144, -22.8404316 ], [ -42.9438945, -22.8403301 ], [ -42.9440067, -22.8402072 ], [ -42.9441349, -22.8401431 ], [ -42.9442418, -22.8400469 ], [ -42.9443486, -22.8399828 ], [ -42.9444608, -22.839908 ], [ -42.9445705, -22.8398307 ], [ -42.9446104, -22.8397318 ], [ -42.9446314, -22.8396508 ], [ -42.9446853, -22.8394859 ], [ -42.944712, -22.8393096 ], [ -42.9446959, -22.8392081 ], [ -42.9446158, -22.8390745 ], [ -42.9444982, -22.838973 ], [ -42.9444395, -22.8389035 ], [ -42.9443914, -22.8388074 ], [ -42.9443273, -22.8386631 ], [ -42.9442471, -22.8386043 ], [ -42.9441563, -22.8384654 ], [ -42.9440815, -22.8383319 ], [ -42.943964, -22.8382196 ], [ -42.9440281, -22.8381128 ], [ -42.943996, -22.838038 ], [ -42.9438624, -22.8379952 ], [ -42.9437983, -22.8379578 ], [ -42.9436968, -22.8379044 ], [ -42.9436167, -22.8378243 ], [ -42.9435472, -22.8377869 ], [ -42.9434617, -22.8377228 ], [ -42.9433816, -22.8377121 ], [ -42.943232, -22.8376106 ], [ -42.9428477, -22.8374533 ], [ -42.9426446, -22.8373825 ], [ -42.9425457, -22.8374001 ], [ -42.9425402, -22.8374011 ], [ -42.9424768, -22.8374421 ], [ -42.9424172, -22.8375204 ], [ -42.9423613, -22.8376173 ], [ -42.942324, -22.8376862 ], [ -42.9423147, -22.8377384 ], [ -42.942311, -22.8377794 ], [ -42.9422923, -22.8378596 ], [ -42.9422793, -22.8378857 ], [ -42.9422047, -22.8379341 ], [ -42.9421246, -22.8379304 ], [ -42.9420245, -22.8379098 ], [ -42.941971, -22.8378724 ], [ -42.9418535, -22.8378403 ], [ -42.9417199, -22.8378082 ], [ -42.9416184, -22.8377869 ], [ -42.9414635, -22.8377228 ], [ -42.9413299, -22.8377067 ], [ -42.941223, -22.8376907 ], [ -42.9411269, -22.8376373 ], [ -42.9408437, -22.8374556 ], [ -42.9407705, -22.8374046 ], [ -42.9407471, -22.8373984 ], [ -42.9406326, -22.8373197 ], [ -42.9405342, -22.837247 ], [ -42.9403767, -22.8372384 ], [ -42.9402499, -22.8372421 ], [ -42.9401194, -22.8373135 ], [ -42.9400481, -22.837396 ], [ -42.9400558, -22.837468 ], [ -42.9400579, -22.837487 ], [ -42.9400308, -22.8375104 ], [ -42.9399324, -22.8375252 ], [ -42.9398093, -22.8375363 ], [ -42.939703, -22.8375451 ], [ -42.939556, -22.8375464 ], [ -42.9394786, -22.8374382 ], [ -42.9393877, -22.8373661 ], [ -42.9392862, -22.837286 ], [ -42.9392248, -22.8372352 ], [ -42.9391473, -22.8372325 ], [ -42.9390351, -22.8372753 ], [ -42.9389443, -22.8373234 ], [ -42.938784, -22.8373982 ], [ -42.9386218, -22.8374061 ], [ -42.938605, -22.8374069 ], [ -42.9385482, -22.8376381 ], [ -42.9385357, -22.8376874 ], [ -42.9383897, -22.8376754 ], [ -42.9383242, -22.83767 ], [ -42.9380641, -22.8376485 ], [ -42.9379228, -22.8376011 ], [ -42.9376252, -22.8375171 ], [ -42.9370532, -22.8373267 ], [ -42.9368083, -22.8373008 ], [ -42.9367341, -22.8372973 ], [ -42.936522, -22.8372735 ], [ -42.9363178, -22.8372506 ], [ -42.9358648, -22.8372007 ], [ -42.9355391, -22.8371643 ], [ -42.9354723, -22.8371568 ], [ -42.934855, -22.8370825 ], [ -42.9343083, -22.8370166 ], [ -42.9339506, -22.8369451 ], [ -42.9336811, -22.8369316 ], [ -42.9333834, -22.8368971 ], [ -42.9331029, -22.8368725 ], [ -42.9329355, -22.8368541 ], [ -42.9327928, -22.836859 ], [ -42.9324528, -22.83687 ], [ -42.9322025, -22.8369505 ], [ -42.931954, -22.8370881 ], [ -42.9317824, -22.8371918 ], [ -42.9316108, -22.8372651 ], [ -42.9313802, -22.8373241 ], [ -42.9311728, -22.8373598 ], [ -42.9309172, -22.8374009 ], [ -42.9306455, -22.8374099 ], [ -42.9300824, -22.8374009 ], [ -42.9297463, -22.8374188 ], [ -42.9295908, -22.8374689 ], [ -42.9292816, -22.8376423 ], [ -42.9290195, -22.8378026 ], [ -42.9287513, -22.8379798 ], [ -42.9285175, -22.8381348 ], [ -42.9281681, -22.8383796 ], [ -42.9277449, -22.8386848 ], [ -42.9275801, -22.8388139 ], [ -42.9272762, -22.8390428 ], [ -42.9270818, -22.8391658 ], [ -42.9268283, -22.8393024 ], [ -42.9265294, -22.8394845 ], [ -42.9263473, -22.8395017 ], [ -42.9261209, -22.8395287 ], [ -42.925523, -22.8396038 ], [ -42.9251232, -22.8396444 ], [ -42.9246975, -22.839685 ], [ -42.9243148, -22.8397268 ], [ -42.9238523, -22.8398117 ], [ -42.9237341, -22.8398376 ], [ -42.9234942, -22.8398892 ], [ -42.9233909, -22.83992 ], [ -42.9231128, -22.84 ], [ -42.9228471, -22.8401168 ], [ -42.9227302, -22.8401648 ], [ -42.9223611, -22.84031 ], [ -42.9220388, -22.840449 ], [ -42.9218998, -22.8405031 ], [ -42.9218456, -22.8405339 ], [ -42.9217866, -22.8405696 ], [ -42.9216869, -22.8407677 ], [ -42.9215048, -22.8410432 ], [ -42.9213917, -22.8412032 ], [ -42.9212254, -22.84142 ], [ -42.9208018, -22.8419182 ], [ -42.9206898, -22.8420448 ], [ -42.9205275, -22.842285 ], [ -42.9204123, -22.8424311 ], [ -42.9202679, -22.8426015 ], [ -42.9199952, -22.8430121 ], [ -42.9198491, -22.8432751 ], [ -42.9197696, -22.8434293 ], [ -42.9196654, -22.8437924 ], [ -42.9195326, -22.8442538 ], [ -42.9194142, -22.8445362 ], [ -42.9191772, -22.8449922 ], [ -42.9189987, -22.8452779 ], [ -42.9187779, -22.8455668 ], [ -42.9186741, -22.8457128 ], [ -42.9185994, -22.8458264 ], [ -42.918519, -22.8459927 ], [ -42.9185229, -22.8462417 ], [ -42.9184989, -22.8462517 ], [ -42.9179416, -22.8463776 ], [ -42.9181301, -22.8475549 ], [ -42.91837, -22.8499063 ], [ -42.9182741, -22.8508021 ], [ -42.9180181, -22.8518578 ], [ -42.9179221, -22.8528655 ], [ -42.9181781, -22.8537133 ], [ -42.9187539, -22.8552329 ], [ -42.919213, -22.8558308 ], [ -42.9197699, -22.8559493 ], [ -42.920113, -22.8560108 ], [ -42.9205454, -22.8561766 ], [ -42.9208974, -22.8563206 ], [ -42.9213302, -22.8570651 ], [ -42.9230018, -22.8579504 ], [ -42.9230709, -22.8579856 ], [ -42.9228755, -22.8579533 ], [ -42.9226087, -22.8578961 ], [ -42.9218498, -22.857768 ], [ -42.9207182, -22.8575596 ], [ -42.9194604, -22.8573207 ], [ -42.9181835, -22.8570932 ], [ -42.9173367, -22.8569575 ], [ -42.916142, -22.8567243 ], [ -42.9147007, -22.8564548 ], [ -42.9144751, -22.8564012 ], [ -42.913982, -22.8562407 ], [ -42.9131237, -22.8559176 ], [ -42.9122718, -22.8555952 ], [ -42.9118818, -22.8554229 ], [ -42.9116901, -22.8553157 ], [ -42.9113472, -22.8551028 ], [ -42.9110368, -22.8548282 ], [ -42.9108224, -22.8546348 ], [ -42.9105201, -22.8544626 ], [ -42.9102341, -22.8542903 ], [ -42.9099887, -22.8541831 ], [ -42.9096703, -22.8540628 ], [ -42.9093306, -22.8539897 ], [ -42.908835, -22.8539686 ], [ -42.908575, -22.85398 ], [ -42.9083459, -22.854006 ], [ -42.908211, -22.8540157 ], [ -42.9081282, -22.8539751 ], [ -42.9079007, -22.8538207 ], [ -42.9076358, -22.8536696 ], [ -42.907444, -22.8535445 ], [ -42.9072149, -22.8534145 ], [ -42.9071223, -22.8533121 ], [ -42.9069533, -22.8531382 ], [ -42.9068997, -22.8530131 ], [ -42.9067957, -22.8527791 ], [ -42.9067096, -22.8526036 ], [ -42.9065828, -22.8523469 ], [ -42.9063894, -22.8519813 ], [ -42.9061067, -22.8515279 ], [ -42.9059556, -22.8512923 ], [ -42.9058045, -22.8510355 ], [ -42.9056468, -22.8507203 ], [ -42.905551, -22.8504928 ], [ -42.9053917, -22.8502393 ], [ -42.9053088, -22.8500865 ], [ -42.9051528, -22.8498233 ], [ -42.9050196, -22.8496283 ], [ -42.9048782, -22.8494089 ], [ -42.9047531, -22.8492204 ], [ -42.9046524, -22.8490563 ], [ -42.9045662, -22.8489101 ], [ -42.9044752, -22.8487476 ], [ -42.9041454, -22.8484648 ], [ -42.9037391, -22.8481415 ], [ -42.903536, -22.8479871 ], [ -42.9032825, -22.8477807 ], [ -42.9030761, -22.8476101 ], [ -42.9028389, -22.8474622 ], [ -42.9025659, -22.8473078 ], [ -42.9020914, -22.8471697 ], [ -42.9018282, -22.8469227 ], [ -42.9015503, -22.8466562 ], [ -42.9013683, -22.846432 ], [ -42.9011798, -22.8461882 ], [ -42.9010222, -22.8459088 ], [ -42.9008824, -22.84573 ], [ -42.9008882, -22.845722 ], [ -42.9007232, -22.8456893 ], [ -42.9003809, -22.8457102 ], [ -42.8997147, -22.8455224 ], [ -42.8983673, -22.8451547 ], [ -42.8976771, -22.844887 ], [ -42.8971417, -22.8446499 ], [ -42.8967493, -22.8444328 ], [ -42.8962442, -22.843815 ], [ -42.8961983, -22.8436063 ], [ -42.8961453, -22.8432279 ], [ -42.8961271, -22.8423271 ], [ -42.8960766, -22.8420407 ], [ -42.8960431, -22.8419256 ], [ -42.8960353, -22.8419454 ], [ -42.8960233, -22.841976 ], [ -42.8957639, -22.8426368 ], [ -42.8922197, -22.8516644 ], [ -42.8867643, -22.86556 ], [ -42.8859505, -22.8676329 ], [ -42.8869242, -22.8682801 ], [ -42.8873569, -22.8686571 ], [ -42.8877895, -22.869034 ], [ -42.8885647, -22.8694706 ], [ -42.890144, -22.8697827 ], [ -42.8913048, -22.8699796 ], [ -42.8922919, -22.870147 ], [ -42.8933635, -22.8703833 ], [ -42.8942363, -22.8706702 ], [ -42.8950731, -22.8711245 ], [ -42.8959003, -22.871661 ], [ -42.8963899, -22.8720776 ], [ -42.897873, -22.8733395 ], [ -42.8989613, -22.8745909 ], [ -42.8995204, -22.8755121 ], [ -42.9001742, -22.8766084 ], [ -42.900955, -22.8775683 ], [ -42.9012898, -22.8777357 ], [ -42.9016843, -22.8778194 ], [ -42.9021989, -22.877855 ], [ -42.9027722, -22.8779389 ], [ -42.9038977, -22.878413 ], [ -42.9048883, -22.8790029 ], [ -42.9055697, -22.8793736 ], [ -42.906024, -22.8794692 ], [ -42.9064544, -22.8793736 ], [ -42.9068994, -22.8790853 ], [ -42.9080564, -22.8783813 ], [ -42.9084862, -22.8781151 ], [ -42.9087498, -22.8780226 ], [ -42.9090431, -22.8780928 ], [ -42.9099333, -22.878728 ], [ -42.9102681, -22.8788714 ], [ -42.9107224, -22.8789193 ], [ -42.9117172, -22.878815 ], [ -42.9124905, -22.8790018 ], [ -42.9148459, -22.8798572 ], [ -42.9153776, -22.8800345 ], [ -42.9171939, -22.8809461 ], [ -42.9180094, -22.8813554 ], [ -42.9198132, -22.8817752 ], [ -42.9209346, -22.8818772 ], [ -42.9220922, -22.8817535 ], [ -42.9230982, -22.8821417 ], [ -42.9235887, -22.8823308 ], [ -42.9241336, -22.8825408 ], [ -42.9247612, -22.8824556 ], [ -42.925602, -22.8821666 ], [ -42.9268537, -22.8821447 ], [ -42.9271747, -22.8822581 ], [ -42.9273732, -22.8823283 ], [ -42.9281144, -22.8827638 ], [ -42.9282664, -22.8828531 ], [ -42.9286547, -22.8831944 ], [ -42.9291213, -22.883522 ], [ -42.9302929, -22.8844306 ], [ -42.9309384, -22.8849327 ], [ -42.9317872, -22.8853924 ], [ -42.9335925, -22.8863195 ], [ -42.9339969, -22.886497 ], [ -42.9345728, -22.8867498 ], [ -42.9347349, -22.8868236 ], [ -42.9348003, -22.8865806 ], [ -42.9348767, -22.8863332 ], [ -42.9349531, -22.8860858 ], [ -42.9351768, -22.8854662 ], [ -42.9357522, -22.8841468 ], [ -42.9362067, -22.8830153 ], [ -42.9363176, -22.8827555 ], [ -42.9365552, -22.881892 ], [ -42.9368755, -22.8806238 ], [ -42.9369703, -22.8801471 ], [ -42.9370112, -22.8800032 ], [ -42.9371568, -22.8793646 ], [ -42.9373425, -22.878681 ], [ -42.9373472, -22.8783203 ], [ -42.937411, -22.8779416 ], [ -42.9374458, -22.8775729 ], [ -42.9375524, -22.8769693 ], [ -42.9376452, -22.8765915 ], [ -42.937749, -22.8761958 ], [ -42.9377529, -22.875934 ], [ -42.9378047, -22.8756912 ], [ -42.9378575, -22.8753764 ], [ -42.9379584, -22.8751335 ], [ -42.9380303, -22.8749186 ], [ -42.9381203, -22.8747837 ], [ -42.9382002, -22.8746227 ], [ -42.9382012, -22.8745328 ], [ -42.9381851, -22.874352 ], [ -42.9381479, -22.8741801 ], [ -42.9382188, -22.8739912 ], [ -42.9383578, -22.8738662 ], [ -42.9388635, -22.8733875 ], [ -42.9390683, -22.8731933 ], [ -42.9391988, -22.8730292 ], [ -42.9392608, -22.872929 ], [ -42.93928, -22.8728467 ], [ -42.9392555, -22.872761 ], [ -42.9391908, -22.8726612 ], [ -42.9390683, -22.872558 ], [ -42.93893, -22.8724547 ], [ -42.938748, -22.8723287 ], [ -42.9386124, -22.8721657 ], [ -42.938594, -22.8719944 ], [ -42.9386307, -22.8718579 ], [ -42.93872, -22.8716146 ], [ -42.938804, -22.8714746 ], [ -42.938874, -22.8713836 ], [ -42.9391306, -22.8711072 ], [ -42.9394061, -22.8707833 ], [ -42.9395303, -22.8706993 ], [ -42.9396948, -22.8706626 ], [ -42.9399678, -22.8706153 ], [ -42.9400921, -22.8705733 ], [ -42.9403109, -22.870274 ], [ -42.9403945, -22.8701075 ], [ -42.9404806, -22.8698645 ], [ -42.9405843, -22.8695719 ], [ -42.9406119, -22.8694602 ], [ -42.9406101, -22.869287 ], [ -42.9405139, -22.8690577 ], [ -42.9403459, -22.8688214 ], [ -42.9400779, -22.8684393 ], [ -42.9400046, -22.8680864 ], [ -42.9398611, -22.8675088 ], [ -42.9397963, -22.8672498 ], [ -42.9396966, -22.8669558 ], [ -42.9396178, -22.866681 ], [ -42.9396003, -22.866345 ], [ -42.9395916, -22.866051 ], [ -42.9396341, -22.86579 ], [ -42.9396563, -22.8656747 ], [ -42.9397193, -22.8655697 ], [ -42.9398506, -22.8653772 ], [ -42.9400134, -22.8652109 ], [ -42.9400659, -22.8651304 ], [ -42.9401129, -22.8650462 ], [ -42.9401376, -22.8649501 ], [ -42.9401166, -22.8648451 ], [ -42.9400116, -22.8646684 ], [ -42.9399363, -22.8645616 ], [ -42.9399031, -22.8644951 ], [ -42.9398646, -22.8642956 ], [ -42.9398401, -22.8640733 ], [ -42.9398278, -22.863963 ], [ -42.9398331, -22.863844 ], [ -42.9399013, -22.863648 ], [ -42.9399678, -22.863536 ], [ -42.9400501, -22.863403 ], [ -42.9402534, -22.86312 ], [ -42.9402681, -22.8629976 ], [ -42.9403221, -22.8630971 ] ] ] } },
{ "type": "Feature", "properties": { "id": 52, "cod_bairro": "3304904053", "nm_bairro": "Tiradentes", "area_km2": 0.18160121425134013, "cod_munic": "3304904", "nm_munic": "São Gonçalo", "cod_uf": "33", "sig_uf": "RJ" }, "geometry": { "type": "Polygon", "coordinates": [ [ [ -42.9728758, -22.8310339 ], [ -42.9730476, -22.8311612 ], [ -42.9750797, -22.830793 ], [ -42.9765273, -22.8305307 ], [ -42.9766487, -22.8305663 ], [ -42.9766963, -22.8305793 ], [ -42.9766801, -22.8304062 ], [ -42.9766579, -22.8303838 ], [ -42.9764366, -22.8302996 ], [ -42.9764074, -22.8301126 ], [ -42.9766211, -22.8299732 ], [ -42.9766235, -22.8299182 ], [ -42.9763887, -22.8298385 ], [ -42.9763586, -22.8296581 ], [ -42.9765829, -22.8295387 ], [ -42.97657, -22.8294858 ], [ -42.9762953, -22.8294026 ], [ -42.9762704, -22.8292531 ], [ -42.9764719, -22.8291128 ], [ -42.9764504, -22.829059 ], [ -42.9761832, -22.8289729 ], [ -42.9760901, -22.8285482 ], [ -42.9762853, -22.8284306 ], [ -42.9762785, -22.828403 ], [ -42.9762706, -22.8283713 ], [ -42.9759839, -22.8282816 ], [ -42.9759029, -22.8279515 ], [ -42.9761255, -22.8277949 ], [ -42.9761049, -22.8277449 ], [ -42.9759029, -22.8276588 ], [ -42.9758219, -22.8273603 ], [ -42.9759563, -22.8271634 ], [ -42.9759755, -22.8271291 ], [ -42.9759291, -22.8271078 ], [ -42.9757871, -22.8270036 ], [ -42.9758589, -22.8266374 ], [ -42.9760966, -22.8264655 ], [ -42.9761185, -22.8263969 ], [ -42.9759086, -22.8262601 ], [ -42.9759259, -22.8261417 ], [ -42.9744447, -22.826471 ], [ -42.9741526, -22.8262445 ], [ -42.9741009, -22.8262101 ], [ -42.9740696, -22.8262535 ], [ -42.9739573, -22.8265867 ], [ -42.9736533, -22.8266928 ], [ -42.973455, -22.826823 ], [ -42.9733526, -22.8270666 ], [ -42.9733372, -22.827108 ], [ -42.9733092, -22.8271388 ], [ -42.972847, -22.8276473 ], [ -42.9727737, -22.8275766 ], [ -42.9723847, -22.8280059 ], [ -42.9721019, -22.8283348 ], [ -42.9721942, -22.8288947 ], [ -42.9724794, -22.8289759 ], [ -42.9724876, -22.8290257 ], [ -42.9724527, -22.8290577 ], [ -42.9722404, -22.8292525 ], [ -42.972529, -22.8307531 ], [ -42.97278, -22.8308665 ], [ -42.9728103, -22.8308897 ], [ -42.9728758, -22.8310339 ] ] ] } },
{ "type": "Feature", "properties": { "id": 53, "cod_bairro": "3304904054", "nm_bairro": "Tribobó", "area_km2": 0.69964578814548162, "cod_munic": "3304904", "nm_munic": "São Gonçalo", "cod_uf": "33", "sig_uf": "RJ" }, "geometry": { "type": "Polygon", "coordinates": [ [ [ -43.0195734, -22.862714 ], [ -43.0196471, -22.8625141 ], [ -43.0197149, -22.8624114 ], [ -43.0200043, -22.8619705 ], [ -43.0201227, -22.8617755 ], [ -43.020135, -22.8615265 ], [ -43.0201802, -22.86124 ], [ -43.0202456, -22.8609334 ], [ -43.0202602, -22.8608693 ], [ -43.0202674, -22.8608379 ], [ -43.0202733, -22.8608165 ], [ -43.0202791, -22.8607956 ], [ -43.0202795, -22.8607942 ], [ -43.0203009, -22.8607156 ], [ -43.0204859, -22.8602285 ], [ -43.0206745, -22.8598192 ], [ -43.0207884, -22.8595846 ], [ -43.0208286, -22.859407 ], [ -43.0208488, -22.859283 ], [ -43.0208219, -22.8591423 ], [ -43.0207508, -22.8589958 ], [ -43.0207462, -22.8589864 ], [ -43.0205707, -22.8583441 ], [ -43.0205095, -22.8580683 ], [ -43.0204634, -22.8577919 ], [ -43.0203729, -22.8571351 ], [ -43.020393, -22.8568 ], [ -43.0204265, -22.8566593 ], [ -43.0205304, -22.856475 ], [ -43.0206075, -22.8563342 ], [ -43.0206479, -22.8562302 ], [ -43.0206698, -22.8561835 ], [ -43.0206698, -22.8561528 ], [ -43.0206698, -22.8561221 ], [ -43.0206661, -22.8560729 ], [ -43.0206572, -22.8560569 ], [ -43.0206483, -22.8560409 ], [ -43.0206305, -22.856009 ], [ -43.0208837, -22.8556796 ], [ -43.0213697, -22.8550285 ], [ -43.0214581, -22.8549521 ], [ -43.0216059, -22.8548388 ], [ -43.0217841, -22.8546924 ], [ -43.0219875, -22.854587 ], [ -43.0221782, -22.854527 ], [ -43.0223537, -22.8544688 ], [ -43.0224888, -22.8544435 ], [ -43.022725, -22.8544089 ], [ -43.0235288, -22.8543321 ], [ -43.0233383, -22.8543027 ], [ -43.023025, -22.8542151 ], [ -43.0226656, -22.8540222 ], [ -43.0224631, -22.8539106 ], [ -43.0222605, -22.853799 ], [ -43.0221815, -22.8537624 ], [ -43.0220093, -22.8536508 ], [ -43.0217791, -22.8534402 ], [ -43.0216148, -22.8532765 ], [ -43.0214997, -22.8531487 ], [ -43.021417, -22.8530398 ], [ -43.0213335, -22.8528874 ], [ -43.0213114, -22.8528185 ], [ -43.0212499, -22.8527128 ], [ -43.0212204, -22.8526563 ], [ -43.0211516, -22.8525678 ], [ -43.0210803, -22.8524892 ], [ -43.0209939, -22.8524208 ], [ -43.0209068, -22.8523389 ], [ -43.0208487, -22.85232 ], [ -43.0207807, -22.852328 ], [ -43.0206716, -22.8523901 ], [ -43.0205236, -22.8525241 ], [ -43.0203857, -22.8526761 ], [ -43.0202966, -22.8527291 ], [ -43.0201986, -22.8527912 ], [ -43.0200325, -22.8528163 ], [ -43.0199545, -22.8528333 ], [ -43.0199435, -22.8528963 ], [ -43.0199036, -22.8529863 ], [ -43.0198546, -22.8530303 ], [ -43.0197855, -22.8530563 ], [ -43.0197175, -22.8530474 ], [ -43.0196785, -22.8530194 ], [ -43.0195633, -22.8529096 ], [ -43.0194862, -22.8528727 ], [ -43.0194472, -22.8528368 ], [ -43.0194281, -22.8527909 ], [ -43.019401, -22.852637 ], [ -43.0193839, -22.8524752 ], [ -43.0193858, -22.8523663 ], [ -43.0193487, -22.8522214 ], [ -43.0192526, -22.8520946 ], [ -43.0191374, -22.8519848 ], [ -43.0190693, -22.8519479 ], [ -43.0189837, -22.8519059 ], [ -43.0189025, -22.851911 ], [ -43.0188492, -22.8519288 ], [ -43.0187958, -22.8519466 ], [ -43.0186485, -22.8520735 ], [ -43.0185876, -22.8522107 ], [ -43.018552, -22.852363 ], [ -43.0185368, -22.8524544 ], [ -43.0185114, -22.8525306 ], [ -43.0184657, -22.8525712 ], [ -43.0183946, -22.8525916 ], [ -43.0182778, -22.8526068 ], [ -43.017902, -22.8526627 ], [ -43.0174703, -22.8527033 ], [ -43.0172265, -22.8527795 ], [ -43.0170183, -22.8528912 ], [ -43.0167694, -22.8529166 ], [ -43.016749, -22.8529304 ], [ -43.0165815, -22.8530436 ], [ -43.0164748, -22.8530029 ], [ -43.0163276, -22.8530385 ], [ -43.0163072, -22.8531197 ], [ -43.0161854, -22.8532494 ], [ -43.0158404, -22.8535075 ], [ -43.0155953, -22.8536126 ], [ -43.0155263, -22.8536756 ], [ -43.0154283, -22.8537287 ], [ -43.0153012, -22.8537538 ], [ -43.015087, -22.853697 ], [ -43.015029, -22.8536691 ], [ -43.0149809, -22.8536511 ], [ -43.0148439, -22.8536852 ], [ -43.0147839, -22.8537662 ], [ -43.0147349, -22.8538012 ], [ -43.0146365, -22.853808 ], [ -43.0146178, -22.8538093 ], [ -43.0145206, -22.8537913 ], [ -43.0143947, -22.8537616 ], [ -43.0143286, -22.8537693 ], [ -43.0142776, -22.8537687 ], [ -43.0141305, -22.8538038 ], [ -43.0140725, -22.8538118 ], [ -43.0139554, -22.853793 ], [ -43.0138483, -22.8537551 ], [ -43.0136642, -22.8537083 ], [ -43.0135181, -22.8537064 ], [ -43.013449, -22.8537145 ], [ -43.013332, -22.8537675 ], [ -43.013214, -22.8538466 ], [ -43.013164, -22.8539006 ], [ -43.013046, -22.8539896 ], [ -43.013016, -22.8540436 ], [ -43.0129851, -22.8541785 ], [ -43.012906, -22.8542225 ], [ -43.0128109, -22.8540678 ], [ -43.0126848, -22.8540029 ], [ -43.0126067, -22.854039 ], [ -43.0124697, -22.854091 ], [ -43.0124207, -22.8540991 ], [ -43.0123236, -22.8540712 ], [ -43.0122265, -22.8540433 ], [ -43.0121684, -22.8540244 ], [ -43.0121334, -22.8539996 ], [ -43.0120936, -22.8539655 ], [ -43.0121085, -22.8541054 ], [ -43.0121375, -22.8541503 ], [ -43.0121556, -22.8542132 ], [ -43.0122181, -22.854288 ], [ -43.0123148, -22.8544035 ], [ -43.0124276, -22.8545352 ], [ -43.0125459, -22.8546265 ], [ -43.0126641, -22.8547179 ], [ -43.0127704, -22.8548431 ], [ -43.0127994, -22.854916 ], [ -43.0128414, -22.8550188 ], [ -43.012879, -22.8550805 ], [ -43.0129247, -22.8551531 ], [ -43.0129784, -22.8552095 ], [ -43.0130348, -22.8552659 ], [ -43.0131127, -22.8553519 ], [ -43.0132229, -22.8554755 ], [ -43.0133465, -22.8556501 ], [ -43.0134781, -22.8558597 ], [ -43.0136393, -22.856174 ], [ -43.0136688, -22.8562653 ], [ -43.013685, -22.856405 ], [ -43.0137387, -22.8565071 ], [ -43.0138139, -22.8565635 ], [ -43.0140073, -22.856671 ], [ -43.0141148, -22.8567435 ], [ -43.0141566, -22.8568262 ], [ -43.0142142, -22.8569611 ], [ -43.0142733, -22.8570901 ], [ -43.0143244, -22.8571922 ], [ -43.0143969, -22.8573641 ], [ -43.0144321, -22.8574523 ], [ -43.0144547, -22.8575332 ], [ -43.014808, -22.8588013 ], [ -43.0149499, -22.8593065 ], [ -43.0151902, -22.8595468 ], [ -43.0153905, -22.8598405 ], [ -43.0153771, -22.8599873 ], [ -43.0154305, -22.8602811 ], [ -43.0156308, -22.8605347 ], [ -43.0158177, -22.8607483 ], [ -43.0160847, -22.8610687 ], [ -43.0166321, -22.8614292 ], [ -43.0169124, -22.861536 ], [ -43.0172529, -22.8618164 ], [ -43.017393, -22.8619899 ], [ -43.0174731, -22.8622703 ], [ -43.0176734, -22.8624438 ], [ -43.0179606, -22.8626621 ], [ -43.0180072, -22.8626975 ], [ -43.0181006, -22.8629378 ], [ -43.018154, -22.8631114 ], [ -43.0182875, -22.8631648 ], [ -43.0188215, -22.8630847 ], [ -43.0190687, -22.8632834 ], [ -43.0190885, -22.8635519 ], [ -43.0191286, -22.8640993 ], [ -43.0190618, -22.8644197 ], [ -43.0188372, -22.8647669 ], [ -43.019182, -22.8648753 ], [ -43.0191608, -22.8652815 ], [ -43.0191908, -22.8653276 ], [ -43.0191965, -22.8652924 ], [ -43.0192413, -22.8652011 ], [ -43.0192975, -22.8650864 ], [ -43.0194047, -22.8648944 ], [ -43.0195363, -22.8646926 ], [ -43.0195737, -22.8646114 ], [ -43.0196273, -22.8644947 ], [ -43.0196799, -22.8643719 ], [ -43.0196965, -22.8641749 ], [ -43.0196561, -22.8639424 ], [ -43.0195516, -22.8636275 ], [ -43.0194325, -22.8633169 ], [ -43.0193844, -22.8631965 ], [ -43.0195734, -22.862714 ] ] ] } },
{ "type": "Feature", "properties": { "id": 54, "cod_bairro": "3304904055", "nm_bairro": "Várzea das Moças", "area_km2": 2.725574271746686, "cod_munic": "3304904", "nm_munic": "São Gonçalo", "cod_uf": "33", "sig_uf": "RJ" }, "geometry": { "type": "Polygon", "coordinates": [ [ [ -42.9775495, -22.9061461 ], [ -42.9777328, -22.9062704 ], [ -42.9779829, -22.9063878 ], [ -42.9782178, -22.9065432 ], [ -42.9784489, -22.9066682 ], [ -42.9786232, -22.9068122 ], [ -42.9787824, -22.9069714 ], [ -42.9789302, -22.9072101 ], [ -42.979006, -22.907445 ], [ -42.9790514, -22.907733 ], [ -42.9791007, -22.9079262 ], [ -42.9791386, -22.9079888 ], [ -42.9791765, -22.9080513 ], [ -42.9793621, -22.9082635 ], [ -42.9796198, -22.9085287 ], [ -42.9797865, -22.9087162 ], [ -42.9799419, -22.9087788 ], [ -42.9801654, -22.9088091 ], [ -42.9803156, -22.9088091 ], [ -42.9805595, -22.9088091 ], [ -42.9810824, -22.9087485 ], [ -42.9812113, -22.9087599 ], [ -42.9814779, -22.9088887 ], [ -42.9817228, -22.9089683 ], [ -42.9819312, -22.9089986 ], [ -42.9823367, -22.9090024 ], [ -42.982528, -22.9089967 ], [ -42.9827194, -22.908991 ], [ -42.982924, -22.9090024 ], [ -42.9831362, -22.9090744 ], [ -42.9834816, -22.9091719 ], [ -42.9837518, -22.9092362 ], [ -42.983799, -22.9092255 ], [ -42.9838462, -22.9092148 ], [ -42.9839105, -22.9091805 ], [ -42.9839791, -22.9091075 ], [ -42.9842837, -22.9087815 ], [ -42.9843997, -22.9086728 ], [ -42.9844424, -22.9086329 ], [ -42.9846226, -22.9084641 ], [ -42.9849357, -22.9081853 ], [ -42.9850447, -22.9080969 ], [ -42.9853218, -22.9078722 ], [ -42.9855705, -22.9076405 ], [ -42.9856478, -22.9075161 ], [ -42.9856907, -22.9073574 ], [ -42.9856649, -22.9071687 ], [ -42.9855748, -22.9068899 ], [ -42.9855357, -22.9067809 ], [ -42.9854161, -22.906448 ], [ -42.9853561, -22.9061306 ], [ -42.985399, -22.9059676 ], [ -42.9854461, -22.9058175 ], [ -42.9854933, -22.9056673 ], [ -42.9856738, -22.9052355 ], [ -42.9856791, -22.9052229 ], [ -42.9857028, -22.9051541 ], [ -42.9857386, -22.9050506 ], [ -42.9858435, -22.9048134 ], [ -42.9859052, -22.9046138 ], [ -42.9859086, -22.9046027 ], [ -42.9859244, -22.9043869 ], [ -42.9859008, -22.9041896 ], [ -42.9858386, -22.904033 ], [ -42.9857378, -22.9038336 ], [ -42.9856134, -22.9036556 ], [ -42.9855019, -22.903499 ], [ -42.9854419, -22.9033789 ], [ -42.9853947, -22.9032159 ], [ -42.9853818, -22.9030722 ], [ -42.9853797, -22.9030046 ], [ -42.9853775, -22.9029371 ], [ -42.9853882, -22.9028041 ], [ -42.9854183, -22.902669 ], [ -42.9854676, -22.9025124 ], [ -42.9856606, -22.9019612 ], [ -42.9857866, -22.901561 ], [ -42.9857936, -22.9015387 ], [ -42.9858027, -22.901508 ], [ -42.985869, -22.9012857 ], [ -42.9859129, -22.9011384 ], [ -42.9859491, -22.9010168 ], [ -42.9859697, -22.9009477 ], [ -42.9859854, -22.9008949 ], [ -42.9860571, -22.9007263 ], [ -42.9861181, -22.9005792 ], [ -42.9861683, -22.9003712 ], [ -42.9862221, -22.9001022 ], [ -42.9862604, -22.8997521 ], [ -42.9862723, -22.8996432 ], [ -42.9863225, -22.8991769 ], [ -42.9863799, -22.8988649 ], [ -42.9864337, -22.898456 ], [ -42.986443, -22.8983767 ], [ -42.9865341, -22.8976024 ], [ -42.9865411, -22.8975287 ], [ -42.9866274, -22.8966197 ], [ -42.9867493, -22.8953143 ], [ -42.9867735, -22.8950788 ], [ -42.9867673, -22.8950777 ], [ -42.9866941, -22.8950648 ], [ -42.9865506, -22.8952612 ], [ -42.9861234, -22.8951554 ], [ -42.9860294, -22.8948414 ], [ -42.9860127, -22.8947888 ], [ -42.9859785, -22.8947961 ], [ -42.9815788, -22.8957357 ], [ -42.9817338, -22.8964366 ], [ -42.9815974, -22.8968335 ], [ -42.9780927, -22.8970023 ], [ -42.9780702, -22.8970033 ], [ -42.9780664, -22.8970035 ], [ -42.9780786, -22.8970591 ], [ -42.9780799, -22.8972091 ], [ -42.9780487, -22.8973452 ], [ -42.9779997, -22.8973712 ], [ -42.977879, -22.8974107 ], [ -42.9777566, -22.8974918 ], [ -42.9776883, -22.8975467 ], [ -42.9776497, -22.8976032 ], [ -42.9775866, -22.8978898 ], [ -42.9775276, -22.8980572 ], [ -42.977372, -22.8985007 ], [ -42.9773446, -22.8984919 ], [ -42.9763745, -22.8981801 ], [ -42.9763718, -22.8981864 ], [ -42.9762223, -22.8981312 ], [ -42.9755526, -22.897884 ], [ -42.9747461, -22.8976319 ], [ -42.9736875, -22.8976823 ], [ -42.9721753, -22.898136 ], [ -42.9710663, -22.8986905 ], [ -42.955501, -22.8960334 ], [ -42.9544835, -22.9008462 ], [ -42.9544716, -22.9009024 ], [ -42.9544661, -22.9009286 ], [ -42.9550885, -22.9006889 ], [ -42.9552818, -22.9006642 ], [ -42.955475, -22.9006396 ], [ -42.955835, -22.9006434 ], [ -42.9559101, -22.9006534 ], [ -42.9562632, -22.9007002 ], [ -42.9567293, -22.900795 ], [ -42.9568137, -22.9008111 ], [ -42.9572699, -22.9008984 ], [ -42.95765, -22.9009276 ], [ -42.9585973, -22.9009731 ], [ -42.9603783, -22.9010451 ], [ -42.9608481, -22.901083 ], [ -42.9611929, -22.901136 ], [ -42.9613216, -22.9011577 ], [ -42.9613499, -22.9011625 ], [ -42.9614117, -22.9011729 ], [ -42.9614484, -22.9011791 ], [ -42.9614847, -22.9011853 ], [ -42.9618207, -22.9012861 ], [ -42.9619015, -22.9013103 ], [ -42.9619155, -22.9013149 ], [ -42.9623436, -22.9014569 ], [ -42.9624919, -22.9015275 ], [ -42.9625856, -22.9015721 ], [ -42.9628791, -22.901712 ], [ -42.9634096, -22.9019999 ], [ -42.9644175, -22.9025228 ], [ -42.9651837, -22.9028924 ], [ -42.9653912, -22.9029788 ], [ -42.9657283, -22.9031192 ], [ -42.9665707, -22.90347 ], [ -42.966926, -22.9036179 ], [ -42.9674944, -22.9038642 ], [ -42.968256, -22.9042507 ], [ -42.9687963, -22.9045687 ], [ -42.9690515, -22.9047188 ], [ -42.9691005, -22.9047476 ], [ -42.9694344, -22.9049441 ], [ -42.9697018, -22.905097 ], [ -42.9699353, -22.9052305 ], [ -42.9704312, -22.9055141 ], [ -42.9705017, -22.9055544 ], [ -42.9708592, -22.9057588 ], [ -42.9710242, -22.9058528 ], [ -42.9723294, -22.9065962 ], [ -42.9725719, -22.9067213 ], [ -42.9727418, -22.906785 ], [ -42.9728144, -22.9068122 ], [ -42.973112, -22.9068857 ], [ -42.9731213, -22.906888 ], [ -42.9733405, -22.906913 ], [ -42.9733866, -22.9069183 ], [ -42.9736115, -22.9069154 ], [ -42.9736783, -22.9069145 ], [ -42.9740118, -22.9068804 ], [ -42.9740478, -22.9068734 ], [ -42.9743854, -22.9068077 ], [ -42.97444, -22.9067971 ], [ -42.9747612, -22.9067283 ], [ -42.9759898, -22.9064598 ], [ -42.9760948, -22.906437 ], [ -42.9765127, -22.9063461 ], [ -42.9769376, -22.9062648 ], [ -42.9775092, -22.9061188 ], [ -42.9775495, -22.9061461 ] ] ] } },
{ "type": "Feature", "properties": { "id": 55, "cod_bairro": "3304904056", "nm_bairro": "Vila Candosa", "area_km2": 1.1551649284731398, "cod_munic": "3304904", "nm_munic": "São Gonçalo", "cod_uf": "33", "sig_uf": "RJ" }, "geometry": { "type": "Polygon", "coordinates": [ [ [ -42.9763679, -22.8494017 ], [ -42.977242, -22.8502872 ], [ -42.9784137, -22.8513333 ], [ -42.9807714, -22.8513216 ], [ -42.9818096, -22.8513833 ], [ -42.9825455, -22.8514648 ], [ -42.983184, -22.8516438 ], [ -42.9834645, -22.8517811 ], [ -42.9835732, -22.8518654 ], [ -42.9836872, -22.8519541 ], [ -42.9837306, -22.8519862 ], [ -42.9838212, -22.851931 ], [ -42.9837502, -22.8518174 ], [ -42.983705, -22.8517644 ], [ -42.9837847, -22.8516606 ], [ -42.9837358, -22.8515893 ], [ -42.9834817, -22.8513005 ], [ -42.9834419, -22.8512176 ], [ -42.9834344, -22.8511285 ], [ -42.9834428, -22.8510529 ], [ -42.9835434, -22.8508913 ], [ -42.9837008, -22.8507909 ], [ -42.9838541, -22.8507319 ], [ -42.9841275, -22.8506455 ], [ -42.9846974, -22.8507212 ], [ -42.9848532, -22.8507123 ], [ -42.9850094, -22.8506629 ], [ -42.9857675, -22.8500366 ], [ -42.9859306, -22.8501112 ], [ -42.9860117, -22.8500666 ], [ -42.9862296, -22.8497101 ], [ -42.9862511, -22.8496216 ], [ -42.9862385, -22.8495325 ], [ -42.9861512, -22.8494078 ], [ -42.9855139, -22.8490731 ], [ -42.985816, -22.8489556 ], [ -42.9858123, -22.8489319 ], [ -42.985664, -22.8487546 ], [ -42.9859, -22.8484242 ], [ -42.9862038, -22.8483394 ], [ -42.9862372, -22.8483292 ], [ -42.986221, -22.8482991 ], [ -42.9859224, -22.8480023 ], [ -42.986023, -22.8476638 ], [ -42.9865115, -22.8474811 ], [ -42.9865108, -22.8474527 ], [ -42.9861613, -22.8473514 ], [ -42.9860684, -22.84698 ], [ -42.986286, -22.84679 ], [ -42.9862815, -22.8467622 ], [ -42.9860409, -22.8466493 ], [ -42.9858804, -22.846248 ], [ -42.9860484, -22.8460773 ], [ -42.9860416, -22.8460573 ], [ -42.9858352, -22.845937 ], [ -42.9855393, -22.845275 ], [ -42.9855547, -22.8449084 ], [ -42.9855453, -22.8448756 ], [ -42.9855261, -22.8449153 ], [ -42.985483, -22.8448886 ], [ -42.9804855, -22.841998 ], [ -42.9803558, -22.841938 ], [ -42.9783151, -22.8410229 ], [ -42.976631, -22.8394118 ], [ -42.9752557, -22.841695 ], [ -42.9752419, -22.841718 ], [ -42.9752391, -22.8417227 ], [ -42.9752326, -22.8417334 ], [ -42.9750595, -22.8420208 ], [ -42.9721069, -22.8462321 ], [ -42.9733794, -22.8470575 ], [ -42.9748651, -22.8481122 ], [ -42.9754428, -22.8486153 ], [ -42.9763679, -22.8494017 ] ] ] } },
{ "type": "Feature", "properties": { "id": 56, "cod_bairro": "3304904057", "nm_bairro": "Barracão", "area_km2": 1.0220787539513492, "cod_munic": "3304904", "nm_munic": "São Gonçalo", "cod_uf": "33", "sig_uf": "RJ" }, "geometry": { "type": "Polygon", "coordinates": [ [ [ -42.956004, -22.8278951 ], [ -42.9563725, -22.8295203 ], [ -42.9564837, -22.8297839 ], [ -42.957169, -22.8305393 ], [ -42.9574969, -22.8306448 ], [ -42.957819, -22.8306682 ], [ -42.9601206, -22.8299537 ], [ -42.9601382, -22.8298014 ], [ -42.9603491, -22.8286945 ], [ -42.9606585, -22.8286457 ], [ -42.9606672, -22.8286159 ], [ -42.9607704, -22.8284446 ], [ -42.9607786, -22.828431 ], [ -42.9607964, -22.8283971 ], [ -42.9608277, -22.8283373 ], [ -42.9609377, -22.828082 ], [ -42.9612675, -22.8275082 ], [ -42.9614883, -22.8270683 ], [ -42.9617072, -22.8267554 ], [ -42.9617872, -22.8266035 ], [ -42.9620061, -22.8263345 ], [ -42.9621741, -22.8261655 ], [ -42.9623712, -22.8260234 ], [ -42.9628042, -22.8256953 ], [ -42.9630702, -22.8254903 ], [ -42.9634443, -22.8252331 ], [ -42.9636903, -22.825101 ], [ -42.9638474, -22.824995 ], [ -42.9640044, -22.8249509 ], [ -42.9644527, -22.8249565 ], [ -42.96492, -22.82498 ], [ -42.9653373, -22.8250576 ], [ -42.9657166, -22.8251522 ], [ -42.9657937, -22.8251891 ], [ -42.9661454, -22.8253278 ], [ -42.9660416, -22.825206 ], [ -42.9660163, -22.8251763 ], [ -42.9657376, -22.8249659 ], [ -42.9657452, -22.8245434 ], [ -42.9660602, -22.8243253 ], [ -42.9660602, -22.8242782 ], [ -42.9657683, -22.8240518 ], [ -42.9657376, -22.8236985 ], [ -42.9660676, -22.8233666 ], [ -42.9660908, -22.823318 ], [ -42.9660824, -22.8232923 ], [ -42.9660113, -22.8230767 ], [ -42.9662526, -22.8229816 ], [ -42.9663605, -22.8226435 ], [ -42.9663373, -22.8226036 ], [ -42.9659763, -22.8225098 ], [ -42.9658012, -22.8221707 ], [ -42.9659813, -22.8218988 ], [ -42.9659586, -22.8218579 ], [ -42.9656034, -22.8217921 ], [ -42.9652756, -22.821114 ], [ -42.965487, -22.8209092 ], [ -42.965454, -22.8208498 ], [ -42.9652452, -22.8207242 ], [ -42.9652792, -22.820524 ], [ -42.9651708, -22.8204614 ], [ -42.9647784, -22.8206563 ], [ -42.9612841, -22.8197932 ], [ -42.9611049, -22.8205218 ], [ -42.9607639, -22.8205011 ], [ -42.9607289, -22.8205368 ], [ -42.9607356, -22.8204264 ], [ -42.9606585, -22.8195758 ], [ -42.9601378, -22.8193538 ], [ -42.9600278, -22.8194059 ], [ -42.9599683, -22.8193836 ], [ -42.9598642, -22.8191439 ], [ -42.9591517, -22.8190548 ], [ -42.9590002, -22.8192869 ], [ -42.9589817, -22.8193145 ], [ -42.9589609, -22.819273 ], [ -42.9588188, -22.8190369 ], [ -42.958379, -22.8190623 ], [ -42.9582049, -22.8193467 ], [ -42.958177, -22.819351 ], [ -42.9581492, -22.8193547 ], [ -42.9580152, -22.8190538 ], [ -42.9576599, -22.8190792 ], [ -42.9576026, -22.8194702 ], [ -42.9575408, -22.8194861 ], [ -42.9573892, -22.8192907 ], [ -42.9561542, -22.8193076 ], [ -42.9552998, -22.8192907 ], [ -42.9551506, -22.8195131 ], [ -42.9551046, -22.8195157 ], [ -42.9548092, -22.8193584 ], [ -42.9544201, -22.819426 ], [ -42.9544511, -22.8197588 ], [ -42.9544544, -22.819784 ], [ -42.9545543, -22.8197957 ], [ -42.9542334, -22.8205878 ], [ -42.9539299, -22.8211221 ], [ -42.9538619, -22.8212901 ], [ -42.953807, -22.8215069 ], [ -42.9538142, -22.8222403 ], [ -42.9537789, -22.8224146 ], [ -42.9536427, -22.8227319 ], [ -42.9536078, -22.8228404 ], [ -42.9537761, -22.8229657 ], [ -42.9538963, -22.8230115 ], [ -42.9539382, -22.8233633 ], [ -42.9539565, -22.8233915 ], [ -42.9557636, -22.8233493 ], [ -42.9545837, -22.825303 ], [ -42.9550028, -22.8270242 ], [ -42.9569861, -22.8271564 ], [ -42.9570546, -22.8272704 ], [ -42.9570418, -22.8273033 ], [ -42.9570507, -22.8273054 ], [ -42.9570881, -22.8273248 ], [ -42.9570611, -22.827339 ], [ -42.956004, -22.8278951 ] ] ] } },
{ "type": "Feature", "properties": { "id": 57, "cod_bairro": "3304904058", "nm_bairro": "Bom Retiro", "area_km2": 6.2195171365316266, "cod_munic": "3304904", "nm_munic": "São Gonçalo", "cod_uf": "33", "sig_uf": "RJ" }, "geometry": { "type": "Polygon", "coordinates": [ [ [ -42.9743802, -22.8073301 ], [ -42.9743741, -22.8073031 ], [ -42.9743363, -22.8071364 ], [ -42.9743261, -22.8070915 ], [ -42.9743008, -22.8070215 ], [ -42.9742001, -22.8069146 ], [ -42.9741069, -22.8067721 ], [ -42.9739526, -22.8065511 ], [ -42.9738644, -22.8064129 ], [ -42.9737174, -22.8060551 ], [ -42.9736859, -22.8058795 ], [ -42.9736218, -22.8057341 ], [ -42.9736659, -22.8054848 ], [ -42.9736443, -22.8052669 ], [ -42.9734932, -22.8049393 ], [ -42.9734842, -22.8046877 ], [ -42.9734354, -22.804536 ], [ -42.973384, -22.8044968 ], [ -42.9732636, -22.8044052 ], [ -42.9731144, -22.8043673 ], [ -42.9730001, -22.8044114 ], [ -42.9728076, -22.8043974 ], [ -42.9726513, -22.8042871 ], [ -42.9725253, -22.804158 ], [ -42.9724426, -22.8040709 ], [ -42.9723727, -22.8039479 ], [ -42.9723403, -22.8038184 ], [ -42.9723162, -22.803707 ], [ -42.9723356, -22.8036511 ], [ -42.9723709, -22.8035839 ], [ -42.9724369, -22.8034954 ], [ -42.972457, -22.8033997 ], [ -42.9725326, -22.8031612 ], [ -42.9725224, -22.8030142 ], [ -42.9724421, -22.8028666 ], [ -42.9723056, -22.8027447 ], [ -42.9721431, -22.8026483 ], [ -42.9719365, -22.8025839 ], [ -42.9717874, -22.8025392 ], [ -42.971678, -22.8024936 ], [ -42.9716574, -22.8024132 ], [ -42.9716485, -22.8023238 ], [ -42.9716147, -22.8022884 ], [ -42.9716476, -22.8020366 ], [ -42.9718075, -22.8017677 ], [ -42.9719394, -22.8015752 ], [ -42.9720689, -22.8014363 ], [ -42.9723003, -22.8011356 ], [ -42.9723843, -22.8008319 ], [ -42.9723981, -22.8006741 ], [ -42.972401, -22.8004842 ], [ -42.9724119, -22.8003673 ], [ -42.9724728, -22.8001964 ], [ -42.9724557, -22.8000256 ], [ -42.9725295, -22.7996828 ], [ -42.9725733, -22.799341 ], [ -42.9726003, -22.799106 ], [ -42.972688, -22.7987914 ], [ -42.9727208, -22.7984946 ], [ -42.9728317, -22.7982427 ], [ -42.9728436, -22.7980809 ], [ -42.9729345, -22.797884 ], [ -42.9729374, -22.7976582 ], [ -42.9729802, -22.7974243 ], [ -42.9730711, -22.7971635 ], [ -42.9731311, -22.7970465 ], [ -42.9732549, -22.7967737 ], [ -42.9732593, -22.796764 ], [ -42.973312, -22.7966703 ], [ -42.9734721, -22.7963875 ], [ -42.9734739, -22.7963843 ], [ -42.9735835, -22.7960387 ], [ -42.9735852, -22.7960344 ], [ -42.9736678, -22.7958786 ], [ -42.9736719, -22.7958728 ], [ -42.9739865, -22.795434 ], [ -42.9739881, -22.7954318 ], [ -42.9741387, -22.7951631 ], [ -42.9741445, -22.7951526 ], [ -42.9742227, -22.7950129 ], [ -42.9742241, -22.7950103 ], [ -42.9744606, -22.794743 ], [ -42.9744441, -22.7946752 ], [ -42.9745609, -22.7944437 ], [ -42.9746876, -22.7939527 ], [ -42.9748143, -22.7934933 ], [ -42.9748301, -22.7932399 ], [ -42.9748185, -22.7929382 ], [ -42.9749727, -22.7926697 ], [ -42.9752103, -22.7925113 ], [ -42.9754795, -22.7922737 ], [ -42.975733, -22.7919569 ], [ -42.9760973, -22.7914659 ], [ -42.9762398, -22.7913709 ], [ -42.9764299, -22.7914184 ], [ -42.9768734, -22.7914818 ], [ -42.9770951, -22.7914659 ], [ -42.9772694, -22.7912442 ], [ -42.9773486, -22.7908165 ], [ -42.9774278, -22.790674 ], [ -42.977801, -22.790674 ], [ -42.9777646, -22.7905653 ], [ -42.9779151, -22.790587 ], [ -42.9779897, -22.7903185 ], [ -42.9779151, -22.789722 ], [ -42.9779449, -22.7892895 ], [ -42.9785862, -22.7882754 ], [ -42.9791976, -22.7873657 ], [ -42.9800477, -22.7838611 ], [ -42.9801203, -22.7835157 ], [ -42.9801314, -22.7834626 ], [ -42.9750535, -22.7823301 ], [ -42.9749811, -22.782314 ], [ -42.9749444, -22.7823058 ], [ -42.9748633, -22.7822879 ], [ -42.9746945, -22.7822506 ], [ -42.9746138, -22.7822327 ], [ -42.974565, -22.7822223 ], [ -42.9734985, -22.7819933 ], [ -42.9734504, -22.781983 ], [ -42.9733904, -22.7819701 ], [ -42.9733443, -22.7819602 ], [ -42.9732962, -22.7819499 ], [ -42.9729284, -22.781871 ], [ -42.9715201, -22.7815687 ], [ -42.9712762, -22.7815163 ], [ -42.971016, -22.7814605 ], [ -42.9706981, -22.7813923 ], [ -42.9704174, -22.781332 ], [ -42.9703446, -22.7813164 ], [ -42.9654823, -22.780244 ], [ -42.962774, -22.7796195 ], [ -42.9601467, -22.7790441 ], [ -42.9600459, -22.779022 ], [ -42.9546873, -22.7778485 ], [ -42.9546505, -22.7779173 ], [ -42.9546207, -22.7779706 ], [ -42.9543635, -22.7784423 ], [ -42.9543565, -22.7784552 ], [ -42.9543453, -22.7784756 ], [ -42.954338, -22.778489 ], [ -42.9543119, -22.7784885 ], [ -42.954227, -22.7784869 ], [ -42.9539914, -22.7784825 ], [ -42.9530772, -22.7802145 ], [ -42.9531637, -22.7804893 ], [ -42.9531818, -22.7805152 ], [ -42.9531521, -22.7805105 ], [ -42.9529192, -22.7805638 ], [ -42.9523484, -22.7816348 ], [ -42.9524852, -22.7818906 ], [ -42.9524811, -22.781914 ], [ -42.952458, -22.7819416 ], [ -42.9520786, -22.7820542 ], [ -42.9514707, -22.7833096 ], [ -42.9515612, -22.7836537 ], [ -42.9515406, -22.7837076 ], [ -42.9513024, -22.783748 ], [ -42.9510424, -22.7843156 ], [ -42.9511289, -22.7845241 ], [ -42.9511134, -22.7845446 ], [ -42.9510909, -22.7845722 ], [ -42.9509371, -22.7845858 ], [ -42.9509048, -22.7846521 ], [ -42.9509855, -22.7847622 ], [ -42.950954, -22.7848057 ], [ -42.9507909, -22.7848866 ], [ -42.9506058, -22.7852338 ], [ -42.9506641, -22.7853624 ], [ -42.9506445, -22.7854001 ], [ -42.9503928, -22.7854516 ], [ -42.9499043, -22.7862339 ], [ -42.9500104, -22.7865228 ], [ -42.950005, -22.786534 ], [ -42.9498795, -22.7864839 ], [ -42.9498665, -22.7865085 ], [ -42.9495493, -22.7865533 ], [ -42.9486795, -22.7882873 ], [ -42.9488654, -22.7885487 ], [ -42.9488481, -22.7885895 ], [ -42.9489836, -22.7886757 ], [ -42.9486513, -22.7886819 ], [ -42.9479689, -22.7900747 ], [ -42.9481433, -22.7903407 ], [ -42.948144, -22.7903813 ], [ -42.9481069, -22.7904026 ], [ -42.947691, -22.790564 ], [ -42.9469839, -22.7920736 ], [ -42.9474683, -22.7928035 ], [ -42.9474812, -22.7928229 ], [ -42.947466, -22.7928522 ], [ -42.9473837, -22.7930116 ], [ -42.9482618, -22.7933338 ], [ -42.948697, -22.7935132 ], [ -42.9487166, -22.7935213 ], [ -42.9487432, -22.7935322 ], [ -42.9489502, -22.7936203 ], [ -42.9491716, -22.7937143 ], [ -42.949353, -22.7937904 ], [ -42.9494951, -22.79385 ], [ -42.9495458, -22.7938712 ], [ -42.9498554, -22.7940011 ], [ -42.9506937, -22.7943067 ], [ -42.9518095, -22.7947724 ], [ -42.9533082, -22.795515 ], [ -42.9538861, -22.7958041 ], [ -42.9541879, -22.7959574 ], [ -42.9555028, -22.7966046 ], [ -42.9556465, -22.7966753 ], [ -42.9557641, -22.7967372 ], [ -42.9562617, -22.797019 ], [ -42.9567185, -22.7973369 ], [ -42.9574458, -22.797823 ], [ -42.9577885, -22.7981 ], [ -42.9585809, -22.7988067 ], [ -42.958758, -22.7989585 ], [ -42.9593501, -22.799409 ], [ -42.9602814, -22.8002592 ], [ -42.9610507, -22.8008969 ], [ -42.9619465, -22.8015143 ], [ -42.962321, -22.8017876 ], [ -42.9630143, -22.8023039 ], [ -42.9642391, -22.8031693 ], [ -42.9648532, -22.8035734 ], [ -42.9653661, -22.8039066 ], [ -42.9654854, -22.8039841 ], [ -42.9659544, -22.8042887 ], [ -42.9660481, -22.8043415 ], [ -42.9663575, -22.8045032 ], [ -42.9670259, -22.8048384 ], [ -42.9680539, -22.8052785 ], [ -42.9687568, -22.8055762 ], [ -42.9694126, -22.8058511 ], [ -42.9694426, -22.8058962 ], [ -42.9707887, -22.806481 ], [ -42.9718868, -22.8069355 ], [ -42.9723796, -22.8071353 ], [ -42.972825, -22.8072914 ], [ -42.973005, -22.8073568 ], [ -42.9735994, -22.8073912 ], [ -42.9740144, -22.8073587 ], [ -42.9743802, -22.8073301 ] ] ] } },
{ "type": "Feature", "properties": { "id": 58, "cod_bairro": "3304904059", "nm_bairro": "Gebara", "area_km2": 1.9342086928780151, "cod_munic": "3304904", "nm_munic": "São Gonçalo", "cod_uf": "33", "sig_uf": "RJ" }, "geometry": { "type": "Polygon", "coordinates": [ [ [ -42.9479359, -22.7693575 ], [ -42.9476505, -22.769353 ], [ -42.9464723, -22.7693605 ], [ -42.945728, -22.7693653 ], [ -42.9456506, -22.7693663 ], [ -42.9449798, -22.7693751 ], [ -42.9449434, -22.7693748 ], [ -42.9447238, -22.7693727 ], [ -42.9445785, -22.7693714 ], [ -42.9444333, -22.7693702 ], [ -42.9442265, -22.7694022 ], [ -42.9441969, -22.7694221 ], [ -42.9440839, -22.7694979 ], [ -42.9440468, -22.7695228 ], [ -42.9439509, -22.7696656 ], [ -42.9439016, -22.7698149 ], [ -42.9438688, -22.7699462 ], [ -42.9438808, -22.7701709 ], [ -42.9439098, -22.7707134 ], [ -42.9439068, -22.7708017 ], [ -42.9438934, -22.7711892 ], [ -42.9437927, -22.771423 ], [ -42.9437785, -22.7714559 ], [ -42.94367, -22.7716384 ], [ -42.943495, -22.7719327 ], [ -42.9434886, -22.7719464 ], [ -42.9434803, -22.7719584 ], [ -42.9434332, -22.7720467 ], [ -42.943326, -22.7722474 ], [ -42.9431957, -22.7724577 ], [ -42.9427159, -22.773176 ], [ -42.9415211, -22.7749645 ], [ -42.9416622, -22.7750055 ], [ -42.941841, -22.7750412 ], [ -42.9448572, -22.775643 ], [ -42.9457972, -22.7758578 ], [ -42.9501196, -22.7768468 ], [ -42.9546873, -22.7778485 ], [ -42.9547022, -22.7778165 ], [ -42.9546878, -22.7777219 ], [ -42.9545535, -22.7775367 ], [ -42.9551879, -22.7763335 ], [ -42.9560711, -22.7746586 ], [ -42.9564814, -22.7744519 ], [ -42.9565214, -22.7744476 ], [ -42.9565002, -22.7744153 ], [ -42.956383, -22.7741158 ], [ -42.957213, -22.772566 ], [ -42.9575699, -22.7724714 ], [ -42.9575917, -22.7724319 ], [ -42.9576311, -22.7724034 ], [ -42.9575061, -22.7722289 ], [ -42.9585353, -22.7704514 ], [ -42.958766, -22.770287 ], [ -42.9588224, -22.7702814 ], [ -42.9590441, -22.7704134 ], [ -42.9592922, -22.7702666 ], [ -42.9593126, -22.7702403 ], [ -42.9593471, -22.7702583 ], [ -42.9595987, -22.77041 ], [ -42.9605321, -22.770128 ], [ -42.9607298, -22.7698625 ], [ -42.9607774, -22.7698487 ], [ -42.9611285, -22.7699708 ], [ -42.9615628, -22.7695265 ], [ -42.9613792, -22.7691665 ], [ -42.9613749, -22.7691201 ], [ -42.9617276, -22.7679433 ], [ -42.9612483, -22.767829 ], [ -42.9612452, -22.767733 ], [ -42.9629491, -22.7632477 ], [ -42.9619053, -22.7599137 ], [ -42.9617819, -22.7598913 ], [ -42.9617615, -22.7599132 ], [ -42.961589, -22.7600987 ], [ -42.9614095, -22.7602918 ], [ -42.9614024, -22.7602719 ], [ -42.9604, -22.7608079 ], [ -42.9603854, -22.7608428 ], [ -42.9599945, -22.7610658 ], [ -42.9597595, -22.7611999 ], [ -42.9589619, -22.7616551 ], [ -42.9578029, -22.7623163 ], [ -42.9575383, -22.7624674 ], [ -42.9562727, -22.7631586 ], [ -42.9550071, -22.7638499 ], [ -42.9546075, -22.764119 ], [ -42.954404, -22.764256 ], [ -42.9543964, -22.7642639 ], [ -42.9541971, -22.7644713 ], [ -42.9539978, -22.7646786 ], [ -42.9536144, -22.7651505 ], [ -42.9531542, -22.7657169 ], [ -42.9530694, -22.7658213 ], [ -42.9529845, -22.7659257 ], [ -42.9526397, -22.766378 ], [ -42.9524273, -22.7666566 ], [ -42.9523096, -22.7668109 ], [ -42.9521919, -22.7669653 ], [ -42.9514456, -22.7678761 ], [ -42.9510383, -22.7683731 ], [ -42.9510043, -22.7684146 ], [ -42.9509729, -22.7684529 ], [ -42.9509384, -22.7684951 ], [ -42.9505433, -22.7689772 ], [ -42.9502022, -22.7693935 ], [ -42.9497096, -22.7693856 ], [ -42.9487404, -22.7693703 ], [ -42.9486383, -22.7693686 ], [ -42.9479359, -22.7693575 ] ] ] } },
{ "type": "Feature", "properties": { "id": 59, "cod_bairro": "3304904060", "nm_bairro": "Guarani", "area_km2": 0.46269509083295551, "cod_munic": "3304904", "nm_munic": "São Gonçalo", "cod_uf": "33", "sig_uf": "RJ" }, "geometry": { "type": "Polygon", "coordinates": [ [ [ -42.9612841, -22.8197932 ], [ -42.9647784, -22.8206563 ], [ -42.9651708, -22.8204614 ], [ -42.9652792, -22.820524 ], [ -42.9653777, -22.8205602 ], [ -42.9654109, -22.8205492 ], [ -42.9654806, -22.8204672 ], [ -42.9655294, -22.8203337 ], [ -42.9655713, -22.8201619 ], [ -42.9655746, -22.8200391 ], [ -42.9654809, -22.8199273 ], [ -42.9651443, -22.8196566 ], [ -42.9647928, -22.8194766 ], [ -42.9646983, -22.8192879 ], [ -42.9646692, -22.8191358 ], [ -42.9646396, -22.8190181 ], [ -42.9646072, -22.8188894 ], [ -42.964521, -22.8186955 ], [ -42.964687, -22.8183433 ], [ -42.9647293, -22.8182253 ], [ -42.9648283, -22.8181071 ], [ -42.9646269, -22.8180546 ], [ -42.9619275, -22.8173462 ], [ -42.9616023, -22.8175703 ], [ -42.961536, -22.8176254 ], [ -42.9615081, -22.8175852 ], [ -42.9613313, -22.8171652 ], [ -42.9608805, -22.8170737 ], [ -42.9605769, -22.8173753 ], [ -42.9605292, -22.8173645 ], [ -42.9604573, -22.8169565 ], [ -42.9598848, -22.8168348 ], [ -42.9595938, -22.8171536 ], [ -42.9595364, -22.8171412 ], [ -42.9593746, -22.8166707 ], [ -42.9580954, -22.8163826 ], [ -42.9577015, -22.816691 ], [ -42.9576597, -22.8167484 ], [ -42.9580595, -22.8152917 ], [ -42.9580342, -22.8152863 ], [ -42.9570426, -22.815076 ], [ -42.9561222, -22.8148747 ], [ -42.9561003, -22.8148699 ], [ -42.9556935, -22.8162457 ], [ -42.9556788, -22.8162103 ], [ -42.9555522, -22.8158374 ], [ -42.9550343, -22.8156911 ], [ -42.9547911, -22.8159693 ], [ -42.9547439, -22.8159478 ], [ -42.9547191, -22.8156123 ], [ -42.9540999, -22.8154772 ], [ -42.9538455, -22.8157367 ], [ -42.9538016, -22.8157256 ], [ -42.9537284, -22.8154209 ], [ -42.9530642, -22.8152745 ], [ -42.9528615, -22.8154659 ], [ -42.9528053, -22.815207 ], [ -42.9521411, -22.8150269 ], [ -42.9518887, -22.8153044 ], [ -42.9518901, -22.8152997 ], [ -42.9519049, -22.8152477 ], [ -42.951796, -22.8150136 ], [ -42.9511449, -22.8148526 ], [ -42.9509181, -22.8150209 ], [ -42.9509589, -22.8150807 ], [ -42.9512131, -22.8154532 ], [ -42.9510726, -22.8160158 ], [ -42.951357, -22.8162647 ], [ -42.9513986, -22.8168157 ], [ -42.9514234, -22.8168371 ], [ -42.9514274, -22.8168405 ], [ -42.951448, -22.8168583 ], [ -42.9514779, -22.8168543 ], [ -42.9516921, -22.8168256 ], [ -42.9521717, -22.8172484 ], [ -42.952218, -22.8175983 ], [ -42.9522254, -22.8176057 ], [ -42.9522631, -22.8176433 ], [ -42.9522692, -22.8176494 ], [ -42.9524589, -22.8175324 ], [ -42.952993, -22.8180336 ], [ -42.9530262, -22.8184397 ], [ -42.9530428, -22.8184554 ], [ -42.9530624, -22.81847 ], [ -42.9533288, -22.818394 ], [ -42.9538195, -22.8188593 ], [ -42.9540732, -22.8192569 ], [ -42.9542424, -22.8194514 ], [ -42.9544201, -22.819426 ], [ -42.9548092, -22.8193584 ], [ -42.9551046, -22.8195157 ], [ -42.9551506, -22.8195131 ], [ -42.9552998, -22.8192907 ], [ -42.9561542, -22.8193076 ], [ -42.9573892, -22.8192907 ], [ -42.9575408, -22.8194861 ], [ -42.9576026, -22.8194702 ], [ -42.9576599, -22.8190792 ], [ -42.9580152, -22.8190538 ], [ -42.9581492, -22.8193547 ], [ -42.958177, -22.819351 ], [ -42.9582049, -22.8193467 ], [ -42.958379, -22.8190623 ], [ -42.9588188, -22.8190369 ], [ -42.9589609, -22.819273 ], [ -42.9589817, -22.8193145 ], [ -42.9590002, -22.8192869 ], [ -42.9591517, -22.8190548 ], [ -42.9598642, -22.8191439 ], [ -42.9599683, -22.8193836 ], [ -42.9600278, -22.8194059 ], [ -42.9601378, -22.8193538 ], [ -42.9606585, -22.8195758 ], [ -42.9607356, -22.8204264 ], [ -42.9607289, -22.8205368 ], [ -42.9607639, -22.8205011 ], [ -42.9611049, -22.8205218 ], [ -42.9612841, -22.8197932 ] ] ] } },
{ "type": "Feature", "properties": { "id": 60, "cod_bairro": "3304904061", "nm_bairro": "Guaxindiba", "area_km2": 9.0983125473965636, "cod_munic": "3304904", "nm_munic": "São Gonçalo", "cod_uf": "33", "sig_uf": "RJ" }, "geometry": { "type": "Polygon", "coordinates": [ [ [ -42.9704174, -22.781332 ], [ -42.9706981, -22.7813923 ], [ -42.971016, -22.7814605 ], [ -42.9712762, -22.7815163 ], [ -42.9715201, -22.7815687 ], [ -42.9729284, -22.781871 ], [ -42.9732962, -22.7819499 ], [ -42.9733443, -22.7819602 ], [ -42.9733904, -22.7819701 ], [ -42.9734504, -22.781983 ], [ -42.9734985, -22.7819933 ], [ -42.974565, -22.7822223 ], [ -42.9746138, -22.7822327 ], [ -42.9746945, -22.7822506 ], [ -42.9748633, -22.7822879 ], [ -42.9749444, -22.7823058 ], [ -42.9749811, -22.782314 ], [ -42.9750535, -22.7823301 ], [ -42.9801314, -22.7834626 ], [ -42.9802245, -22.7834833 ], [ -42.9802315, -22.7834387 ], [ -42.980239, -22.7833911 ], [ -42.9808082, -22.7797898 ], [ -42.982404, -22.7781494 ], [ -42.9824785, -22.7776423 ], [ -42.9815241, -22.77633 ], [ -42.9815241, -22.7754352 ], [ -42.9824785, -22.7746597 ], [ -42.9844023, -22.7736158 ], [ -42.9855805, -22.7733473 ], [ -42.9901218, -22.7724799 ], [ -42.9901267, -22.7724605 ], [ -42.9902608, -22.7719037 ], [ -42.9903551, -22.7715068 ], [ -42.9904407, -22.7710272 ], [ -42.9905635, -22.770439 ], [ -42.9907405, -22.7699279 ], [ -42.9908404, -22.7694768 ], [ -42.9908804, -22.7693027 ], [ -42.9909542, -22.7691712 ], [ -42.9914082, -22.7687702 ], [ -42.9917832, -22.7684321 ], [ -42.9919702, -22.7682811 ], [ -42.9920967, -22.7681577 ], [ -42.9920739, -22.7679493 ], [ -42.9919511, -22.7677409 ], [ -42.9918597, -22.7676124 ], [ -42.9916827, -22.7675639 ], [ -42.9914943, -22.7675696 ], [ -42.9912601, -22.7676267 ], [ -42.9910746, -22.7676181 ], [ -42.9909718, -22.7676238 ], [ -42.990889, -22.7675467 ], [ -42.9907377, -22.7672651 ], [ -42.9907696, -22.7670852 ], [ -42.9908696, -22.7668963 ], [ -42.9910076, -22.7667812 ], [ -42.9911746, -22.7666652 ], [ -42.9913607, -22.7665961 ], [ -42.9915477, -22.766444 ], [ -42.9917086, -22.7661301 ], [ -42.9917704, -22.7658783 ], [ -42.9919132, -22.7654296 ], [ -42.9920567, -22.7647715 ], [ -42.992111, -22.7644403 ], [ -42.9921345, -22.7642324 ], [ -42.9921264, -22.7641145 ], [ -42.9919689, -22.7634992 ], [ -42.9920327, -22.7631574 ], [ -42.9920636, -22.7629955 ], [ -42.9924015, -22.7624936 ], [ -42.9927785, -22.7620747 ], [ -42.9930721, -22.7612201 ], [ -42.9930926, -22.7604987 ], [ -42.9929851, -22.7598304 ], [ -42.9928275, -22.7592151 ], [ -42.9927871, -22.7586546 ], [ -42.993124, -22.7581987 ], [ -42.9935661, -22.7579425 ], [ -42.9943356, -22.7579508 ], [ -42.9948929, -22.7578583 ], [ -42.9956681, -22.757453 ], [ -42.9962292, -22.7569989 ], [ -42.9968864, -22.7566995 ], [ -42.9976706, -22.7563481 ], [ -42.9981155, -22.7558481 ], [ -42.9981927, -22.7554692 ], [ -42.9980714, -22.7552257 ], [ -42.9974877, -22.7551468 ], [ -42.9967146, -22.7551152 ], [ -42.9960204, -22.7548313 ], [ -42.9952718, -22.75439 ], [ -42.9945217, -22.7536165 ], [ -42.9938906, -22.752875 ], [ -42.9934489, -22.7520704 ], [ -42.9931018, -22.7509976 ], [ -42.9928494, -22.7501614 ], [ -42.992802, -22.7494199 ], [ -42.9929913, -22.7488362 ], [ -42.9933114, -22.748286 ], [ -42.9935384, -22.7480809 ], [ -42.9940975, -22.7477807 ], [ -42.9949741, -22.7477909 ], [ -42.9956394, -22.7476005 ], [ -42.9959744, -22.7472974 ], [ -42.9961138, -22.7470915 ], [ -42.9962533, -22.7468855 ], [ -42.9959887, -22.7462693 ], [ -42.995558, -22.7457501 ], [ -42.9948423, -22.7453811 ], [ -42.9937407, -22.745476 ], [ -42.9925347, -22.7457756 ], [ -42.9923521, -22.745821 ], [ -42.9916134, -22.7456882 ], [ -42.9914065, -22.7459767 ], [ -42.991284, -22.7461648 ], [ -42.9911567, -22.7463894 ], [ -42.9910866, -22.7465007 ], [ -42.990828, -22.7467957 ], [ -42.9907465, -22.7470035 ], [ -42.9907585, -22.7471596 ], [ -42.9908679, -22.7475146 ], [ -42.9909222, -22.7476688 ], [ -42.9910518, -22.7480226 ], [ -42.9911209, -22.7482965 ], [ -42.9912012, -22.7485143 ], [ -42.9913402, -22.7487924 ], [ -42.9914849, -22.748923 ], [ -42.9915773, -22.7491168 ], [ -42.9914741, -22.7493045 ], [ -42.9913198, -22.7494975 ], [ -42.9911558, -22.749623 ], [ -42.9907628, -22.7497849 ], [ -42.9903579, -22.7498367 ], [ -42.9899628, -22.7498411 ], [ -42.9895484, -22.7498758 ], [ -42.9893801, -22.7499432 ], [ -42.9893747, -22.7499691 ], [ -42.9892003, -22.7499094 ], [ -42.9888821, -22.7497676 ], [ -42.9887266, -22.7497162 ], [ -42.9885969, -22.749697 ], [ -42.9884549, -22.7497051 ], [ -42.9884066, -22.7497078 ], [ -42.988208, -22.7497666 ], [ -42.9880807, -22.7498044 ], [ -42.9879425, -22.7498732 ], [ -42.9877934, -22.7499191 ], [ -42.987669, -22.7499298 ], [ -42.9875515, -22.7500131 ], [ -42.9874425, -22.750066 ], [ -42.9873513, -22.7501036 ], [ -42.9864983, -22.7507361 ], [ -42.9864756, -22.7507528 ], [ -42.9863765, -22.7508259 ], [ -42.9862008, -22.7509751 ], [ -42.9860872, -22.7510557 ], [ -42.9856736, -22.7513271 ], [ -42.9851749, -22.7515649 ], [ -42.9845912, -22.7518648 ], [ -42.9836905, -22.7523203 ], [ -42.9828597, -22.7527486 ], [ -42.9821291, -22.7531006 ], [ -42.9814802, -22.7534131 ], [ -42.9814042, -22.7534532 ], [ -42.9813294, -22.7534928 ], [ -42.9811089, -22.7536095 ], [ -42.9807665, -22.7538006 ], [ -42.9803999, -22.7539417 ], [ -42.9800359, -22.7541567 ], [ -42.9772085, -22.7556043 ], [ -42.9769407, -22.7556689 ], [ -42.9768718, -22.7556882 ], [ -42.9749074, -22.7562383 ], [ -42.9727066, -22.7568004 ], [ -42.970423, -22.7573768 ], [ -42.9703062, -22.7573921 ], [ -42.9702037, -22.7574008 ], [ -42.9699752, -22.7574519 ], [ -42.9698736, -22.7574746 ], [ -42.9698127, -22.7574882 ], [ -42.9671803, -22.758257 ], [ -42.9668608, -22.7582821 ], [ -42.9667866, -22.7583274 ], [ -42.9666564, -22.7584036 ], [ -42.9665286, -22.7584357 ], [ -42.9663739, -22.7584245 ], [ -42.9655233, -22.7584406 ], [ -42.9655145, -22.7584415 ], [ -42.9616069, -22.7588101 ], [ -42.9615541, -22.7588776 ], [ -42.9614938, -22.7591407 ], [ -42.9617819, -22.7598913 ], [ -42.9619053, -22.7599137 ], [ -42.9629491, -22.7632477 ], [ -42.9612452, -22.767733 ], [ -42.9612483, -22.767829 ], [ -42.9617276, -22.7679433 ], [ -42.9613749, -22.7691201 ], [ -42.9613792, -22.7691665 ], [ -42.9615628, -22.7695265 ], [ -42.9611285, -22.7699708 ], [ -42.9607774, -22.7698487 ], [ -42.9607298, -22.7698625 ], [ -42.9605321, -22.770128 ], [ -42.9595987, -22.77041 ], [ -42.9593471, -22.7702583 ], [ -42.9593126, -22.7702403 ], [ -42.9592922, -22.7702666 ], [ -42.9590441, -22.7704134 ], [ -42.9588224, -22.7702814 ], [ -42.958766, -22.770287 ], [ -42.9585353, -22.7704514 ], [ -42.9575061, -22.7722289 ], [ -42.9576311, -22.7724034 ], [ -42.9575917, -22.7724319 ], [ -42.9575699, -22.7724714 ], [ -42.957213, -22.772566 ], [ -42.956383, -22.7741158 ], [ -42.9565002, -22.7744153 ], [ -42.9565214, -22.7744476 ], [ -42.9564814, -22.7744519 ], [ -42.9560711, -22.7746586 ], [ -42.9551879, -22.7763335 ], [ -42.9545535, -22.7775367 ], [ -42.9546878, -22.7777219 ], [ -42.9547022, -22.7778165 ], [ -42.9546873, -22.7778485 ], [ -42.9600459, -22.779022 ], [ -42.9601467, -22.7790441 ], [ -42.962774, -22.7796195 ], [ -42.9654823, -22.780244 ], [ -42.9703446, -22.7813164 ], [ -42.9704174, -22.781332 ] ] ] } },
{ "type": "Feature", "properties": { "id": 61, "cod_bairro": "3304904062", "nm_bairro": "Jardim Catarina", "area_km2": 10.987939479157498, "cod_munic": "3304904", "nm_munic": "São Gonçalo", "cod_uf": "33", "sig_uf": "RJ" }, "geometry": { "type": "Polygon", "coordinates": [ [ [ -43.0065885, -22.8167503 ], [ -43.0068585, -22.8166032 ], [ -43.0073065, -22.8163571 ], [ -43.0074477, -22.816277 ], [ -43.0078218, -22.8160368 ], [ -43.007968, -22.8158978 ], [ -43.0081087, -22.8157608 ], [ -43.0082577, -22.8155009 ], [ -43.0083595, -22.815231 ], [ -43.0083534, -22.8149793 ], [ -43.0083453, -22.8148434 ], [ -43.0083281, -22.8146625 ], [ -43.0082527, -22.8144904 ], [ -43.0079855, -22.8140634 ], [ -43.0077742, -22.8138358 ], [ -43.007669, -22.813672 ], [ -43.0075477, -22.8133274 ], [ -43.0073864, -22.8129738 ], [ -43.0071589, -22.8125204 ], [ -43.0069696, -22.8121389 ], [ -43.0069415, -22.812093 ], [ -43.0068092, -22.8117944 ], [ -43.0067159, -22.8114777 ], [ -43.0066879, -22.8113599 ], [ -43.0066617, -22.811188 ], [ -43.0066436, -22.8110432 ], [ -43.0065822, -22.8105556 ], [ -43.006567, -22.8102759 ], [ -43.0065399, -22.810131 ], [ -43.0064333, -22.8093718 ], [ -43.0063972, -22.809146 ], [ -43.00636, -22.8090102 ], [ -43.006194, -22.8076465 ], [ -43.0061517, -22.8071949 ], [ -43.0061664, -22.8068432 ], [ -43.0062654, -22.8067352 ], [ -43.0063644, -22.8066012 ], [ -43.006515, -22.8063405 ], [ -43.0066043, -22.8061804 ], [ -43.0067821, -22.8059305 ], [ -43.006808, -22.8058374 ], [ -43.0068241, -22.8057765 ], [ -43.0069631, -22.8055886 ], [ -43.007024, -22.8054007 ], [ -43.0070859, -22.8051758 ], [ -43.0072248, -22.8050058 ], [ -43.0073257, -22.804709 ], [ -43.0074191, -22.8044527 ], [ -43.0074276, -22.8044301 ], [ -43.0075175, -22.8042332 ], [ -43.0075894, -22.8040263 ], [ -43.0077612, -22.8035865 ], [ -43.0079011, -22.8032997 ], [ -43.0079511, -22.8032187 ], [ -43.008001, -22.8031287 ], [ -43.008091, -22.8029408 ], [ -43.00825, -22.8027618 ], [ -43.008427, -22.8026467 ], [ -43.008614, -22.8025227 ], [ -43.0088981, -22.8023905 ], [ -43.0090742, -22.8023294 ], [ -43.0092122, -22.8022594 ], [ -43.0093392, -22.8021883 ], [ -43.0094573, -22.8021173 ], [ -43.0095653, -22.8020732 ], [ -43.0097613, -22.8019491 ], [ -43.0100074, -22.8017811 ], [ -43.0101554, -22.801674 ], [ -43.0103444, -22.8015236 ], [ -43.0104516, -22.8014303 ], [ -43.0105494, -22.8013359 ], [ -43.0106884, -22.8012199 ], [ -43.0109111, -22.8009959 ], [ -43.0111224, -22.8007829 ], [ -43.0112714, -22.8006229 ], [ -43.0114094, -22.8004889 ], [ -43.0114593, -22.8003899 ], [ -43.0115493, -22.800256 ], [ -43.0115512, -22.8000751 ], [ -43.011624, -22.7998053 ], [ -43.0116592, -22.7994486 ], [ -43.0117106, -22.7991388 ], [ -43.0117844, -22.798743 ], [ -43.0118382, -22.7983913 ], [ -43.0118501, -22.7982114 ], [ -43.011823, -22.7980846 ], [ -43.0117078, -22.7979568 ], [ -43.0115936, -22.797775 ], [ -43.0114304, -22.7975844 ], [ -43.011123, -22.7972739 ], [ -43.0110178, -22.7970922 ], [ -43.0109988, -22.7970652 ], [ -43.0107785, -22.7968186 ], [ -43.0106252, -22.7966009 ], [ -43.010482, -22.7963643 ], [ -43.0103116, -22.7960377 ], [ -43.0101023, -22.7956742 ], [ -43.0100171, -22.7954655 ], [ -43.0099728, -22.7951677 ], [ -43.0099757, -22.7949419 ], [ -43.0100076, -22.7947621 ], [ -43.0100276, -22.7946991 ], [ -43.0101075, -22.7946011 ], [ -43.0100885, -22.7945462 ], [ -43.0101694, -22.7943573 ], [ -43.0103764, -22.7941612 ], [ -43.0107705, -22.7938771 ], [ -43.0111145, -22.793674 ], [ -43.0114786, -22.7933989 ], [ -43.0118036, -22.7931498 ], [ -43.0122366, -22.7928117 ], [ -43.0124537, -22.7926427 ], [ -43.0126507, -22.7924736 ], [ -43.0128667, -22.7923405 ], [ -43.0131327, -22.7921365 ], [ -43.0134378, -22.7919144 ], [ -43.0137338, -22.7916923 ], [ -43.0139989, -22.7915152 ], [ -43.0142249, -22.7913642 ], [ -43.0143819, -22.7912851 ], [ -43.014529, -22.791232 ], [ -43.014627, -22.79117 ], [ -43.014648, -22.791126 ], [ -43.0146674, -22.791076 ], [ -43.0146843, -22.7910326 ], [ -43.0146931, -22.7910099 ], [ -43.0147058, -22.7909771 ], [ -43.0147179, -22.7909461 ], [ -43.0147617, -22.7906123 ], [ -43.0148055, -22.7902975 ], [ -43.0147912, -22.7898729 ], [ -43.014806, -22.7895482 ], [ -43.0147546, -22.7889977 ], [ -43.0147965, -22.7887998 ], [ -43.0149055, -22.7886838 ], [ -43.0151315, -22.7885418 ], [ -43.0153466, -22.7884536 ], [ -43.0155437, -22.7883296 ], [ -43.0157797, -22.7881885 ], [ -43.0159658, -22.7881094 ], [ -43.0162998, -22.7878962 ], [ -43.0166049, -22.7876931 ], [ -43.0167829, -22.7875101 ], [ -43.0168519, -22.7874341 ], [ -43.0169699, -22.7873361 ], [ -43.0170027, -22.7871383 ], [ -43.0169466, -22.7869025 ], [ -43.0168642, -22.7865139 ], [ -43.01683, -22.7862152 ], [ -43.0168119, -22.7860803 ], [ -43.0167805, -22.7855298 ], [ -43.0168162, -22.7850512 ], [ -43.0167948, -22.7845097 ], [ -43.0167454, -22.7838693 ], [ -43.0167158, -22.7831559 ], [ -43.0167083, -22.7823436 ], [ -43.0166888, -22.7815763 ], [ -43.016655, -22.7805033 ], [ -43.0166523, -22.7803951 ], [ -43.0166427, -22.7800157 ], [ -43.0165485, -22.7783452 ], [ -43.0165142, -22.7780205 ], [ -43.016409, -22.7778657 ], [ -43.0162168, -22.77771 ], [ -43.0159746, -22.7776083 ], [ -43.01593, -22.7775916 ], [ -43.015305, -22.7773562 ], [ -43.0144823, -22.7770132 ], [ -43.0137075, -22.7766342 ], [ -43.0128657, -22.7762643 ], [ -43.0128357, -22.7762543 ], [ -43.0116365, -22.775636 ], [ -43.0107557, -22.7752471 ], [ -43.0093604, -22.7746629 ], [ -43.0084496, -22.774264 ], [ -43.0078881, -22.7740048 ], [ -43.0072295, -22.7737266 ], [ -43.0066009, -22.7734304 ], [ -43.0060013, -22.7731172 ], [ -43.0053807, -22.772848 ], [ -43.0048482, -22.7726527 ], [ -43.0041706, -22.7723196 ], [ -43.0036281, -22.7720883 ], [ -43.0030566, -22.771838 ], [ -43.0025831, -22.7715976 ], [ -43.0022438, -22.771459 ], [ -43.001343, -22.7710872 ], [ -43.0004231, -22.7706614 ], [ -42.9985163, -22.7697918 ], [ -42.9966476, -22.7689213 ], [ -42.9948759, -22.7681256 ], [ -42.9943244, -22.7678393 ], [ -42.994094, -22.7675837 ], [ -42.9937805, -22.7670295 ], [ -42.9930462, -22.7658931 ], [ -42.9926755, -22.7652131 ], [ -42.9923339, -22.7645679 ], [ -42.9921526, -22.7643043 ], [ -42.9921345, -22.7642324 ], [ -42.992111, -22.7644403 ], [ -42.9920567, -22.7647715 ], [ -42.9919132, -22.7654296 ], [ -42.9917704, -22.7658783 ], [ -42.9917086, -22.7661301 ], [ -42.9915477, -22.766444 ], [ -42.9913607, -22.7665961 ], [ -42.9911746, -22.7666652 ], [ -42.9910076, -22.7667812 ], [ -42.9908696, -22.7668963 ], [ -42.9907696, -22.7670852 ], [ -42.9907377, -22.7672651 ], [ -42.990889, -22.7675467 ], [ -42.9909718, -22.7676238 ], [ -42.9910746, -22.7676181 ], [ -42.9912601, -22.7676267 ], [ -42.9914943, -22.7675696 ], [ -42.9916827, -22.7675639 ], [ -42.9918597, -22.7676124 ], [ -42.9919511, -22.7677409 ], [ -42.9920739, -22.7679493 ], [ -42.9920967, -22.7681577 ], [ -42.9919702, -22.7682811 ], [ -42.9917832, -22.7684321 ], [ -42.9914082, -22.7687702 ], [ -42.9909542, -22.7691712 ], [ -42.9908804, -22.7693027 ], [ -42.9908404, -22.7694768 ], [ -42.9907405, -22.7699279 ], [ -42.9905635, -22.770439 ], [ -42.9904407, -22.7710272 ], [ -42.9903551, -22.7715068 ], [ -42.9902608, -22.7719037 ], [ -42.9901267, -22.7724605 ], [ -42.9901218, -22.7724799 ], [ -42.9900039, -22.7729573 ], [ -42.9900182, -22.77318 ], [ -42.9899525, -22.7733456 ], [ -42.9898672, -22.7734352 ], [ -42.9897127, -22.7735112 ], [ -42.9895442, -22.7735483 ], [ -42.9892101, -22.7735854 ], [ -42.9890531, -22.7736168 ], [ -42.988913, -22.7737032 ], [ -42.988795, -22.7737922 ], [ -42.9887705, -22.7738142 ], [ -42.9887497, -22.7738443 ], [ -42.98889, -22.7741429 ], [ -42.9892139, -22.7745472 ], [ -42.9911767, -22.7757817 ], [ -42.994902, -22.7778683 ], [ -42.9952981, -22.7780646 ], [ -42.9936644, -22.7814114 ], [ -42.9936503, -22.7814392 ], [ -42.9935935, -22.7814793 ], [ -42.9926178, -22.7821162 ], [ -42.9909473, -22.7854541 ], [ -42.9913509, -22.7857616 ], [ -42.9913922, -22.7858191 ], [ -42.9913592, -22.7859173 ], [ -42.9913059, -22.7860274 ], [ -42.9906461, -22.7862072 ], [ -42.9903982, -22.7877886 ], [ -42.9902978, -22.7879895 ], [ -42.9899683, -22.7884162 ], [ -42.9890281, -22.7893757 ], [ -42.9874273, -22.7928562 ], [ -42.9877066, -22.7933412 ], [ -42.9876912, -22.7933684 ], [ -42.9870789, -22.7934901 ], [ -42.9864174, -22.7949512 ], [ -42.9867328, -22.7952825 ], [ -42.9867196, -22.7953201 ], [ -42.9860523, -22.795721 ], [ -42.9842952, -22.7994864 ], [ -42.9844169, -22.799924 ], [ -42.9843966, -22.7999563 ], [ -42.9843735, -22.7999879 ], [ -42.9840761, -22.8000212 ], [ -42.9839176, -22.8003334 ], [ -42.9840814, -22.8005859 ], [ -42.984058, -22.8006212 ], [ -42.9838024, -22.8006408 ], [ -42.9836583, -22.8009385 ], [ -42.9837985, -22.8011208 ], [ -42.9837635, -22.8011983 ], [ -42.9834854, -22.8012123 ], [ -42.9833845, -22.8014428 ], [ -42.9835441, -22.8018167 ], [ -42.9835415, -22.8018265 ], [ -42.9835392, -22.8018355 ], [ -42.9832405, -22.801755 ], [ -42.983082, -22.8021296 ], [ -42.9833734, -22.8025098 ], [ -42.9833658, -22.8025823 ], [ -42.9831492, -22.802605 ], [ -42.9832788, -22.8034213 ], [ -42.9833375, -22.8035303 ], [ -42.9834468, -22.8037332 ], [ -42.9834248, -22.8037592 ], [ -42.9832345, -22.8039914 ], [ -42.9833696, -22.8041298 ], [ -42.9835699, -22.8043212 ], [ -42.9836166, -22.8043654 ], [ -42.9836992, -22.8044429 ], [ -42.9839661, -22.8046604 ], [ -42.9842106, -22.804874 ], [ -42.9843759, -22.8048247 ], [ -42.9848913, -22.8050697 ], [ -42.9859125, -22.8055504 ], [ -42.9866282, -22.8058655 ], [ -42.9866693, -22.8058819 ], [ -42.9865489, -22.8061172 ], [ -42.9878501, -22.806701 ], [ -42.9914839, -22.8083491 ], [ -42.9942789, -22.8096352 ], [ -42.994323, -22.8096337 ], [ -42.9944547, -22.8097336 ], [ -42.9946102, -22.8097847 ], [ -42.9950129, -22.8099473 ], [ -42.9953135, -22.8100904 ], [ -42.9961358, -22.8105153 ], [ -42.9964073, -22.8107288 ], [ -42.9966054, -22.8109012 ], [ -42.9972891, -22.8117378 ], [ -42.9978268, -22.8124652 ], [ -42.9981142, -22.8127762 ], [ -42.998558, -22.813268 ], [ -42.9990405, -22.8136196 ], [ -42.9989881, -22.8136866 ], [ -42.9994699, -22.8139945 ], [ -42.9998294, -22.8142184 ], [ -43.0002295, -22.8144672 ], [ -43.0001889, -22.8145052 ], [ -43.0002952, -22.8145664 ], [ -43.0004127, -22.8146341 ], [ -43.0005867, -22.8147579 ], [ -43.0007075, -22.8148439 ], [ -43.0007258, -22.8148619 ], [ -43.0013215, -22.8151174 ], [ -43.0056505, -22.8169737 ], [ -43.0056752, -22.8169844 ], [ -43.0060165, -22.8171307 ], [ -43.0060434, -22.8171085 ], [ -43.0063874, -22.8168594 ], [ -43.0065885, -22.8167503 ] ] ] } },
{ "type": "Feature", "properties": { "id": 62, "cod_bairro": "3304904063", "nm_bairro": "Lagoinha", "area_km2": 0.4477422148627751, "cod_munic": "3304904", "nm_munic": "São Gonçalo", "cod_uf": "33", "sig_uf": "RJ" }, "geometry": { "type": "Polygon", "coordinates": [ [ [ -42.9849679, -22.8247225 ], [ -42.9849988, -22.8247202 ], [ -42.9847515, -22.8246219 ], [ -42.9846867, -22.8242878 ], [ -42.9848546, -22.8241043 ], [ -42.9848824, -22.8240768 ], [ -42.9848441, -22.8240393 ], [ -42.9844105, -22.8239911 ], [ -42.9843871, -22.8236341 ], [ -42.984771, -22.8234668 ], [ -42.9847975, -22.8234254 ], [ -42.9847624, -22.823401 ], [ -42.9845607, -22.8232617 ], [ -42.983565, -22.8232437 ], [ -42.9834751, -22.822506 ], [ -42.9845793, -22.8221679 ], [ -42.9845716, -22.8220951 ], [ -42.9842548, -22.8220262 ], [ -42.9841948, -22.8217203 ], [ -42.9845854, -22.8214825 ], [ -42.9845508, -22.8214732 ], [ -42.984496, -22.8214586 ], [ -42.9842472, -22.8213582 ], [ -42.9841975, -22.8209789 ], [ -42.984422, -22.8208187 ], [ -42.9843864, -22.8207945 ], [ -42.9841772, -22.8207384 ], [ -42.9841257, -22.8202971 ], [ -42.9843148, -22.8202054 ], [ -42.9843504, -22.8201639 ], [ -42.9843186, -22.8201365 ], [ -42.9840301, -22.8199368 ], [ -42.9820517, -22.8201942 ], [ -42.981877, -22.8204945 ], [ -42.981812, -22.8204975 ], [ -42.9814854, -22.8202457 ], [ -42.9791687, -22.8205987 ], [ -42.9788551, -22.8209386 ], [ -42.9787821, -22.8209823 ], [ -42.9787307, -22.8209757 ], [ -42.9782967, -22.820786 ], [ -42.9786648, -22.8196453 ], [ -42.9786803, -22.8195974 ], [ -42.9785829, -22.8195573 ], [ -42.9786178, -22.8194064 ], [ -42.9786528, -22.8189536 ], [ -42.9786641, -22.8186318 ], [ -42.9786351, -22.8183877 ], [ -42.9785602, -22.8180686 ], [ -42.9784007, -22.8175698 ], [ -42.9783362, -22.8172374 ], [ -42.9782308, -22.8170393 ], [ -42.9781253, -22.8168036 ], [ -42.9780693, -22.8166188 ], [ -42.9778973, -22.8165757 ], [ -42.9778852, -22.816548 ], [ -42.9778431, -22.8165584 ], [ -42.9776081, -22.8166165 ], [ -42.9775138, -22.8170983 ], [ -42.9778634, -22.8173731 ], [ -42.9778529, -22.8174011 ], [ -42.9778424, -22.817429 ], [ -42.9774777, -22.8174602 ], [ -42.9773037, -22.8178603 ], [ -42.9775306, -22.8181505 ], [ -42.9775014, -22.8182123 ], [ -42.977121, -22.8182605 ], [ -42.9769384, -22.818678 ], [ -42.9771606, -22.8189459 ], [ -42.9771909, -22.8190011 ], [ -42.9771241, -22.8190155 ], [ -42.9766631, -22.8190563 ], [ -42.9766076, -22.8191711 ], [ -42.9761852, -22.8201092 ], [ -42.9761579, -22.8201698 ], [ -42.9764053, -22.8204596 ], [ -42.9763847, -22.8205012 ], [ -42.9760169, -22.8204637 ], [ -42.9758265, -22.8208565 ], [ -42.9760408, -22.8211966 ], [ -42.9760541, -22.8212517 ], [ -42.9760154, -22.8212689 ], [ -42.975636, -22.8212738 ], [ -42.9754915, -22.8215693 ], [ -42.9757181, -22.8218584 ], [ -42.9757199, -22.8218697 ], [ -42.975732, -22.8219435 ], [ -42.9756658, -22.8219847 ], [ -42.9753457, -22.8219783 ], [ -42.9753235, -22.8221416 ], [ -42.9756016, -22.8223116 ], [ -42.9755958, -22.8223396 ], [ -42.9755908, -22.8223635 ], [ -42.9753067, -22.8224504 ], [ -42.9752683, -22.8227668 ], [ -42.9754976, -22.8229431 ], [ -42.9755233, -22.82298 ], [ -42.9755582, -22.8229794 ], [ -42.975764, -22.822996 ], [ -42.9765511, -22.8230049 ], [ -42.9778954, -22.8229113 ], [ -42.9802622, -22.8240261 ], [ -42.9804261, -22.8241018 ], [ -42.9809894, -22.824363 ], [ -42.9810365, -22.8243847 ], [ -42.981216, -22.824503 ], [ -42.9818211, -22.825292 ], [ -42.9820295, -22.8254733 ], [ -42.9823605, -22.8256191 ], [ -42.9824052, -22.8256388 ], [ -42.9824339, -22.82565 ], [ -42.9838471, -22.8259726 ], [ -42.98453, -22.8261473 ], [ -42.9851167, -22.8263404 ], [ -42.9850204, -22.8262579 ], [ -42.9849815, -22.8262245 ], [ -42.9850396, -22.8260499 ], [ -42.9852234, -22.8260408 ], [ -42.985264, -22.8260387 ], [ -42.9851992, -22.8260089 ], [ -42.984865, -22.8257236 ], [ -42.9847356, -22.8249191 ], [ -42.9849679, -22.8247225 ] ] ] } },
{ "type": "Feature", "properties": { "id": 63, "cod_bairro": "3304904064", "nm_bairro": "Laranjal", "area_km2": 2.7783242551153107, "cod_munic": "3304904", "nm_munic": "São Gonçalo", "cod_uf": "33", "sig_uf": "RJ" }, "geometry": { "type": "Polygon", "coordinates": [ [ [ -42.9882139, -22.819311 ], [ -42.9884769, -22.8192659 ], [ -42.9889789, -22.8192307 ], [ -42.9893335, -22.8192058 ], [ -42.9898285, -22.8192152 ], [ -42.9909494, -22.8192633 ], [ -42.9911089, -22.8188723 ], [ -42.9911753, -22.8187287 ], [ -42.9913936, -22.8188531 ], [ -42.9914133, -22.8188643 ], [ -42.991429, -22.8188305 ], [ -42.991519, -22.8186364 ], [ -42.9925245, -22.8184932 ], [ -42.9924704, -22.8179618 ], [ -42.9934059, -22.81786 ], [ -42.9934007, -22.8177606 ], [ -42.9936127, -22.8177099 ], [ -42.9936223, -22.8176653 ], [ -42.9933979, -22.8174465 ], [ -42.9936725, -22.817037 ], [ -42.9939583, -22.8170701 ], [ -42.9940232, -22.8170653 ], [ -42.9940285, -22.8170104 ], [ -42.9939646, -22.8168445 ], [ -42.994368, -22.8165071 ], [ -42.9945771, -22.8165964 ], [ -42.9946266, -22.8165579 ], [ -42.9946326, -22.8163749 ], [ -42.9949766, -22.8161566 ], [ -42.9952152, -22.816151 ], [ -42.9952593, -22.8161233 ], [ -42.9952477, -22.8159515 ], [ -42.9956512, -22.8157002 ], [ -42.9958375, -22.8157075 ], [ -42.9958884, -22.815723 ], [ -42.9958813, -22.8157854 ], [ -42.9958006, -22.8159568 ], [ -42.9959713, -22.8161718 ], [ -42.9961393, -22.8161368 ], [ -42.9961899, -22.8161312 ], [ -42.9964573, -22.8165683 ], [ -42.9970155, -22.8162317 ], [ -42.9970064, -22.8158503 ], [ -42.9970459, -22.8158228 ], [ -42.9972647, -22.815798 ], [ -42.9975452, -22.8161127 ], [ -42.9975034, -22.8164007 ], [ -42.9975068, -22.8164393 ], [ -42.9975478, -22.8164564 ], [ -42.9980584, -22.8165711 ], [ -42.9993879, -22.8155648 ], [ -42.9992997, -22.8151988 ], [ -42.9993455, -22.8151708 ], [ -42.9997172, -22.8152842 ], [ -43.0000526, -22.8149671 ], [ -42.9999705, -22.8147029 ], [ -42.9999709, -22.8146679 ], [ -43.0000576, -22.8146031 ], [ -43.0001254, -22.8145526 ], [ -43.0001401, -22.8145416 ], [ -43.0001433, -22.8145392 ], [ -43.0001466, -22.8145368 ], [ -43.0001531, -22.8145319 ], [ -43.0001889, -22.8145052 ], [ -43.0002295, -22.8144672 ], [ -42.9998294, -22.8142184 ], [ -42.9994699, -22.8139945 ], [ -42.9989881, -22.8136866 ], [ -42.9990405, -22.8136196 ], [ -42.998558, -22.813268 ], [ -42.9981142, -22.8127762 ], [ -42.9978268, -22.8124652 ], [ -42.9972891, -22.8117378 ], [ -42.9966054, -22.8109012 ], [ -42.9964073, -22.8107288 ], [ -42.9961358, -22.8105153 ], [ -42.9953135, -22.8100904 ], [ -42.9950129, -22.8099473 ], [ -42.9946102, -22.8097847 ], [ -42.9944547, -22.8097336 ], [ -42.994323, -22.8096337 ], [ -42.9942789, -22.8096352 ], [ -42.9914839, -22.8083491 ], [ -42.9878501, -22.806701 ], [ -42.9865489, -22.8061172 ], [ -42.9866693, -22.8058819 ], [ -42.9866282, -22.8058655 ], [ -42.9859125, -22.8055504 ], [ -42.9848913, -22.8050697 ], [ -42.9843759, -22.8048247 ], [ -42.9842106, -22.804874 ], [ -42.9839661, -22.8046604 ], [ -42.9836992, -22.8044429 ], [ -42.9836166, -22.8043654 ], [ -42.9835699, -22.8043212 ], [ -42.9832861, -22.8048827 ], [ -42.9833904, -22.8058497 ], [ -42.9833947, -22.80589 ], [ -42.9836713, -22.8060283 ], [ -42.983674, -22.8061176 ], [ -42.9836756, -22.8061724 ], [ -42.9836761, -22.8061894 ], [ -42.9833261, -22.8061951 ], [ -42.981196, -22.8062081 ], [ -42.980805, -22.8062066 ], [ -42.9794126, -22.8062168 ], [ -42.9791146, -22.8063399 ], [ -42.9784384, -22.8063627 ], [ -42.9781103, -22.8063744 ], [ -42.9777263, -22.8064011 ], [ -42.9775055, -22.8064284 ], [ -42.9772485, -22.8064799 ], [ -42.9769824, -22.806544 ], [ -42.9765556, -22.8066704 ], [ -42.9763872, -22.8067218 ], [ -42.9756976, -22.8069325 ], [ -42.9750868, -22.8071137 ], [ -42.9746483, -22.8072219 ], [ -42.9745365, -22.807277 ], [ -42.9745362, -22.8073021 ], [ -42.9745361, -22.8073038 ], [ -42.9745353, -22.8073693 ], [ -42.9745325, -22.8075876 ], [ -42.9746121, -22.807742 ], [ -42.9748638, -22.8079098 ], [ -42.9749956, -22.8081404 ], [ -42.9750304, -22.808489 ], [ -42.9753492, -22.808987 ], [ -42.9756878, -22.8093156 ], [ -42.9758372, -22.8093704 ], [ -42.9760065, -22.8095248 ], [ -42.9762256, -22.809973 ], [ -42.9762256, -22.8101324 ], [ -42.9761054, -22.8103479 ], [ -42.976104, -22.8103795 ], [ -42.9760994, -22.8104036 ], [ -42.9760987, -22.8104394 ], [ -42.9761047, -22.8104955 ], [ -42.9761156, -22.8105461 ], [ -42.9761316, -22.8106094 ], [ -42.9761594, -22.8107106 ], [ -42.9762341, -22.8108212 ], [ -42.9766609, -22.8112767 ], [ -42.9766795, -22.8112966 ], [ -42.9768326, -22.8114078 ], [ -42.9768717, -22.8114436 ], [ -42.976905, -22.8114715 ], [ -42.9769377, -22.8115185 ], [ -42.9769769, -22.8115733 ], [ -42.9770282, -22.8116475 ], [ -42.9770746, -22.8117313 ], [ -42.9770992, -22.8118021 ], [ -42.977117, -22.8118856 ], [ -42.9771342, -22.8119871 ], [ -42.9771489, -22.812088 ], [ -42.9771688, -22.8122249 ], [ -42.9771769, -22.8123804 ], [ -42.9771833, -22.8124666 ], [ -42.9772093, -22.8126395 ], [ -42.9772397, -22.8127509 ], [ -42.9772445, -22.8128832 ], [ -42.9772716, -22.8130191 ], [ -42.9772997, -22.813119 ], [ -42.9773058, -22.8133438 ], [ -42.9773429, -22.8134886 ], [ -42.9774672, -22.8136988 ], [ -42.9775778, -22.8139437 ], [ -42.9775975, -22.8140879 ], [ -42.9774404, -22.8144158 ], [ -42.9773948, -22.8145024 ], [ -42.9773629, -22.8147439 ], [ -42.9773994, -22.8148487 ], [ -42.9775712, -22.8154974 ], [ -42.9775733, -22.8155045 ], [ -42.9778738, -22.8165099 ], [ -42.9778852, -22.816548 ], [ -42.9778973, -22.8165757 ], [ -42.9780693, -22.8166188 ], [ -42.9781253, -22.8168036 ], [ -42.9782308, -22.8170393 ], [ -42.9783362, -22.8172374 ], [ -42.9784007, -22.8175698 ], [ -42.9785602, -22.8180686 ], [ -42.9786351, -22.8183877 ], [ -42.9786641, -22.8186318 ], [ -42.9786528, -22.8189536 ], [ -42.9786178, -22.8194064 ], [ -42.9785829, -22.8195573 ], [ -42.9786803, -22.8195974 ], [ -42.9786648, -22.8196453 ], [ -42.9782967, -22.820786 ], [ -42.9787307, -22.8209757 ], [ -42.9787821, -22.8209823 ], [ -42.9788551, -22.8209386 ], [ -42.9791687, -22.8205987 ], [ -42.9814854, -22.8202457 ], [ -42.981812, -22.8204975 ], [ -42.981877, -22.8204945 ], [ -42.9820517, -22.8201942 ], [ -42.9840301, -22.8199368 ], [ -42.9843186, -22.8201365 ], [ -42.9843504, -22.8201639 ], [ -42.9843821, -22.8201215 ], [ -42.9844488, -22.8198328 ], [ -42.9847704, -22.8197933 ], [ -42.9848563, -22.8200446 ], [ -42.9849324, -22.8200322 ], [ -42.9850129, -22.8197339 ], [ -42.9863834, -22.819536 ], [ -42.9865385, -22.8197751 ], [ -42.9865801, -22.8197692 ], [ -42.9866506, -22.8194914 ], [ -42.9877935, -22.8193381 ], [ -42.9879436, -22.8195677 ], [ -42.9879763, -22.8195882 ], [ -42.9880053, -22.8195596 ], [ -42.9882139, -22.819311 ] ] ] } },
{ "type": "Feature", "properties": { "id": 64, "cod_bairro": "3304904065", "nm_bairro": "Largo da Ideia", "area_km2": 1.6251149813398416, "cod_munic": "3304904", "nm_munic": "São Gonçalo", "cod_uf": "33", "sig_uf": "RJ" }, "geometry": { "type": "Polygon", "coordinates": [ [ [ -42.9178878, -22.8237748 ], [ -42.9179397, -22.8237868 ], [ -42.9181634, -22.8238388 ], [ -42.9189372, -22.8240331 ], [ -42.9189753, -22.8240442 ], [ -42.9195032, -22.8241968 ], [ -42.91962, -22.8242509 ], [ -42.9201331, -22.8243912 ], [ -42.9211653, -22.824695 ], [ -42.9214335, -22.8247922 ], [ -42.9216845, -22.8248784 ], [ -42.9219576, -22.8250617 ], [ -42.9223661, -22.82548 ], [ -42.9229037, -22.8260619 ], [ -42.9233331, -22.826554 ], [ -42.9236406, -22.8268001 ], [ -42.923808, -22.8269699 ], [ -42.9239864, -22.8271802 ], [ -42.9241857, -22.827414 ], [ -42.9242878, -22.8275543 ], [ -42.9244059, -22.8277523 ], [ -42.9245498, -22.8279873 ], [ -42.9247122, -22.8282543 ], [ -42.9248291, -22.8284524 ], [ -42.9249398, -22.828632 ], [ -42.9250838, -22.8288658 ], [ -42.9252302, -22.8290983 ], [ -42.9252856, -22.8292767 ], [ -42.9253089, -22.8295166 ], [ -42.9253323, -22.8298734 ], [ -42.9254221, -22.8300444 ], [ -42.9254959, -22.8301736 ], [ -42.9256522, -22.8304344 ], [ -42.9257814, -22.8306177 ], [ -42.926004, -22.8309376 ], [ -42.9261086, -22.83102 ], [ -42.9262944, -22.8310987 ], [ -42.9265528, -22.8312058 ], [ -42.9270793, -22.8314235 ], [ -42.9274656, -22.831581 ], [ -42.9278876, -22.8317594 ], [ -42.9282678, -22.8319858 ], [ -42.9286147, -22.8322454 ], [ -42.9292323, -22.8327264 ], [ -42.9300923, -22.8334412 ], [ -42.9305894, -22.8337734 ], [ -42.9311073, -22.8341413 ], [ -42.9318799, -22.83469 ], [ -42.9320141, -22.8348106 ], [ -42.9322109, -22.8351194 ], [ -42.9324803, -22.8354565 ], [ -42.9326723, -22.835705 ], [ -42.9331312, -22.8363115 ], [ -42.9333785, -22.8365957 ], [ -42.933472, -22.8366622 ], [ -42.9337451, -22.8368159 ], [ -42.9339506, -22.8369451 ], [ -42.9343083, -22.8370166 ], [ -42.934855, -22.8370825 ], [ -42.9354723, -22.8371568 ], [ -42.9355391, -22.8371643 ], [ -42.9358648, -22.8372007 ], [ -42.9363178, -22.8372506 ], [ -42.936522, -22.8372735 ], [ -42.9367341, -22.8372973 ], [ -42.9368083, -22.8373008 ], [ -42.9370532, -22.8373267 ], [ -42.9376252, -22.8375171 ], [ -42.9379228, -22.8376011 ], [ -42.9380641, -22.8376485 ], [ -42.9383242, -22.83767 ], [ -42.9383897, -22.8376754 ], [ -42.9385357, -22.8376874 ], [ -42.9385482, -22.8376381 ], [ -42.938605, -22.8374069 ], [ -42.9386089, -22.8373654 ], [ -42.9384042, -22.8373272 ], [ -42.9379972, -22.8372254 ], [ -42.9373461, -22.8367574 ], [ -42.936817, -22.8362487 ], [ -42.9363897, -22.8356179 ], [ -42.9358606, -22.8348853 ], [ -42.9354129, -22.8345597 ], [ -42.9331948, -22.8334405 ], [ -42.9326073, -22.8329508 ], [ -42.9316076, -22.8321178 ], [ -42.9314448, -22.83108 ], [ -42.9314245, -22.8307747 ], [ -42.9297965, -22.8301032 ], [ -42.9297558, -22.8296759 ], [ -42.9305901, -22.8292893 ], [ -42.9303052, -22.8287195 ], [ -42.9302239, -22.8280276 ], [ -42.9296541, -22.8279462 ], [ -42.9294099, -22.8275799 ], [ -42.9288401, -22.8270508 ], [ -42.9283314, -22.8270305 ], [ -42.9274564, -22.8270101 ], [ -42.9266017, -22.8264607 ], [ -42.9251162, -22.825545 ], [ -42.924404, -22.8253212 ], [ -42.9242412, -22.8246496 ], [ -42.9242615, -22.8228793 ], [ -42.9239766, -22.8223502 ], [ -42.9230202, -22.8207833 ], [ -42.9226539, -22.819949 ], [ -42.9228981, -22.819542 ], [ -42.9232237, -22.819135 ], [ -42.9231016, -22.818667 ], [ -42.9226135, -22.8182105 ], [ -42.9225555, -22.8181607 ], [ -42.9221574, -22.8177625 ], [ -42.9219947, -22.8176811 ], [ -42.9220071, -22.8179265 ], [ -42.9219011, -22.8180908 ], [ -42.9216449, -22.8183718 ], [ -42.921457, -22.8185248 ], [ -42.9213719, -22.818597 ], [ -42.9210379, -22.8187878 ], [ -42.9207563, -22.8189543 ], [ -42.9205586, -22.819159 ], [ -42.9204667, -22.8192778 ], [ -42.9204093, -22.8193581 ], [ -42.9203828, -22.8193951 ], [ -42.9202665, -22.8195436 ], [ -42.9202307, -22.8195894 ], [ -42.9201382, -22.8197078 ], [ -42.9200247, -22.8197352 ], [ -42.9198337, -22.819793 ], [ -42.9196694, -22.8198937 ], [ -42.9194025, -22.8199875 ], [ -42.9191095, -22.8200176 ], [ -42.9188426, -22.8200151 ], [ -42.9186754, -22.8199636 ], [ -42.9185097, -22.8198913 ], [ -42.9183701, -22.8198535 ], [ -42.9183313, -22.8198533 ], [ -42.9179413, -22.8198507 ], [ -42.9176617, -22.8197934 ], [ -42.9175358, -22.8197803 ], [ -42.9173801, -22.8197871 ], [ -42.9171733, -22.819734 ], [ -42.9170721, -22.8196672 ], [ -42.917018, -22.8196658 ], [ -42.9170048, -22.8196655 ], [ -42.9168038, -22.8197197 ], [ -42.9167418, -22.8197391 ], [ -42.9164453, -22.8197949 ], [ -42.9162135, -22.8197507 ], [ -42.9158277, -22.8197017 ], [ -42.915655, -22.8196161 ], [ -42.915605, -22.8195914 ], [ -42.9153806, -22.8192953 ], [ -42.9153243, -22.8191934 ], [ -42.9152917, -22.81914 ], [ -42.9152383, -22.8189636 ], [ -42.9151998, -22.818808 ], [ -42.915051, -22.8186693 ], [ -42.915024, -22.8186419 ], [ -42.9148545, -22.8184701 ], [ -42.914658, -22.8182135 ], [ -42.9145698, -22.817993 ], [ -42.9146036, -22.817848 ], [ -42.9145071, -22.8175928 ], [ -42.9144989, -22.8175813 ], [ -42.9142897, -22.8172751 ], [ -42.9140696, -22.8169912 ], [ -42.9140611, -22.8169882 ], [ -42.9137399, -22.816874 ], [ -42.9134195, -22.8169166 ], [ -42.9132533, -22.8169662 ], [ -42.9132307, -22.8169664 ], [ -42.9132227, -22.8169664 ], [ -42.9128324, -22.8169857 ], [ -42.9125053, -22.8169948 ], [ -42.9121299, -22.8170395 ], [ -42.9119455, -22.8170247 ], [ -42.9116957, -22.8170435 ], [ -42.9115706, -22.8170576 ], [ -42.9114918, -22.8170678 ], [ -42.9112961, -22.8170546 ], [ -42.9111049, -22.8171099 ], [ -42.9109542, -22.8170659 ], [ -42.9108275, -22.8170526 ], [ -42.9108226, -22.8170521 ], [ -42.9107956, -22.817058 ], [ -42.9106795, -22.817083 ], [ -42.9105305, -22.8171273 ], [ -42.910348, -22.8171645 ], [ -42.9101386, -22.8171348 ], [ -42.9099941, -22.8171823 ], [ -42.9098691, -22.8172658 ], [ -42.9097545, -22.8172718 ], [ -42.9095455, -22.8172191 ], [ -42.9093355, -22.8172278 ], [ -42.9090875, -22.8172615 ], [ -42.9088186, -22.8173444 ], [ -42.90862, -22.8173635 ], [ -42.9084633, -22.817381 ], [ -42.9084571, -22.8173817 ], [ -42.9083276, -22.8173966 ], [ -42.9082034, -22.8173172 ], [ -42.9081162, -22.817341 ], [ -42.9081064, -22.8173439 ], [ -42.9079185, -22.8173775 ], [ -42.9077607, -22.8173985 ], [ -42.9077553, -22.8173985 ], [ -42.9077069, -22.8173982 ], [ -42.90757, -22.8174314 ], [ -42.9073784, -22.8174841 ], [ -42.9071591, -22.8175227 ], [ -42.906961, -22.8175491 ], [ -42.9069241, -22.8175489 ], [ -42.9067741, -22.8175001 ], [ -42.9066623, -22.8174637 ], [ -42.9066552, -22.8172631 ], [ -42.9066442, -22.8169848 ], [ -42.9065186, -22.8169223 ], [ -42.9063567, -22.8169082 ], [ -42.9061295, -22.8168935 ], [ -42.9043619, -22.8212165 ], [ -42.9043609, -22.8212189 ], [ -42.9049063, -22.8216695 ], [ -42.9052353, -22.8219855 ], [ -42.9055145, -22.8222471 ], [ -42.9060027, -22.8224976 ], [ -42.9061637, -22.8225589 ], [ -42.9066237, -22.8226714 ], [ -42.9080448, -22.8228247 ], [ -42.9089904, -22.8225282 ], [ -42.9094095, -22.8224465 ], [ -42.9097621, -22.8223183 ], [ -42.9108661, -22.8220753 ], [ -42.9113672, -22.8219353 ], [ -42.912134, -22.8217002 ], [ -42.9124407, -22.8216593 ], [ -42.9132969, -22.8216325 ], [ -42.9133475, -22.8217021 ], [ -42.9137668, -22.8220321 ], [ -42.9146796, -22.8227906 ], [ -42.9150403, -22.8231329 ], [ -42.9152809, -22.8233673 ], [ -42.915617, -22.823836 ], [ -42.9157588, -22.8240395 ], [ -42.9159119, -22.8242275 ], [ -42.9160005, -22.8243948 ], [ -42.91619, -22.8243678 ], [ -42.9164286, -22.8243432 ], [ -42.9166673, -22.8243112 ], [ -42.9169085, -22.8242718 ], [ -42.9171201, -22.8242448 ], [ -42.9173514, -22.8239396 ], [ -42.9174892, -22.823792 ], [ -42.9175393, -22.8237432 ], [ -42.9175689, -22.8237142 ], [ -42.9175782, -22.8237051 ], [ -42.9175876, -22.823696 ], [ -42.9178878, -22.8237748 ] ] ] } },
{ "type": "Feature", "properties": { "id": 65, "cod_bairro": "3304904066", "nm_bairro": "Marambaia", "area_km2": 2.1272111787036829, "cod_munic": "3304904", "nm_munic": "São Gonçalo", "cod_uf": "33", "sig_uf": "RJ" }, "geometry": { "type": "Polygon", "coordinates": [ [ [ -42.9464904, -22.8045169 ], [ -42.9465531, -22.8044974 ], [ -42.9470401, -22.8045776 ], [ -42.9478994, -22.8029563 ], [ -42.9476966, -22.8024106 ], [ -42.9477097, -22.8023871 ], [ -42.9482579, -22.8022799 ], [ -42.9490864, -22.8007168 ], [ -42.9494945, -22.8008546 ], [ -42.9498476, -22.8006774 ], [ -42.9498795, -22.8006929 ], [ -42.9499137, -22.8010311 ], [ -42.9504873, -22.8012959 ], [ -42.9507824, -22.8011261 ], [ -42.9508083, -22.8011375 ], [ -42.950834, -22.8011488 ], [ -42.9508348, -22.8014889 ], [ -42.9515022, -22.8017868 ], [ -42.9517561, -22.801598 ], [ -42.9517957, -22.8016168 ], [ -42.9518331, -22.8018971 ], [ -42.9524453, -22.8021287 ], [ -42.9527323, -22.8020295 ], [ -42.9527708, -22.8020298 ], [ -42.9527978, -22.8020582 ], [ -42.9528236, -22.8023954 ], [ -42.9536891, -22.8027683 ], [ -42.953923, -22.8025676 ], [ -42.9539451, -22.802575 ], [ -42.9539683, -22.8025828 ], [ -42.9542583, -22.8029819 ], [ -42.95433, -22.8026772 ], [ -42.9543279, -22.8026768 ], [ -42.9543531, -22.8025787 ], [ -42.9549386, -22.8003015 ], [ -42.9554038, -22.7984406 ], [ -42.9557641, -22.7967372 ], [ -42.9556465, -22.7966753 ], [ -42.9555028, -22.7966046 ], [ -42.9541879, -22.7959574 ], [ -42.9538861, -22.7958041 ], [ -42.9533082, -22.795515 ], [ -42.9518095, -22.7947724 ], [ -42.9506937, -22.7943067 ], [ -42.9498554, -22.7940011 ], [ -42.9495458, -22.7938712 ], [ -42.9494951, -22.79385 ], [ -42.949353, -22.7937904 ], [ -42.9491716, -22.7937143 ], [ -42.9489502, -22.7936203 ], [ -42.9487432, -22.7935322 ], [ -42.9487166, -22.7935213 ], [ -42.948697, -22.7935132 ], [ -42.9482618, -22.7933338 ], [ -42.9473837, -22.7930116 ], [ -42.946682, -22.7927576 ], [ -42.9462715, -22.7926089 ], [ -42.9449214, -22.7921295 ], [ -42.9447101, -22.7920549 ], [ -42.9446239, -22.792025 ], [ -42.9445808, -22.7920099 ], [ -42.9445468, -22.7919979 ], [ -42.944545, -22.7919973 ], [ -42.9438972, -22.7917617 ], [ -42.9438959, -22.7917612 ], [ -42.9438448, -22.7917418 ], [ -42.9437474, -22.7917044 ], [ -42.9431028, -22.7914627 ], [ -42.942734, -22.79132 ], [ -42.9426554, -22.7912924 ], [ -42.9425189, -22.7912458 ], [ -42.9425933, -22.7914604 ], [ -42.9426283, -22.7917171 ], [ -42.9428787, -22.7926322 ], [ -42.9429187, -22.792851 ], [ -42.9430702, -22.7936802 ], [ -42.9432163, -22.7947981 ], [ -42.9432211, -22.7948351 ], [ -42.9423813, -22.7959035 ], [ -42.9420099, -22.7963126 ], [ -42.9418537, -22.7965365 ], [ -42.9418062, -22.7966046 ], [ -42.941801, -22.7966153 ], [ -42.9416853, -22.7967626 ], [ -42.9414068, -22.7971265 ], [ -42.9412802, -22.7973416 ], [ -42.9411903, -22.7974431 ], [ -42.9409936, -22.7976536 ], [ -42.9405462, -22.7981512 ], [ -42.9401839, -22.7986069 ], [ -42.9400962, -22.798715 ], [ -42.9400226, -22.7988169 ], [ -42.9400218, -22.798818 ], [ -42.9395817, -22.7994058 ], [ -42.9393631, -22.7996623 ], [ -42.9390494, -22.8001377 ], [ -42.9390503, -22.8001404 ], [ -42.9390545, -22.8003476 ], [ -42.9390299, -22.8004651 ], [ -42.9390182, -22.8004969 ], [ -42.938949, -22.8006862 ], [ -42.9388716, -22.8008225 ], [ -42.9388585, -22.8008745 ], [ -42.9388287, -22.8010177 ], [ -42.9387842, -22.801232 ], [ -42.9387535, -22.8014229 ], [ -42.9387444, -22.8015044 ], [ -42.9387227, -22.8016672 ], [ -42.9387075, -22.8017816 ], [ -42.9387067, -22.8018058 ], [ -42.9386916, -22.8019812 ], [ -42.938684, -22.8020701 ], [ -42.9386841, -22.8023383 ], [ -42.9386843, -22.8023473 ], [ -42.9386909, -22.8025991 ], [ -42.9386733, -22.8026149 ], [ -42.9344096, -22.8063398 ], [ -42.9387561, -22.8084656 ], [ -42.9430246, -22.8103564 ], [ -42.9431981, -22.8106913 ], [ -42.9432136, -22.8107213 ], [ -42.9432376, -22.8107157 ], [ -42.943249, -22.8106228 ], [ -42.9432846, -22.8105234 ], [ -42.9433191, -22.8105274 ], [ -42.9438663, -22.8105903 ], [ -42.9445022, -22.8092479 ], [ -42.9442555, -22.8087381 ], [ -42.9442849, -22.8086917 ], [ -42.9448159, -22.8085544 ], [ -42.9467313, -22.8050208 ], [ -42.9465311, -22.8045553 ], [ -42.9464849, -22.804514 ], [ -42.9464904, -22.8045169 ] ] ] } },
{ "type": "Feature", "properties": { "id": 66, "cod_bairro": "3304904067", "nm_bairro": "Miriambi", "area_km2": 0.58021557839957161, "cod_munic": "3304904", "nm_munic": "São Gonçalo", "cod_uf": "33", "sig_uf": "RJ" }, "geometry": { "type": "Polygon", "coordinates": [ [ [ -42.9893579, -22.8252766 ], [ -42.989141, -22.8252684 ], [ -42.9889802, -22.8247367 ], [ -42.98919, -22.8245909 ], [ -42.9892873, -22.8245234 ], [ -42.9905757, -22.824033 ], [ -42.9916326, -22.8236381 ], [ -42.9919428, -22.8235063 ], [ -42.9920578, -22.8234487 ], [ -42.9921759, -22.8234295 ], [ -42.9922009, -22.8234279 ], [ -42.9922486, -22.8233884 ], [ -42.9926999, -22.82311 ], [ -42.9926508, -22.8219602 ], [ -42.9930812, -22.8216672 ], [ -42.9931149, -22.8216408 ], [ -42.9931427, -22.8216356 ], [ -42.992684, -22.8213844 ], [ -42.992669, -22.8205633 ], [ -42.9930253, -22.8202247 ], [ -42.9930568, -22.8201896 ], [ -42.9930229, -22.8201735 ], [ -42.9925912, -22.819969 ], [ -42.9924918, -22.8190509 ], [ -42.9927912, -22.818744 ], [ -42.9928268, -22.8187075 ], [ -42.9928042, -22.8187107 ], [ -42.9914133, -22.8188643 ], [ -42.9913936, -22.8188531 ], [ -42.9911753, -22.8187287 ], [ -42.9911089, -22.8188723 ], [ -42.9909494, -22.8192633 ], [ -42.9898285, -22.8192152 ], [ -42.9893335, -22.8192058 ], [ -42.9889789, -22.8192307 ], [ -42.9884769, -22.8192659 ], [ -42.9882139, -22.819311 ], [ -42.9880053, -22.8195596 ], [ -42.9879763, -22.8195882 ], [ -42.9879436, -22.8195677 ], [ -42.9877935, -22.8193381 ], [ -42.9866506, -22.8194914 ], [ -42.9865801, -22.8197692 ], [ -42.9865385, -22.8197751 ], [ -42.9863834, -22.819536 ], [ -42.9850129, -22.8197339 ], [ -42.9849324, -22.8200322 ], [ -42.9848563, -22.8200446 ], [ -42.9847704, -22.8197933 ], [ -42.9844488, -22.8198328 ], [ -42.9843821, -22.8201215 ], [ -42.9843504, -22.8201639 ], [ -42.9843148, -22.8202054 ], [ -42.9841257, -22.8202971 ], [ -42.9841772, -22.8207384 ], [ -42.9843864, -22.8207945 ], [ -42.984422, -22.8208187 ], [ -42.9841975, -22.8209789 ], [ -42.9842472, -22.8213582 ], [ -42.984496, -22.8214586 ], [ -42.9845508, -22.8214732 ], [ -42.9845854, -22.8214825 ], [ -42.9841948, -22.8217203 ], [ -42.9842548, -22.8220262 ], [ -42.9845716, -22.8220951 ], [ -42.9845793, -22.8221679 ], [ -42.9834751, -22.822506 ], [ -42.983565, -22.8232437 ], [ -42.9845607, -22.8232617 ], [ -42.9847624, -22.823401 ], [ -42.9847975, -22.8234254 ], [ -42.984771, -22.8234668 ], [ -42.9843871, -22.8236341 ], [ -42.9844105, -22.8239911 ], [ -42.9848441, -22.8240393 ], [ -42.9848824, -22.8240768 ], [ -42.9848546, -22.8241043 ], [ -42.9846867, -22.8242878 ], [ -42.9847515, -22.8246219 ], [ -42.9849988, -22.8247202 ], [ -42.9849679, -22.8247225 ], [ -42.9847356, -22.8249191 ], [ -42.984865, -22.8257236 ], [ -42.9851992, -22.8260089 ], [ -42.985264, -22.8260387 ], [ -42.9852234, -22.8260408 ], [ -42.9850396, -22.8260499 ], [ -42.9849815, -22.8262245 ], [ -42.9850204, -22.8262579 ], [ -42.9851167, -22.8263404 ], [ -42.9857481, -22.8265169 ], [ -42.9863994, -22.8266896 ], [ -42.9871957, -22.8268075 ], [ -42.9880636, -22.8267046 ], [ -42.988705, -22.8266517 ], [ -42.9890759, -22.8266126 ], [ -42.9894942, -22.8264927 ], [ -42.9896947, -22.8264322 ], [ -42.9896259, -22.8263987 ], [ -42.9894186, -22.8263705 ], [ -42.9892976, -22.8260034 ], [ -42.9894967, -22.8258273 ], [ -42.989528, -22.8257858 ], [ -42.9894805, -22.825763 ], [ -42.9893637, -22.8257436 ], [ -42.9892927, -22.8254682 ], [ -42.9893843, -22.825337 ], [ -42.9893962, -22.8253073 ], [ -42.9893579, -22.8252766 ] ] ] } },
{ "type": "Feature", "properties": { "id": 67, "cod_bairro": "3304904068", "nm_bairro": "Monjolo", "area_km2": 6.7267894984581851, "cod_munic": "3304904", "nm_munic": "São Gonçalo", "cod_uf": "33", "sig_uf": "RJ" }, "geometry": { "type": "Polygon", "coordinates": [ [ [ -42.9503601, -22.8279107 ], [ -42.9506484, -22.8277582 ], [ -42.9523877, -22.8268384 ], [ -42.952671, -22.8266886 ], [ -42.9532646, -22.8262395 ], [ -42.9540208, -22.8257982 ], [ -42.9544648, -22.8254511 ], [ -42.9545837, -22.825303 ], [ -42.9557636, -22.8233493 ], [ -42.9539565, -22.8233915 ], [ -42.9539382, -22.8233633 ], [ -42.9538963, -22.8230115 ], [ -42.9537761, -22.8229657 ], [ -42.9536078, -22.8228404 ], [ -42.9536427, -22.8227319 ], [ -42.9537789, -22.8224146 ], [ -42.9538142, -22.8222403 ], [ -42.953807, -22.8215069 ], [ -42.9538619, -22.8212901 ], [ -42.9539299, -22.8211221 ], [ -42.9542334, -22.8205878 ], [ -42.9545543, -22.8197957 ], [ -42.9544544, -22.819784 ], [ -42.9544511, -22.8197588 ], [ -42.9544201, -22.819426 ], [ -42.9542424, -22.8194514 ], [ -42.9540732, -22.8192569 ], [ -42.9538195, -22.8188593 ], [ -42.9533288, -22.818394 ], [ -42.9530624, -22.81847 ], [ -42.9530428, -22.8184554 ], [ -42.9530262, -22.8184397 ], [ -42.952993, -22.8180336 ], [ -42.9524589, -22.8175324 ], [ -42.9522692, -22.8176494 ], [ -42.9522631, -22.8176433 ], [ -42.9522254, -22.8176057 ], [ -42.952218, -22.8175983 ], [ -42.9521717, -22.8172484 ], [ -42.9516921, -22.8168256 ], [ -42.9514779, -22.8168543 ], [ -42.951448, -22.8168583 ], [ -42.9514274, -22.8168405 ], [ -42.9514234, -22.8168371 ], [ -42.9513986, -22.8168157 ], [ -42.951357, -22.8162647 ], [ -42.9510726, -22.8160158 ], [ -42.9508888, -22.815855 ], [ -42.9506474, -22.8159427 ], [ -42.9506181, -22.8155843 ], [ -42.9502303, -22.8152111 ], [ -42.9499523, -22.8152623 ], [ -42.9498791, -22.8152111 ], [ -42.9498791, -22.8149477 ], [ -42.9494475, -22.814538 ], [ -42.949228, -22.8145527 ], [ -42.9491875, -22.8145088 ], [ -42.9491402, -22.8144575 ], [ -42.9491841, -22.8140478 ], [ -42.9486207, -22.8133674 ], [ -42.9481964, -22.8133235 ], [ -42.9481306, -22.8132357 ], [ -42.9482696, -22.8129284 ], [ -42.9480135, -22.812526 ], [ -42.9476768, -22.8125212 ], [ -42.9476517, -22.8125323 ], [ -42.9475982, -22.8122943 ], [ -42.9479862, -22.8121292 ], [ -42.9481431, -22.81222 ], [ -42.9482009, -22.812187 ], [ -42.9481678, -22.8120466 ], [ -42.9487623, -22.8117907 ], [ -42.9489169, -22.8118786 ], [ -42.9489321, -22.8118708 ], [ -42.9489677, -22.8118525 ], [ -42.9489794, -22.8118465 ], [ -42.949043, -22.8116091 ], [ -42.9494145, -22.8113944 ], [ -42.9496499, -22.8114063 ], [ -42.9496669, -22.8113877 ], [ -42.9496697, -22.8113514 ], [ -42.9496669, -22.8110896 ], [ -42.9509881, -22.809667 ], [ -42.951786, -22.8092138 ], [ -42.9520389, -22.8091179 ], [ -42.9523556, -22.8092186 ], [ -42.9523852, -22.809228 ], [ -42.9525504, -22.8093073 ], [ -42.9526594, -22.8092955 ], [ -42.9526637, -22.808891 ], [ -42.9521735, -22.8089516 ], [ -42.9521411, -22.808948 ], [ -42.9521509, -22.8089216 ], [ -42.9526379, -22.8085161 ], [ -42.9522695, -22.8080429 ], [ -42.9516694, -22.8084101 ], [ -42.9516429, -22.8083792 ], [ -42.9516825, -22.8081215 ], [ -42.9514341, -22.8081318 ], [ -42.9535585, -22.8064284 ], [ -42.9537693, -22.806147 ], [ -42.953807, -22.805863 ], [ -42.9536423, -22.8052946 ], [ -42.9537669, -22.8050562 ], [ -42.9537471, -22.8048183 ], [ -42.9538522, -22.8047346 ], [ -42.9542583, -22.8029819 ], [ -42.9539683, -22.8025828 ], [ -42.9539451, -22.802575 ], [ -42.953923, -22.8025676 ], [ -42.9536891, -22.8027683 ], [ -42.9528236, -22.8023954 ], [ -42.9527978, -22.8020582 ], [ -42.9527708, -22.8020298 ], [ -42.9527323, -22.8020295 ], [ -42.9524453, -22.8021287 ], [ -42.9518331, -22.8018971 ], [ -42.9517957, -22.8016168 ], [ -42.9517561, -22.801598 ], [ -42.9515022, -22.8017868 ], [ -42.9508348, -22.8014889 ], [ -42.950834, -22.8011488 ], [ -42.9508083, -22.8011375 ], [ -42.9507824, -22.8011261 ], [ -42.9504873, -22.8012959 ], [ -42.9499137, -22.8010311 ], [ -42.9498795, -22.8006929 ], [ -42.9498476, -22.8006774 ], [ -42.9494945, -22.8008546 ], [ -42.9490864, -22.8007168 ], [ -42.9482579, -22.8022799 ], [ -42.9477097, -22.8023871 ], [ -42.9476966, -22.8024106 ], [ -42.9478994, -22.8029563 ], [ -42.9470401, -22.8045776 ], [ -42.9465531, -22.8044974 ], [ -42.9464904, -22.8045169 ], [ -42.9464849, -22.804514 ], [ -42.9465311, -22.8045553 ], [ -42.9467313, -22.8050208 ], [ -42.9448159, -22.8085544 ], [ -42.9442849, -22.8086917 ], [ -42.9442555, -22.8087381 ], [ -42.9445022, -22.8092479 ], [ -42.9438663, -22.8105903 ], [ -42.9433191, -22.8105274 ], [ -42.9432846, -22.8105234 ], [ -42.943249, -22.8106228 ], [ -42.9432376, -22.8107157 ], [ -42.9432136, -22.8107213 ], [ -42.9431981, -22.8106913 ], [ -42.9430246, -22.8103564 ], [ -42.9387561, -22.8084656 ], [ -42.9344096, -22.8063398 ], [ -42.9316101, -22.8087854 ], [ -42.9311636, -22.8091755 ], [ -42.9254746, -22.8141454 ], [ -42.9220008, -22.8171801 ], [ -42.9220093, -22.8172021 ], [ -42.9220249, -22.8172424 ], [ -42.9220031, -22.8174769 ], [ -42.9219918, -22.8175085 ], [ -42.9219911, -22.8176108 ], [ -42.9219947, -22.8176811 ], [ -42.9221574, -22.8177625 ], [ -42.9225555, -22.8181607 ], [ -42.9226135, -22.8182105 ], [ -42.9231016, -22.818667 ], [ -42.9232237, -22.819135 ], [ -42.9228981, -22.819542 ], [ -42.9226539, -22.819949 ], [ -42.9230202, -22.8207833 ], [ -42.9239766, -22.8223502 ], [ -42.9242615, -22.8228793 ], [ -42.9242412, -22.8246496 ], [ -42.924404, -22.8253212 ], [ -42.9251162, -22.825545 ], [ -42.9266017, -22.8264607 ], [ -42.9274564, -22.8270101 ], [ -42.9283314, -22.8270305 ], [ -42.9288401, -22.8270508 ], [ -42.9294099, -22.8275799 ], [ -42.9296541, -22.8279462 ], [ -42.9302239, -22.8280276 ], [ -42.9303052, -22.8287195 ], [ -42.9305901, -22.8292893 ], [ -42.9297558, -22.8296759 ], [ -42.9297965, -22.8301032 ], [ -42.9314245, -22.8307747 ], [ -42.9314448, -22.83108 ], [ -42.9316076, -22.8321178 ], [ -42.9326073, -22.8329508 ], [ -42.9328489, -22.8324434 ], [ -42.9337036, -22.8315277 ], [ -42.9343344, -22.8310393 ], [ -42.9352723, -22.8307772 ], [ -42.9357181, -22.8306526 ], [ -42.9358254, -22.8306293 ], [ -42.9359326, -22.830606 ], [ -42.935912, -22.8305789 ], [ -42.9359363, -22.8305666 ], [ -42.9402845, -22.828303 ], [ -42.9417651, -22.8282453 ], [ -42.9418886, -22.8282405 ], [ -42.9449556, -22.8281214 ], [ -42.9502844, -22.8279145 ], [ -42.9503262, -22.8279201 ], [ -42.9503601, -22.8279107 ] ] ] } },
{ "type": "Feature", "properties": { "id": 68, "cod_bairro": "3304904069", "nm_bairro": "Pacheco", "area_km2": 0.59617737101203228, "cod_munic": "3304904", "nm_munic": "São Gonçalo", "cod_uf": "33", "sig_uf": "RJ" }, "geometry": { "type": "Polygon", "coordinates": [ [ [ -42.9703661, -22.8244406 ], [ -42.9710247, -22.824353 ], [ -42.9712055, -22.8243329 ], [ -42.9715496, -22.8241297 ], [ -42.9722087, -22.8236775 ], [ -42.9726808, -22.8233944 ], [ -42.9729958, -22.8231543 ], [ -42.9732019, -22.8230662 ], [ -42.973507, -22.822889 ], [ -42.9737992, -22.8229018 ], [ -42.9744616, -22.8229461 ], [ -42.975045, -22.8229886 ], [ -42.9754925, -22.8229806 ], [ -42.9755233, -22.82298 ], [ -42.9754976, -22.8229431 ], [ -42.9752683, -22.8227668 ], [ -42.9753067, -22.8224504 ], [ -42.9755908, -22.8223635 ], [ -42.9755958, -22.8223396 ], [ -42.9756016, -22.8223116 ], [ -42.9753235, -22.8221416 ], [ -42.9753457, -22.8219783 ], [ -42.9756658, -22.8219847 ], [ -42.975732, -22.8219435 ], [ -42.9757199, -22.8218697 ], [ -42.9757181, -22.8218584 ], [ -42.9754915, -22.8215693 ], [ -42.975636, -22.8212738 ], [ -42.9760154, -22.8212689 ], [ -42.9760541, -22.8212517 ], [ -42.9760408, -22.8211966 ], [ -42.9758265, -22.8208565 ], [ -42.9745764, -22.8202881 ], [ -42.9743126, -22.8204746 ], [ -42.974248, -22.8204435 ], [ -42.974211, -22.8201194 ], [ -42.9729322, -22.8195924 ], [ -42.9726073, -22.8197759 ], [ -42.972555, -22.8197966 ], [ -42.9722708, -22.8192825 ], [ -42.9697254, -22.8182787 ], [ -42.9692378, -22.8183002 ], [ -42.9690977, -22.8183494 ], [ -42.9690906, -22.8183652 ], [ -42.9690415, -22.8183532 ], [ -42.9685931, -22.8185799 ], [ -42.9679293, -22.8183159 ], [ -42.967464, -22.8185744 ], [ -42.967431, -22.8185666 ], [ -42.9673492, -22.8184021 ], [ -42.9671365, -22.8180451 ], [ -42.9648283, -22.8181071 ], [ -42.9647293, -22.8182253 ], [ -42.964687, -22.8183433 ], [ -42.964521, -22.8186955 ], [ -42.9646072, -22.8188894 ], [ -42.9646396, -22.8190181 ], [ -42.9646692, -22.8191358 ], [ -42.9646983, -22.8192879 ], [ -42.9647928, -22.8194766 ], [ -42.9651443, -22.8196566 ], [ -42.9654809, -22.8199273 ], [ -42.9655746, -22.8200391 ], [ -42.9655713, -22.8201619 ], [ -42.9655294, -22.8203337 ], [ -42.9654806, -22.8204672 ], [ -42.9654109, -22.8205492 ], [ -42.9653777, -22.8205602 ], [ -42.9652792, -22.820524 ], [ -42.9652452, -22.8207242 ], [ -42.965454, -22.8208498 ], [ -42.965487, -22.8209092 ], [ -42.9652756, -22.821114 ], [ -42.9656034, -22.8217921 ], [ -42.9659586, -22.8218579 ], [ -42.9659813, -22.8218988 ], [ -42.9658012, -22.8221707 ], [ -42.9659763, -22.8225098 ], [ -42.9663373, -22.8226036 ], [ -42.9663605, -22.8226435 ], [ -42.9662526, -22.8229816 ], [ -42.9660113, -22.8230767 ], [ -42.9660824, -22.8232923 ], [ -42.9660908, -22.823318 ], [ -42.9660676, -22.8233666 ], [ -42.9657376, -22.8236985 ], [ -42.9657683, -22.8240518 ], [ -42.9660602, -22.8242782 ], [ -42.9660602, -22.8243253 ], [ -42.9657452, -22.8245434 ], [ -42.9657376, -22.8249659 ], [ -42.9660163, -22.8251763 ], [ -42.9660416, -22.825206 ], [ -42.9661454, -22.8253278 ], [ -42.9666077, -22.8254935 ], [ -42.9668495, -22.8255499 ], [ -42.9669891, -22.8255499 ], [ -42.967189, -22.8255034 ], [ -42.9675932, -22.8253175 ], [ -42.9677285, -22.8252546 ], [ -42.9682282, -22.8249821 ], [ -42.9687817, -22.8245674 ], [ -42.9687913, -22.82455 ], [ -42.9694422, -22.8244554 ], [ -42.9703661, -22.8244406 ] ] ] } },
{ "type": "Feature", "properties": { "id": 69, "cod_bairro": "3304904070", "nm_bairro": "Raul Veiga", "area_km2": 0.27065717585183074, "cod_munic": "3304904", "nm_munic": "São Gonçalo", "cod_uf": "33", "sig_uf": "RJ" }, "geometry": { "type": "Polygon", "coordinates": [ [ [ -42.9892976, -22.8260034 ], [ -42.9894186, -22.8263705 ], [ -42.9896259, -22.8263987 ], [ -42.9896947, -22.8264322 ], [ -42.9907731, -22.8261498 ], [ -42.9911785, -22.826027 ], [ -42.9917108, -22.8255726 ], [ -42.9922234, -22.825079 ], [ -42.9924161, -22.8249422 ], [ -42.9926871, -22.8248879 ], [ -42.9936874, -22.824765 ], [ -42.9944807, -22.8246834 ], [ -42.9952846, -22.8246373 ], [ -42.9956332, -22.8246302 ], [ -42.995724, -22.8245845 ], [ -42.995764, -22.8245405 ], [ -42.9959941, -22.8240902 ], [ -42.9960371, -22.8240055 ], [ -42.9961004, -22.8239069 ], [ -42.9961299, -22.8238609 ], [ -42.9962999, -22.8236264 ], [ -42.9964289, -22.8235033 ], [ -42.9964846, -22.8234446 ], [ -42.9968773, -22.8232827 ], [ -42.9976078, -22.8229816 ], [ -42.9984911, -22.8225996 ], [ -42.9985049, -22.822533 ], [ -42.9986644, -22.8222865 ], [ -42.9982945, -22.8216643 ], [ -42.9980239, -22.8216992 ], [ -42.9979932, -22.8216447 ], [ -42.9981487, -22.8213448 ], [ -42.9975882, -22.8203639 ], [ -42.9973047, -22.8203752 ], [ -42.9972582, -22.8203892 ], [ -42.9972224, -22.8204203 ], [ -42.9970896, -22.8206341 ], [ -42.9962792, -22.8207166 ], [ -42.9959635, -22.8205466 ], [ -42.995899, -22.8205099 ], [ -42.9947341, -22.8212884 ], [ -42.9945402, -22.8214376 ], [ -42.9943651, -22.8213636 ], [ -42.9943581, -22.8213606 ], [ -42.9943349, -22.8213927 ], [ -42.9943061, -22.8214437 ], [ -42.9941704, -22.8216844 ], [ -42.9932778, -22.821832 ], [ -42.9931373, -22.8216672 ], [ -42.9931149, -22.8216408 ], [ -42.9930812, -22.8216672 ], [ -42.9926508, -22.8219602 ], [ -42.9926999, -22.82311 ], [ -42.9922486, -22.8233884 ], [ -42.9922009, -22.8234279 ], [ -42.9921759, -22.8234295 ], [ -42.9920578, -22.8234487 ], [ -42.9919428, -22.8235063 ], [ -42.9916326, -22.8236381 ], [ -42.9905757, -22.824033 ], [ -42.9892873, -22.8245234 ], [ -42.98919, -22.8245909 ], [ -42.9889802, -22.8247367 ], [ -42.989141, -22.8252684 ], [ -42.9893579, -22.8252766 ], [ -42.9893962, -22.8253073 ], [ -42.9893843, -22.825337 ], [ -42.9892927, -22.8254682 ], [ -42.9893637, -22.8257436 ], [ -42.9894805, -22.825763 ], [ -42.989528, -22.8257858 ], [ -42.9894967, -22.8258273 ], [ -42.9892976, -22.8260034 ] ] ] } },
{ "type": "Feature", "properties": { "id": 70, "cod_bairro": "3304904071", "nm_bairro": "Sacramento", "area_km2": 1.6491859852390016, "cod_munic": "3304904", "nm_munic": "São Gonçalo", "cod_uf": "33", "sig_uf": "RJ" }, "geometry": { "type": "Polygon", "coordinates": [ [ [ -42.9358606, -22.8348853 ], [ -42.9363897, -22.8356179 ], [ -42.936817, -22.8362487 ], [ -42.9373461, -22.8367574 ], [ -42.9379972, -22.8372254 ], [ -42.9384042, -22.8373272 ], [ -42.9386089, -22.8373654 ], [ -42.938612, -22.8373323 ], [ -42.9387096, -22.8366028 ], [ -42.9387943, -22.8361711 ], [ -42.9388165, -22.8360928 ], [ -42.9388482, -22.836022 ], [ -42.9388855, -22.8359344 ], [ -42.9389172, -22.8358524 ], [ -42.9389526, -22.8357629 ], [ -42.9389961, -22.8356773 ], [ -42.9390737, -22.835584 ], [ -42.9391706, -22.8355393 ], [ -42.9393589, -22.8354889 ], [ -42.9396943, -22.8353976 ], [ -42.9401416, -22.8353641 ], [ -42.9408293, -22.8354125 ], [ -42.9412468, -22.8353976 ], [ -42.9414313, -22.8353753 ], [ -42.9416848, -22.8353361 ], [ -42.9418823, -22.835256 ], [ -42.9420612, -22.8351777 ], [ -42.9421631, -22.8351324 ], [ -42.9423315, -22.8350659 ], [ -42.9426278, -22.8349839 ], [ -42.9427899, -22.8349131 ], [ -42.943021, -22.8347807 ], [ -42.943377, -22.8345683 ], [ -42.9435615, -22.8344826 ], [ -42.9438616, -22.834326 ], [ -42.9442063, -22.8341191 ], [ -42.9444673, -22.8340036 ], [ -42.9447673, -22.8339011 ], [ -42.9449034, -22.8338601 ], [ -42.945196, -22.8338004 ], [ -42.9454532, -22.8337594 ], [ -42.9464931, -22.8335414 ], [ -42.9475424, -22.8332842 ], [ -42.947759, -22.8332563 ], [ -42.9479277, -22.8332414 ], [ -42.9484597, -22.8330604 ], [ -42.9487221, -22.832945 ], [ -42.9505386, -22.8320098 ], [ -42.9515193, -22.8314619 ], [ -42.9524016, -22.8309917 ], [ -42.9525175, -22.8309368 ], [ -42.9526521, -22.8308964 ], [ -42.9526724, -22.8308903 ], [ -42.9526927, -22.8308842 ], [ -42.9529733, -22.8308947 ], [ -42.9532391, -22.8309857 ], [ -42.9534869, -22.8311231 ], [ -42.9539004, -22.8314216 ], [ -42.954078, -22.8316053 ], [ -42.9548024, -22.8323623 ], [ -42.9548984, -22.8324325 ], [ -42.9551351, -22.8328276 ], [ -42.9551723, -22.8329841 ], [ -42.955219, -22.8331801 ], [ -42.95523, -22.8333118 ], [ -42.9553024, -22.8335357 ], [ -42.9554034, -22.8337486 ], [ -42.9557828, -22.8341319 ], [ -42.9559474, -22.8342519 ], [ -42.9560195, -22.8342924 ], [ -42.9561808, -22.8343969 ], [ -42.956244, -22.8344357 ], [ -42.9563267, -22.8344865 ], [ -42.9563696, -22.8345128 ], [ -42.9566339, -22.8345939 ], [ -42.9570156, -22.8346838 ], [ -42.9571477, -22.8347114 ], [ -42.9572993, -22.834679 ], [ -42.9575716, -22.834585 ], [ -42.9581276, -22.8344018 ], [ -42.9587721, -22.8341322 ], [ -42.9592677, -22.8340134 ], [ -42.9595131, -22.8339584 ], [ -42.9597369, -22.8339084 ], [ -42.9598821, -22.8338377 ], [ -42.9600225, -22.8337661 ], [ -42.9601521, -22.8336519 ], [ -42.960288, -22.8334753 ], [ -42.9604168, -22.8331804 ], [ -42.9604854, -22.8324696 ], [ -42.9605292, -22.8321179 ], [ -42.9605883, -22.8316948 ], [ -42.9605716, -22.8315043 ], [ -42.9605159, -22.8308685 ], [ -42.9604526, -22.8301636 ], [ -42.9604546, -22.8298327 ], [ -42.9604572, -22.8293829 ], [ -42.9605439, -22.8290359 ], [ -42.9606585, -22.8286457 ], [ -42.9603491, -22.8286945 ], [ -42.9601382, -22.8298014 ], [ -42.9601206, -22.8299537 ], [ -42.957819, -22.8306682 ], [ -42.9574969, -22.8306448 ], [ -42.957169, -22.8305393 ], [ -42.9564837, -22.8297839 ], [ -42.9563725, -22.8295203 ], [ -42.956004, -22.8278951 ], [ -42.9570611, -22.827339 ], [ -42.9570881, -22.8273248 ], [ -42.9570507, -22.8273054 ], [ -42.9570418, -22.8273033 ], [ -42.9570546, -22.8272704 ], [ -42.9569861, -22.8271564 ], [ -42.9550028, -22.8270242 ], [ -42.9545837, -22.825303 ], [ -42.9544648, -22.8254511 ], [ -42.9540208, -22.8257982 ], [ -42.9532646, -22.8262395 ], [ -42.952671, -22.8266886 ], [ -42.9523877, -22.8268384 ], [ -42.9506484, -22.8277582 ], [ -42.9503601, -22.8279107 ], [ -42.9503262, -22.8279201 ], [ -42.9502844, -22.8279145 ], [ -42.9449556, -22.8281214 ], [ -42.9418886, -22.8282405 ], [ -42.9417651, -22.8282453 ], [ -42.9402845, -22.828303 ], [ -42.9359363, -22.8305666 ], [ -42.935912, -22.8305789 ], [ -42.9359326, -22.830606 ], [ -42.9358254, -22.8306293 ], [ -42.9357181, -22.8306526 ], [ -42.9352723, -22.8307772 ], [ -42.9343344, -22.8310393 ], [ -42.9337036, -22.8315277 ], [ -42.9328489, -22.8324434 ], [ -42.9326073, -22.8329508 ], [ -42.9331948, -22.8334405 ], [ -42.9354129, -22.8345597 ], [ -42.9358606, -22.8348853 ] ] ] } },
{ "type": "Feature", "properties": { "id": 71, "cod_bairro": "3304904072", "nm_bairro": "Santa Luzia", "area_km2": 4.297119578590002, "cod_munic": "3304904", "nm_munic": "São Gonçalo", "cod_uf": "33", "sig_uf": "RJ" }, "geometry": { "type": "Polygon", "coordinates": [ [ [ -42.9834468, -22.8037332 ], [ -42.9833375, -22.8035303 ], [ -42.9832788, -22.8034213 ], [ -42.9831492, -22.802605 ], [ -42.9833658, -22.8025823 ], [ -42.9833734, -22.8025098 ], [ -42.983082, -22.8021296 ], [ -42.9832405, -22.801755 ], [ -42.9835392, -22.8018355 ], [ -42.9835415, -22.8018265 ], [ -42.9835441, -22.8018167 ], [ -42.9833845, -22.8014428 ], [ -42.9834854, -22.8012123 ], [ -42.9837635, -22.8011983 ], [ -42.9837985, -22.8011208 ], [ -42.9836583, -22.8009385 ], [ -42.9838024, -22.8006408 ], [ -42.984058, -22.8006212 ], [ -42.9840814, -22.8005859 ], [ -42.9839176, -22.8003334 ], [ -42.9840761, -22.8000212 ], [ -42.9843735, -22.7999879 ], [ -42.9843966, -22.7999563 ], [ -42.9844169, -22.799924 ], [ -42.9842952, -22.7994864 ], [ -42.9860523, -22.795721 ], [ -42.9867196, -22.7953201 ], [ -42.9867328, -22.7952825 ], [ -42.9864174, -22.7949512 ], [ -42.9870789, -22.7934901 ], [ -42.9876912, -22.7933684 ], [ -42.9877066, -22.7933412 ], [ -42.9874273, -22.7928562 ], [ -42.9890281, -22.7893757 ], [ -42.9899683, -22.7884162 ], [ -42.9902978, -22.7879895 ], [ -42.9903982, -22.7877886 ], [ -42.9906461, -22.7862072 ], [ -42.9913059, -22.7860274 ], [ -42.9913592, -22.7859173 ], [ -42.9913922, -22.7858191 ], [ -42.9913509, -22.7857616 ], [ -42.9909473, -22.7854541 ], [ -42.9926178, -22.7821162 ], [ -42.9935935, -22.7814793 ], [ -42.9936503, -22.7814392 ], [ -42.9936644, -22.7814114 ], [ -42.9952981, -22.7780646 ], [ -42.994902, -22.7778683 ], [ -42.9911767, -22.7757817 ], [ -42.9892139, -22.7745472 ], [ -42.98889, -22.7741429 ], [ -42.9887497, -22.7738443 ], [ -42.9887705, -22.7738142 ], [ -42.988795, -22.7737922 ], [ -42.988913, -22.7737032 ], [ -42.9890531, -22.7736168 ], [ -42.9892101, -22.7735854 ], [ -42.9895442, -22.7735483 ], [ -42.9897127, -22.7735112 ], [ -42.9898672, -22.7734352 ], [ -42.9899525, -22.7733456 ], [ -42.9900182, -22.77318 ], [ -42.9900039, -22.7729573 ], [ -42.9901218, -22.7724799 ], [ -42.9855805, -22.7733473 ], [ -42.9844023, -22.7736158 ], [ -42.9824785, -22.7746597 ], [ -42.9815241, -22.7754352 ], [ -42.9815241, -22.77633 ], [ -42.9824785, -22.7776423 ], [ -42.982404, -22.7781494 ], [ -42.9808082, -22.7797898 ], [ -42.980239, -22.7833911 ], [ -42.9802315, -22.7834387 ], [ -42.9802245, -22.7834833 ], [ -42.9801314, -22.7834626 ], [ -42.9801203, -22.7835157 ], [ -42.9800477, -22.7838611 ], [ -42.9791976, -22.7873657 ], [ -42.9785862, -22.7882754 ], [ -42.9779449, -22.7892895 ], [ -42.9779151, -22.789722 ], [ -42.9779897, -22.7903185 ], [ -42.9779151, -22.790587 ], [ -42.9777646, -22.7905653 ], [ -42.977801, -22.790674 ], [ -42.9774278, -22.790674 ], [ -42.9773486, -22.7908165 ], [ -42.9772694, -22.7912442 ], [ -42.9770951, -22.7914659 ], [ -42.9768734, -22.7914818 ], [ -42.9764299, -22.7914184 ], [ -42.9762398, -22.7913709 ], [ -42.9760973, -22.7914659 ], [ -42.975733, -22.7919569 ], [ -42.9754795, -22.7922737 ], [ -42.9752103, -22.7925113 ], [ -42.9749727, -22.7926697 ], [ -42.9748185, -22.7929382 ], [ -42.9748301, -22.7932399 ], [ -42.9748143, -22.7934933 ], [ -42.9746876, -22.7939527 ], [ -42.9745609, -22.7944437 ], [ -42.9744441, -22.7946752 ], [ -42.9744606, -22.794743 ], [ -42.9742241, -22.7950103 ], [ -42.9742227, -22.7950129 ], [ -42.9741445, -22.7951526 ], [ -42.9741387, -22.7951631 ], [ -42.9739881, -22.7954318 ], [ -42.9739865, -22.795434 ], [ -42.9736719, -22.7958728 ], [ -42.9736678, -22.7958786 ], [ -42.9735852, -22.7960344 ], [ -42.9735835, -22.7960387 ], [ -42.9734739, -22.7963843 ], [ -42.9734721, -22.7963875 ], [ -42.973312, -22.7966703 ], [ -42.9732593, -22.796764 ], [ -42.9732549, -22.7967737 ], [ -42.9731311, -22.7970465 ], [ -42.9730711, -22.7971635 ], [ -42.9729802, -22.7974243 ], [ -42.9729374, -22.7976582 ], [ -42.9729345, -22.797884 ], [ -42.9728436, -22.7980809 ], [ -42.9728317, -22.7982427 ], [ -42.9727208, -22.7984946 ], [ -42.972688, -22.7987914 ], [ -42.9726003, -22.799106 ], [ -42.9725733, -22.799341 ], [ -42.9725295, -22.7996828 ], [ -42.9724557, -22.8000256 ], [ -42.9724728, -22.8001964 ], [ -42.9724119, -22.8003673 ], [ -42.972401, -22.8004842 ], [ -42.9723981, -22.8006741 ], [ -42.9723843, -22.8008319 ], [ -42.9723003, -22.8011356 ], [ -42.9720689, -22.8014363 ], [ -42.9719394, -22.8015752 ], [ -42.9718075, -22.8017677 ], [ -42.9716476, -22.8020366 ], [ -42.9716147, -22.8022884 ], [ -42.9716485, -22.8023238 ], [ -42.9716574, -22.8024132 ], [ -42.971678, -22.8024936 ], [ -42.9717874, -22.8025392 ], [ -42.9719365, -22.8025839 ], [ -42.9721431, -22.8026483 ], [ -42.9723056, -22.8027447 ], [ -42.9724421, -22.8028666 ], [ -42.9725224, -22.8030142 ], [ -42.9725326, -22.8031612 ], [ -42.972457, -22.8033997 ], [ -42.9724369, -22.8034954 ], [ -42.9723709, -22.8035839 ], [ -42.9723356, -22.8036511 ], [ -42.9723162, -22.803707 ], [ -42.9723403, -22.8038184 ], [ -42.9723727, -22.8039479 ], [ -42.9724426, -22.8040709 ], [ -42.9725253, -22.804158 ], [ -42.9726513, -22.8042871 ], [ -42.9728076, -22.8043974 ], [ -42.9730001, -22.8044114 ], [ -42.9731144, -22.8043673 ], [ -42.9732636, -22.8044052 ], [ -42.973384, -22.8044968 ], [ -42.9734354, -22.804536 ], [ -42.9734842, -22.8046877 ], [ -42.9734932, -22.8049393 ], [ -42.9736443, -22.8052669 ], [ -42.9736659, -22.8054848 ], [ -42.9736218, -22.8057341 ], [ -42.9736859, -22.8058795 ], [ -42.9737174, -22.8060551 ], [ -42.9738644, -22.8064129 ], [ -42.9739526, -22.8065511 ], [ -42.9741069, -22.8067721 ], [ -42.9742001, -22.8069146 ], [ -42.9743008, -22.8070215 ], [ -42.9743261, -22.8070915 ], [ -42.9743363, -22.8071364 ], [ -42.9743741, -22.8073031 ], [ -42.9743802, -22.8073301 ], [ -42.9745365, -22.807277 ], [ -42.9746483, -22.8072219 ], [ -42.9750868, -22.8071137 ], [ -42.9756976, -22.8069325 ], [ -42.9763872, -22.8067218 ], [ -42.9765556, -22.8066704 ], [ -42.9769824, -22.806544 ], [ -42.9772485, -22.8064799 ], [ -42.9775055, -22.8064284 ], [ -42.9777263, -22.8064011 ], [ -42.9781103, -22.8063744 ], [ -42.9784384, -22.8063627 ], [ -42.9791146, -22.8063399 ], [ -42.9794126, -22.8062168 ], [ -42.980805, -22.8062066 ], [ -42.981196, -22.8062081 ], [ -42.9833261, -22.8061951 ], [ -42.9836761, -22.8061894 ], [ -42.9836756, -22.8061724 ], [ -42.983674, -22.8061176 ], [ -42.9836713, -22.8060283 ], [ -42.9833947, -22.80589 ], [ -42.9833904, -22.8058497 ], [ -42.9832861, -22.8048827 ], [ -42.9835699, -22.8043212 ], [ -42.9833696, -22.8041298 ], [ -42.9832345, -22.8039914 ], [ -42.9834248, -22.8037592 ], [ -42.9834468, -22.8037332 ] ] ] } },
{ "type": "Feature", "properties": { "id": 72, "cod_bairro": "3304904073", "nm_bairro": "Vila Três", "area_km2": 0.51977812428791959, "cod_munic": "3304904", "nm_munic": "São Gonçalo", "cod_uf": "33", "sig_uf": "RJ" }, "geometry": { "type": "Polygon", "coordinates": [ [ [ -42.9981487, -22.8213448 ], [ -42.9979932, -22.8216447 ], [ -42.9980239, -22.8216992 ], [ -42.9982945, -22.8216643 ], [ -42.9986644, -22.8222865 ], [ -42.9985049, -22.822533 ], [ -42.9984911, -22.8225996 ], [ -42.9993267, -22.8221767 ], [ -42.999845, -22.821897 ], [ -43.0005612, -22.8215117 ], [ -43.0006704, -22.8214584 ], [ -43.000702, -22.8214429 ], [ -43.0008464, -22.8213724 ], [ -43.0008988, -22.8213468 ], [ -43.0009754, -22.8213094 ], [ -43.000986, -22.8212176 ], [ -43.0011026, -22.8205061 ], [ -43.0011466, -22.8201769 ], [ -43.0012828, -22.8192156 ], [ -43.0012943, -22.8191076 ], [ -43.0012987, -22.8190651 ], [ -43.0014701, -22.817912 ], [ -43.001528, -22.8175685 ], [ -43.0016086, -22.8170836 ], [ -43.0016372, -22.8164531 ], [ -43.0015584, -22.816167 ], [ -43.0014887, -22.8159007 ], [ -43.0012873, -22.8155425 ], [ -43.0012032, -22.8154194 ], [ -43.0009299, -22.8150632 ], [ -43.0007258, -22.8148619 ], [ -43.0007075, -22.8148439 ], [ -43.0005867, -22.8147579 ], [ -43.0004127, -22.8146341 ], [ -43.0002952, -22.8145664 ], [ -43.0001889, -22.8145052 ], [ -43.0001531, -22.8145319 ], [ -43.0001466, -22.8145368 ], [ -43.0001433, -22.8145392 ], [ -43.0001401, -22.8145416 ], [ -43.0001254, -22.8145526 ], [ -43.0000576, -22.8146031 ], [ -42.9999709, -22.8146679 ], [ -42.9999705, -22.8147029 ], [ -43.0000526, -22.8149671 ], [ -42.9997172, -22.8152842 ], [ -42.9993455, -22.8151708 ], [ -42.9992997, -22.8151988 ], [ -42.9993879, -22.8155648 ], [ -42.9980584, -22.8165711 ], [ -42.9975478, -22.8164564 ], [ -42.9975068, -22.8164393 ], [ -42.9975034, -22.8164007 ], [ -42.9975452, -22.8161127 ], [ -42.9972647, -22.815798 ], [ -42.9970459, -22.8158228 ], [ -42.9970064, -22.8158503 ], [ -42.9970155, -22.8162317 ], [ -42.9964573, -22.8165683 ], [ -42.9961899, -22.8161312 ], [ -42.9961393, -22.8161368 ], [ -42.9959713, -22.8161718 ], [ -42.9958006, -22.8159568 ], [ -42.9958813, -22.8157854 ], [ -42.9958884, -22.815723 ], [ -42.9958375, -22.8157075 ], [ -42.9956512, -22.8157002 ], [ -42.9952477, -22.8159515 ], [ -42.9952593, -22.8161233 ], [ -42.9952152, -22.816151 ], [ -42.9949766, -22.8161566 ], [ -42.9946326, -22.8163749 ], [ -42.9946266, -22.8165579 ], [ -42.9945771, -22.8165964 ], [ -42.994368, -22.8165071 ], [ -42.9939646, -22.8168445 ], [ -42.9940285, -22.8170104 ], [ -42.9940232, -22.8170653 ], [ -42.9939583, -22.8170701 ], [ -42.9936725, -22.817037 ], [ -42.9933979, -22.8174465 ], [ -42.9936223, -22.8176653 ], [ -42.9936127, -22.8177099 ], [ -42.9934007, -22.8177606 ], [ -42.9934059, -22.81786 ], [ -42.9924704, -22.8179618 ], [ -42.9925245, -22.8184932 ], [ -42.991519, -22.8186364 ], [ -42.991429, -22.8188305 ], [ -42.9914133, -22.8188643 ], [ -42.9928042, -22.8187107 ], [ -42.9928268, -22.8187075 ], [ -42.9927912, -22.818744 ], [ -42.9924918, -22.8190509 ], [ -42.9925912, -22.819969 ], [ -42.9930229, -22.8201735 ], [ -42.9930568, -22.8201896 ], [ -42.9930253, -22.8202247 ], [ -42.992669, -22.8205633 ], [ -42.992684, -22.8213844 ], [ -42.9931427, -22.8216356 ], [ -42.9931149, -22.8216408 ], [ -42.9931373, -22.8216672 ], [ -42.9932778, -22.821832 ], [ -42.9941704, -22.8216844 ], [ -42.9943061, -22.8214437 ], [ -42.9943349, -22.8213927 ], [ -42.9943581, -22.8213606 ], [ -42.9943651, -22.8213636 ], [ -42.9945402, -22.8214376 ], [ -42.9947341, -22.8212884 ], [ -42.995899, -22.8205099 ], [ -42.9959635, -22.8205466 ], [ -42.9962792, -22.8207166 ], [ -42.9970896, -22.8206341 ], [ -42.9972224, -22.8204203 ], [ -42.9972582, -22.8203892 ], [ -42.9973047, -22.8203752 ], [ -42.9975882, -22.8203639 ], [ -42.9981487, -22.8213448 ] ] ] } },
{ "type": "Feature", "properties": { "id": 73, "cod_bairro": "3304904074", "nm_bairro": "Vista Alegre", "area_km2": 4.1388091357520196, "cod_munic": "3304904", "nm_munic": "São Gonçalo", "cod_uf": "33", "sig_uf": "RJ" }, "geometry": { "type": "Polygon", "coordinates": [ [ [ -42.9743126, -22.8204746 ], [ -42.9745764, -22.8202881 ], [ -42.9758265, -22.8208565 ], [ -42.9760169, -22.8204637 ], [ -42.9763847, -22.8205012 ], [ -42.9764053, -22.8204596 ], [ -42.9761579, -22.8201698 ], [ -42.9761852, -22.8201092 ], [ -42.9766076, -22.8191711 ], [ -42.9766631, -22.8190563 ], [ -42.9771241, -22.8190155 ], [ -42.9771909, -22.8190011 ], [ -42.9771606, -22.8189459 ], [ -42.9769384, -22.818678 ], [ -42.977121, -22.8182605 ], [ -42.9775014, -22.8182123 ], [ -42.9775306, -22.8181505 ], [ -42.9773037, -22.8178603 ], [ -42.9774777, -22.8174602 ], [ -42.9778424, -22.817429 ], [ -42.9778529, -22.8174011 ], [ -42.9778634, -22.8173731 ], [ -42.9775138, -22.8170983 ], [ -42.9776081, -22.8166165 ], [ -42.9778431, -22.8165584 ], [ -42.9778852, -22.816548 ], [ -42.9778738, -22.8165099 ], [ -42.9775733, -22.8155045 ], [ -42.9775712, -22.8154974 ], [ -42.9773994, -22.8148487 ], [ -42.9773629, -22.8147439 ], [ -42.9773948, -22.8145024 ], [ -42.9774404, -22.8144158 ], [ -42.9775975, -22.8140879 ], [ -42.9775778, -22.8139437 ], [ -42.9774672, -22.8136988 ], [ -42.9773429, -22.8134886 ], [ -42.9773058, -22.8133438 ], [ -42.9772997, -22.813119 ], [ -42.9772716, -22.8130191 ], [ -42.9772445, -22.8128832 ], [ -42.9772397, -22.8127509 ], [ -42.9772093, -22.8126395 ], [ -42.9771833, -22.8124666 ], [ -42.9771769, -22.8123804 ], [ -42.9771688, -22.8122249 ], [ -42.9771489, -22.812088 ], [ -42.9771342, -22.8119871 ], [ -42.977117, -22.8118856 ], [ -42.9770992, -22.8118021 ], [ -42.9770746, -22.8117313 ], [ -42.9770282, -22.8116475 ], [ -42.9769769, -22.8115733 ], [ -42.9769377, -22.8115185 ], [ -42.976905, -22.8114715 ], [ -42.9768717, -22.8114436 ], [ -42.9768326, -22.8114078 ], [ -42.9766795, -22.8112966 ], [ -42.9766609, -22.8112767 ], [ -42.9762341, -22.8108212 ], [ -42.9761594, -22.8107106 ], [ -42.9761316, -22.8106094 ], [ -42.9761156, -22.8105461 ], [ -42.9761047, -22.8104955 ], [ -42.9760987, -22.8104394 ], [ -42.9760994, -22.8104036 ], [ -42.976104, -22.8103795 ], [ -42.9761054, -22.8103479 ], [ -42.9762256, -22.8101324 ], [ -42.9762256, -22.809973 ], [ -42.9760065, -22.8095248 ], [ -42.9758372, -22.8093704 ], [ -42.9756878, -22.8093156 ], [ -42.9753492, -22.808987 ], [ -42.9750304, -22.808489 ], [ -42.9749956, -22.8081404 ], [ -42.9748638, -22.8079098 ], [ -42.9746121, -22.807742 ], [ -42.9745325, -22.8075876 ], [ -42.9745353, -22.8073693 ], [ -42.9745361, -22.8073038 ], [ -42.9745362, -22.8073021 ], [ -42.9745365, -22.807277 ], [ -42.9743802, -22.8073301 ], [ -42.9740144, -22.8073587 ], [ -42.9735994, -22.8073912 ], [ -42.973005, -22.8073568 ], [ -42.972825, -22.8072914 ], [ -42.9723796, -22.8071353 ], [ -42.9718868, -22.8069355 ], [ -42.9707887, -22.806481 ], [ -42.9694426, -22.8058962 ], [ -42.9694126, -22.8058511 ], [ -42.9687568, -22.8055762 ], [ -42.9680539, -22.8052785 ], [ -42.9670259, -22.8048384 ], [ -42.9663575, -22.8045032 ], [ -42.9660481, -22.8043415 ], [ -42.9659544, -22.8042887 ], [ -42.9654854, -22.8039841 ], [ -42.9653661, -22.8039066 ], [ -42.9648532, -22.8035734 ], [ -42.9642391, -22.8031693 ], [ -42.9630143, -22.8023039 ], [ -42.962321, -22.8017876 ], [ -42.9619465, -22.8015143 ], [ -42.9610507, -22.8008969 ], [ -42.9602814, -22.8002592 ], [ -42.9593501, -22.799409 ], [ -42.958758, -22.7989585 ], [ -42.9585809, -22.7988067 ], [ -42.9577885, -22.7981 ], [ -42.9574458, -22.797823 ], [ -42.9567185, -22.7973369 ], [ -42.9562617, -22.797019 ], [ -42.9557641, -22.7967372 ], [ -42.9554038, -22.7984406 ], [ -42.9549386, -22.8003015 ], [ -42.9543531, -22.8025787 ], [ -42.9543279, -22.8026768 ], [ -42.95433, -22.8026772 ], [ -42.9542583, -22.8029819 ], [ -42.9538522, -22.8047346 ], [ -42.9537471, -22.8048183 ], [ -42.9537669, -22.8050562 ], [ -42.9536423, -22.8052946 ], [ -42.953807, -22.805863 ], [ -42.9537693, -22.806147 ], [ -42.9535585, -22.8064284 ], [ -42.9514341, -22.8081318 ], [ -42.9516825, -22.8081215 ], [ -42.9516429, -22.8083792 ], [ -42.9516694, -22.8084101 ], [ -42.9522695, -22.8080429 ], [ -42.9526379, -22.8085161 ], [ -42.9521509, -22.8089216 ], [ -42.9521411, -22.808948 ], [ -42.9521735, -22.8089516 ], [ -42.9526637, -22.808891 ], [ -42.9526594, -22.8092955 ], [ -42.9525504, -22.8093073 ], [ -42.9523852, -22.809228 ], [ -42.9523556, -22.8092186 ], [ -42.9520389, -22.8091179 ], [ -42.951786, -22.8092138 ], [ -42.9509881, -22.809667 ], [ -42.9496669, -22.8110896 ], [ -42.9496697, -22.8113514 ], [ -42.9496669, -22.8113877 ], [ -42.9496499, -22.8114063 ], [ -42.9494145, -22.8113944 ], [ -42.949043, -22.8116091 ], [ -42.9489794, -22.8118465 ], [ -42.9489677, -22.8118525 ], [ -42.9489321, -22.8118708 ], [ -42.9489169, -22.8118786 ], [ -42.9487623, -22.8117907 ], [ -42.9481678, -22.8120466 ], [ -42.9482009, -22.812187 ], [ -42.9481431, -22.81222 ], [ -42.9479862, -22.8121292 ], [ -42.9475982, -22.8122943 ], [ -42.9476517, -22.8125323 ], [ -42.9476768, -22.8125212 ], [ -42.9480135, -22.812526 ], [ -42.9482696, -22.8129284 ], [ -42.9481306, -22.8132357 ], [ -42.9481964, -22.8133235 ], [ -42.9486207, -22.8133674 ], [ -42.9491841, -22.8140478 ], [ -42.9491402, -22.8144575 ], [ -42.9491875, -22.8145088 ], [ -42.949228, -22.8145527 ], [ -42.9494475, -22.814538 ], [ -42.9498791, -22.8149477 ], [ -42.9498791, -22.8152111 ], [ -42.9499523, -22.8152623 ], [ -42.9502303, -22.8152111 ], [ -42.9506181, -22.8155843 ], [ -42.9506474, -22.8159427 ], [ -42.9508888, -22.815855 ], [ -42.9510726, -22.8160158 ], [ -42.9512131, -22.8154532 ], [ -42.9509589, -22.8150807 ], [ -42.9509181, -22.8150209 ], [ -42.9511449, -22.8148526 ], [ -42.951796, -22.8150136 ], [ -42.9519049, -22.8152477 ], [ -42.9518901, -22.8152997 ], [ -42.9518887, -22.8153044 ], [ -42.9521411, -22.8150269 ], [ -42.9528053, -22.815207 ], [ -42.9528615, -22.8154659 ], [ -42.9530642, -22.8152745 ], [ -42.9537284, -22.8154209 ], [ -42.9538016, -22.8157256 ], [ -42.9538455, -22.8157367 ], [ -42.9540999, -22.8154772 ], [ -42.9547191, -22.8156123 ], [ -42.9547439, -22.8159478 ], [ -42.9547911, -22.8159693 ], [ -42.9550343, -22.8156911 ], [ -42.9555522, -22.8158374 ], [ -42.9556788, -22.8162103 ], [ -42.9556935, -22.8162457 ], [ -42.9561003, -22.8148699 ], [ -42.9561222, -22.8148747 ], [ -42.9570426, -22.815076 ], [ -42.9580342, -22.8152863 ], [ -42.9580595, -22.8152917 ], [ -42.9576597, -22.8167484 ], [ -42.9577015, -22.816691 ], [ -42.9580954, -22.8163826 ], [ -42.9593746, -22.8166707 ], [ -42.9595364, -22.8171412 ], [ -42.9595938, -22.8171536 ], [ -42.9598848, -22.8168348 ], [ -42.9604573, -22.8169565 ], [ -42.9605292, -22.8173645 ], [ -42.9605769, -22.8173753 ], [ -42.9608805, -22.8170737 ], [ -42.9613313, -22.8171652 ], [ -42.9615081, -22.8175852 ], [ -42.961536, -22.8176254 ], [ -42.9616023, -22.8175703 ], [ -42.9619275, -22.8173462 ], [ -42.9646269, -22.8180546 ], [ -42.9648283, -22.8181071 ], [ -42.9671365, -22.8180451 ], [ -42.9673492, -22.8184021 ], [ -42.967431, -22.8185666 ], [ -42.967464, -22.8185744 ], [ -42.9679293, -22.8183159 ], [ -42.9685931, -22.8185799 ], [ -42.9690415, -22.8183532 ], [ -42.9690906, -22.8183652 ], [ -42.9690977, -22.8183494 ], [ -42.9692378, -22.8183002 ], [ -42.9697254, -22.8182787 ], [ -42.9722708, -22.8192825 ], [ -42.972555, -22.8197966 ], [ -42.9726073, -22.8197759 ], [ -42.9729322, -22.8195924 ], [ -42.974211, -22.8201194 ], [ -42.974248, -22.8204435 ], [ -42.9743126, -22.8204746 ] ] ] } },
{ "type": "Feature", "properties": { "id": 74, "cod_bairro": "3304904075", "nm_bairro": "Barro Vermelho", "area_km2": 0.76104709419694405, "cod_munic": "3304904", "nm_munic": "São Gonçalo", "cod_uf": "33", "sig_uf": "RJ" }, "geometry": { "type": "Polygon", "coordinates": [ [ [ -43.0781167, -22.8450741 ], [ -43.0782512, -22.8449042 ], [ -43.0778893, -22.8447818 ], [ -43.0794624, -22.8437169 ], [ -43.0797336, -22.8437141 ], [ -43.0813224, -22.8426435 ], [ -43.081245, -22.8423294 ], [ -43.0812477, -22.842272 ], [ -43.0813136, -22.8422509 ], [ -43.0820584, -22.8422706 ], [ -43.0825559, -22.8420251 ], [ -43.083519, -22.8415308 ], [ -43.0837358, -22.8414205 ], [ -43.0858429, -22.8402284 ], [ -43.085854, -22.8398117 ], [ -43.0858701, -22.8397773 ], [ -43.0858398, -22.8397936 ], [ -43.0855635, -22.8398499 ], [ -43.0828217, -22.8385682 ], [ -43.0822781, -22.8383004 ], [ -43.0821493, -22.8379678 ], [ -43.0821299, -22.837935 ], [ -43.0820827, -22.8379424 ], [ -43.0814002, -22.8380538 ], [ -43.0804912, -22.8385337 ], [ -43.0803748, -22.8383829 ], [ -43.0803622, -22.8383667 ], [ -43.0803568, -22.838362 ], [ -43.0803095, -22.8383303 ], [ -43.0803725, -22.8381614 ], [ -43.079296, -22.8378054 ], [ -43.0791666, -22.8378992 ], [ -43.0791458, -22.837921 ], [ -43.0786947, -22.8373885 ], [ -43.0754595, -22.8366372 ], [ -43.07524, -22.8383621 ], [ -43.0747528, -22.8386619 ], [ -43.0726992, -22.8399885 ], [ -43.0727352, -22.8402018 ], [ -43.0726877, -22.8402346 ], [ -43.0724565, -22.8404366 ], [ -43.0720316, -22.8402685 ], [ -43.0712234, -22.8405257 ], [ -43.0711839, -22.8405381 ], [ -43.0723006, -22.84102 ], [ -43.0730796, -22.8416558 ], [ -43.073735, -22.8423031 ], [ -43.0738093, -22.8423913 ], [ -43.0740417, -22.8426528 ], [ -43.0740813, -22.8427542 ], [ -43.0741137, -22.8428835 ], [ -43.074099, -22.8429849 ], [ -43.074071, -22.8430753 ], [ -43.0739236, -22.8435781 ], [ -43.0738247, -22.8440866 ], [ -43.0737826, -22.8443146 ], [ -43.0737674, -22.8445903 ], [ -43.0737552, -22.8448343 ], [ -43.0737445, -22.8450472 ], [ -43.0737492, -22.8451166 ], [ -43.0737881, -22.8456011 ], [ -43.0738306, -22.8458416 ], [ -43.0738393, -22.8458111 ], [ -43.0738512, -22.8457772 ], [ -43.0739692, -22.8453815 ], [ -43.07452, -22.8452075 ], [ -43.074686, -22.845294 ], [ -43.0748338, -22.845371 ], [ -43.0748356, -22.845399 ], [ -43.0748375, -22.845427 ], [ -43.0746746, -22.8456263 ], [ -43.0747571, -22.8460157 ], [ -43.0749889, -22.8460927 ], [ -43.0750687, -22.8460777 ], [ -43.0750845, -22.8460683 ], [ -43.0752989, -22.8459311 ], [ -43.0752435, -22.8456356 ], [ -43.0754224, -22.845485 ], [ -43.0755991, -22.8455706 ], [ -43.0756528, -22.8455551 ], [ -43.0758411, -22.8453584 ], [ -43.0761717, -22.8455738 ], [ -43.0763759, -22.8457065 ], [ -43.0766363, -22.8457753 ], [ -43.0769184, -22.8457482 ], [ -43.0771626, -22.8456315 ], [ -43.0777132, -22.8450838 ], [ -43.0780662, -22.8450979 ], [ -43.0781039, -22.8450904 ], [ -43.0781167, -22.8450741 ] ] ] } },
{ "type": "Feature", "properties": { "id": 75, "cod_bairro": "3304904076", "nm_bairro": "Boa Vista", "area_km2": 2.6668406616315803, "cod_munic": "3304904", "nm_munic": "São Gonçalo", "cod_uf": "33", "sig_uf": "RJ" }, "geometry": { "type": "Polygon", "coordinates": [ [ [ -43.0626281, -22.8199986 ], [ -43.0629541, -22.8200086 ], [ -43.0629643, -22.8200066 ], [ -43.0629745, -22.8200046 ], [ -43.0629949, -22.8200007 ], [ -43.0629825, -22.8199624 ], [ -43.0628789, -22.8196436 ], [ -43.0630856, -22.819471 ], [ -43.0633259, -22.8196243 ], [ -43.0633513, -22.8196033 ], [ -43.0633767, -22.8195823 ], [ -43.0633078, -22.8192223 ], [ -43.0653714, -22.8179343 ], [ -43.0676327, -22.8167663 ], [ -43.0678467, -22.8168176 ], [ -43.0679479, -22.81685 ], [ -43.0682068, -22.8169323 ], [ -43.0682476, -22.8169126 ], [ -43.0682668, -22.8169034 ], [ -43.0684013, -22.8167907 ], [ -43.068823, -22.8168269 ], [ -43.0691075, -22.8170753 ], [ -43.0691464, -22.817085 ], [ -43.0691816, -22.8170826 ], [ -43.0693419, -22.8168819 ], [ -43.0712163, -22.816994 ], [ -43.0714395, -22.8171184 ], [ -43.0715611, -22.8172881 ], [ -43.0725583, -22.8167397 ], [ -43.0726858, -22.8168627 ], [ -43.0727317, -22.8168718 ], [ -43.0727523, -22.8168467 ], [ -43.072789, -22.8165666 ], [ -43.0733552, -22.8163201 ], [ -43.0735716, -22.8164636 ], [ -43.0736143, -22.8164434 ], [ -43.073594, -22.8162469 ], [ -43.0739831, -22.8161044 ], [ -43.0742183, -22.8162098 ], [ -43.0742654, -22.8161911 ], [ -43.0742643, -22.8160081 ], [ -43.0747304, -22.8158733 ], [ -43.0748237, -22.8159668 ], [ -43.074997, -22.81593 ], [ -43.0750039, -22.8158001 ], [ -43.0754711, -22.8157393 ], [ -43.0755605, -22.8159044 ], [ -43.0755866, -22.8159052 ], [ -43.0756141, -22.8159012 ], [ -43.0757732, -22.8157849 ], [ -43.0762389, -22.815992 ], [ -43.0763442, -22.8160167 ], [ -43.0764797, -22.8160024 ], [ -43.0766058, -22.8160816 ], [ -43.0766395, -22.8160353 ], [ -43.0767458, -22.8158894 ], [ -43.0768311, -22.8157724 ], [ -43.0769448, -22.8156163 ], [ -43.0769539, -22.8156039 ], [ -43.0768492, -22.8155389 ], [ -43.0763155, -22.8150847 ], [ -43.0751014, -22.8140514 ], [ -43.0744205, -22.8134459 ], [ -43.0742874, -22.8131677 ], [ -43.0741545, -22.8128902 ], [ -43.0738932, -22.8125822 ], [ -43.0737679, -22.8124345 ], [ -43.0736439, -22.8122261 ], [ -43.0734154, -22.8118419 ], [ -43.0728365, -22.8110726 ], [ -43.0725331, -22.8106695 ], [ -43.0723361, -22.8103873 ], [ -43.0715298, -22.8092327 ], [ -43.071349, -22.8089738 ], [ -43.0711034, -22.8083811 ], [ -43.0710343, -22.8082144 ], [ -43.070981, -22.8078893 ], [ -43.0707221, -22.8075532 ], [ -43.0703189, -22.8074425 ], [ -43.0696124, -22.8068731 ], [ -43.0693874, -22.8067898 ], [ -43.0691334, -22.8066956 ], [ -43.0688125, -22.8065767 ], [ -43.068388, -22.806216 ], [ -43.0683847, -22.8062132 ], [ -43.0683805, -22.8062112 ], [ -43.0678318, -22.8059484 ], [ -43.0676259, -22.8057122 ], [ -43.0676183, -22.8056469 ], [ -43.0675914, -22.8054191 ], [ -43.0669835, -22.8046711 ], [ -43.0665464, -22.8043701 ], [ -43.0661803, -22.804288 ], [ -43.066053, -22.804179 ], [ -43.0658534, -22.8039436 ], [ -43.0655663, -22.8032921 ], [ -43.0654085, -22.8031754 ], [ -43.0650793, -22.8029319 ], [ -43.0654333, -22.8024168 ], [ -43.0651542, -22.8022557 ], [ -43.0648199, -22.8020892 ], [ -43.0643093, -22.8017049 ], [ -43.0638296, -22.8011129 ], [ -43.063495, -22.8006036 ], [ -43.0632909, -22.8006108 ], [ -43.0630603, -22.8007254 ], [ -43.0628298, -22.80084 ], [ -43.0608282, -22.80181 ], [ -43.0592597, -22.8025318 ], [ -43.0581804, -22.8030254 ], [ -43.0579389, -22.8030996 ], [ -43.0578672, -22.8031216 ], [ -43.0577887, -22.8031496 ], [ -43.0576231, -22.8032087 ], [ -43.0573961, -22.8033868 ], [ -43.0573133, -22.8037286 ], [ -43.0573147, -22.804369 ], [ -43.05725, -22.8048556 ], [ -43.0572543, -22.8052073 ], [ -43.0573205, -22.8054151 ], [ -43.0574209, -22.8059036 ], [ -43.0574353, -22.8060241 ], [ -43.0574397, -22.8060613 ], [ -43.0574641, -22.8062652 ], [ -43.0575013, -22.806464 ], [ -43.0575465, -22.8066988 ], [ -43.0575627, -22.8069516 ], [ -43.0575617, -22.8069975 ], [ -43.0575794, -22.8073135 ], [ -43.0575808, -22.8073371 ], [ -43.057595, -22.8074581 ], [ -43.0576112, -22.8076919 ], [ -43.0576255, -22.8080895 ], [ -43.0576578, -22.8085501 ], [ -43.0576636, -22.8086379 ], [ -43.0576902, -22.8090377 ], [ -43.0577154, -22.8093624 ], [ -43.0577593, -22.8094652 ], [ -43.0577816, -22.8095172 ], [ -43.0577896, -22.8096251 ], [ -43.0577768, -22.8098689 ], [ -43.0576349, -22.8102097 ], [ -43.057544, -22.8104436 ], [ -43.0573532, -22.8108924 ], [ -43.0571914, -22.8113501 ], [ -43.0570905, -22.811584 ], [ -43.0570096, -22.8117639 ], [ -43.0569197, -22.8119429 ], [ -43.0568398, -22.8121318 ], [ -43.0567389, -22.8123647 ], [ -43.0566889, -22.8124816 ], [ -43.0566689, -22.8125176 ], [ -43.056627, -22.8126885 ], [ -43.0565561, -22.8128684 ], [ -43.0564861, -22.8130293 ], [ -43.0563653, -22.8132992 ], [ -43.0562444, -22.813641 ], [ -43.0561625, -22.8138829 ], [ -43.0561507, -22.8140817 ], [ -43.0561197, -22.8141897 ], [ -43.0558846, -22.8143038 ], [ -43.0555505, -22.814454 ], [ -43.0553354, -22.8145231 ], [ -43.0552574, -22.8145591 ], [ -43.0552174, -22.8145762 ], [ -43.0551784, -22.8145852 ], [ -43.0550813, -22.8145743 ], [ -43.0550123, -22.8146103 ], [ -43.0549878, -22.8146278 ], [ -43.0549633, -22.8146453 ], [ -43.0548934, -22.8147893 ], [ -43.0548512, -22.814904 ], [ -43.0548382, -22.8149394 ], [ -43.0548058, -22.8150274 ], [ -43.0548485, -22.8152135 ], [ -43.0549269, -22.8154108 ], [ -43.0549897, -22.8155073 ], [ -43.0550727, -22.8156104 ], [ -43.0551579, -22.8157921 ], [ -43.0551213, -22.8159551 ], [ -43.0550804, -22.816081 ], [ -43.0549995, -22.8163059 ], [ -43.0549676, -22.8164768 ], [ -43.0549464, -22.8166296 ], [ -43.0549507, -22.8167597 ], [ -43.0549418, -22.8169284 ], [ -43.0549125, -22.8169966 ], [ -43.0549289, -22.8170022 ], [ -43.0558931, -22.8173282 ], [ -43.0559561, -22.8173142 ], [ -43.0559561, -22.8173495 ], [ -43.0559615, -22.8173899 ], [ -43.0558923, -22.8176208 ], [ -43.056621, -22.818301 ], [ -43.0569398, -22.8182748 ], [ -43.0569948, -22.8182703 ], [ -43.0570932, -22.818353 ], [ -43.0573697, -22.8184567 ], [ -43.0578281, -22.8184247 ], [ -43.0577979, -22.8182683 ], [ -43.0578236, -22.8182663 ], [ -43.0578511, -22.8182637 ], [ -43.0580391, -22.818413 ], [ -43.0589918, -22.8184104 ], [ -43.0591061, -22.8182667 ], [ -43.0591621, -22.8182627 ], [ -43.0594969, -22.818396 ], [ -43.0600417, -22.8195253 ], [ -43.060969, -22.820283 ], [ -43.0624013, -22.8208711 ], [ -43.0626983, -22.8206784 ], [ -43.0627383, -22.8206472 ], [ -43.062718, -22.8206071 ], [ -43.0624934, -22.8203919 ], [ -43.0626281, -22.8199986 ] ] ] } },
{ "type": "Feature", "properties": { "id": 76, "cod_bairro": "3304904077", "nm_bairro": "Brasilândia", "area_km2": 0.16770443527153583, "cod_munic": "3304904", "nm_munic": "São Gonçalo", "cod_uf": "33", "sig_uf": "RJ" }, "geometry": { "type": "Polygon", "coordinates": [ [ [ -43.0566139, -22.8247844 ], [ -43.0570344, -22.8250669 ], [ -43.0571975, -22.8248817 ], [ -43.0572346, -22.8248738 ], [ -43.0586113, -22.8240528 ], [ -43.0586514, -22.8236897 ], [ -43.0586555, -22.8236525 ], [ -43.0586868, -22.8236666 ], [ -43.0589782, -22.8237662 ], [ -43.0593789, -22.8235088 ], [ -43.059379, -22.8232439 ], [ -43.0594214, -22.8232197 ], [ -43.0596404, -22.8233649 ], [ -43.0603649, -22.8229719 ], [ -43.0604466, -22.8226688 ], [ -43.060449, -22.8226334 ], [ -43.0603895, -22.8226422 ], [ -43.0600398, -22.8227239 ], [ -43.0598201, -22.8225782 ], [ -43.0599114, -22.8224308 ], [ -43.0598461, -22.8224007 ], [ -43.0595885, -22.8224671 ], [ -43.059355, -22.8222726 ], [ -43.059465, -22.8221295 ], [ -43.0594444, -22.8220921 ], [ -43.0593506, -22.8220935 ], [ -43.0591942, -22.8218134 ], [ -43.0592257, -22.8217574 ], [ -43.0592445, -22.8217323 ], [ -43.0592313, -22.8217373 ], [ -43.0591888, -22.8217142 ], [ -43.0588933, -22.8217412 ], [ -43.0585359, -22.821204 ], [ -43.0587062, -22.8209905 ], [ -43.0586701, -22.8209418 ], [ -43.0584625, -22.8210102 ], [ -43.0583279, -22.8208071 ], [ -43.0584674, -22.8206247 ], [ -43.0584818, -22.8205673 ], [ -43.0584207, -22.8205594 ], [ -43.0582723, -22.8205567 ], [ -43.0581064, -22.8202973 ], [ -43.0581594, -22.8201534 ], [ -43.0581655, -22.8200896 ], [ -43.0580987, -22.8200834 ], [ -43.0579374, -22.8200958 ], [ -43.0578549, -22.8199803 ], [ -43.0540893, -22.8224394 ], [ -43.0537577, -22.8223851 ], [ -43.0537378, -22.8223818 ], [ -43.053873, -22.8224736 ], [ -43.0540962, -22.8225753 ], [ -43.0543384, -22.8226411 ], [ -43.0544164, -22.822651 ], [ -43.0544545, -22.8226789 ], [ -43.054563, -22.8228209 ], [ -43.0546277, -22.8229056 ], [ -43.0547919, -22.8230163 ], [ -43.0550433, -22.8232536 ], [ -43.0553026, -22.8231645 ], [ -43.0556024, -22.8231996 ], [ -43.0556874, -22.8232509 ], [ -43.055955, -22.8234709 ], [ -43.0561853, -22.8237085 ], [ -43.0562814, -22.8238093 ], [ -43.0563576, -22.8239901 ], [ -43.0564518, -22.8241898 ], [ -43.0564719, -22.8243068 ], [ -43.0564692, -22.8244257 ], [ -43.0565973, -22.8244639 ], [ -43.0566185, -22.8244703 ], [ -43.0566396, -22.8244766 ], [ -43.0566633, -22.8244837 ], [ -43.0566598, -22.8245051 ], [ -43.0566139, -22.8247844 ] ] ] } },
{ "type": "Feature", "properties": { "id": 77, "cod_bairro": "3304904078", "nm_bairro": "Camarão", "area_km2": 0.4386767044547763, "cod_munic": "3304904", "nm_munic": "São Gonçalo", "cod_uf": "33", "sig_uf": "RJ" }, "geometry": { "type": "Polygon", "coordinates": [ [ [ -43.0638592, -22.8286332 ], [ -43.0638507, -22.8285741 ], [ -43.0635779, -22.8284568 ], [ -43.0636313, -22.8284597 ], [ -43.0639714, -22.8284779 ], [ -43.0642501, -22.8283397 ], [ -43.0642852, -22.8281925 ], [ -43.0644184, -22.8281406 ], [ -43.0647771, -22.8281571 ], [ -43.0656282, -22.8278074 ], [ -43.0656622, -22.8276232 ], [ -43.0657302, -22.8275757 ], [ -43.0659722, -22.8276637 ], [ -43.0662567, -22.827495 ], [ -43.0662327, -22.8272344 ], [ -43.0662931, -22.827192 ], [ -43.0667738, -22.8272909 ], [ -43.067538, -22.826804 ], [ -43.0676706, -22.8267196 ], [ -43.0680151, -22.8265002 ], [ -43.0677285, -22.8261494 ], [ -43.0677101, -22.8261269 ], [ -43.0676084, -22.8261963 ], [ -43.0676076, -22.8262093 ], [ -43.0675695, -22.8261892 ], [ -43.0672012, -22.826222 ], [ -43.0667649, -22.8253764 ], [ -43.0665417, -22.8253474 ], [ -43.0664464, -22.8251157 ], [ -43.0671885, -22.8246544 ], [ -43.066788, -22.8239677 ], [ -43.0668306, -22.8237579 ], [ -43.0668412, -22.8237058 ], [ -43.0667905, -22.8236965 ], [ -43.066655, -22.8236719 ], [ -43.0665785, -22.8235253 ], [ -43.064877, -22.8245163 ], [ -43.0644888, -22.8244492 ], [ -43.0644886, -22.8244633 ], [ -43.0644827, -22.8247955 ], [ -43.0638579, -22.8251143 ], [ -43.0635524, -22.824967 ], [ -43.0635179, -22.8250078 ], [ -43.0635175, -22.8252912 ], [ -43.0632262, -22.8254624 ], [ -43.0630599, -22.8254545 ], [ -43.0630321, -22.8254532 ], [ -43.0630151, -22.8254281 ], [ -43.062954, -22.8253381 ], [ -43.0628048, -22.8253439 ], [ -43.0619924, -22.8258015 ], [ -43.0613256, -22.8248792 ], [ -43.0611065, -22.8248504 ], [ -43.0610731, -22.8248461 ], [ -43.0610574, -22.824831 ], [ -43.0610899, -22.8247877 ], [ -43.0612313, -22.8244882 ], [ -43.0604935, -22.8232693 ], [ -43.0603649, -22.8229719 ], [ -43.0596404, -22.8233649 ], [ -43.0594214, -22.8232197 ], [ -43.059379, -22.8232439 ], [ -43.0593789, -22.8235088 ], [ -43.0589782, -22.8237662 ], [ -43.0586868, -22.8236666 ], [ -43.0586555, -22.8236525 ], [ -43.0586514, -22.8236897 ], [ -43.0586113, -22.8240528 ], [ -43.0572346, -22.8248738 ], [ -43.0571975, -22.8248817 ], [ -43.0570344, -22.8250669 ], [ -43.0566139, -22.8247844 ], [ -43.0566598, -22.8245051 ], [ -43.0566633, -22.8244837 ], [ -43.0566396, -22.8244766 ], [ -43.0566185, -22.8244703 ], [ -43.0565973, -22.8244639 ], [ -43.0564692, -22.8244257 ], [ -43.056426, -22.8245674 ], [ -43.0563371, -22.8247295 ], [ -43.0561201, -22.8249884 ], [ -43.0560849, -22.8250867 ], [ -43.0560534, -22.825133 ], [ -43.0558102, -22.8254903 ], [ -43.055655, -22.825734 ], [ -43.0555375, -22.8259285 ], [ -43.0554484, -22.8260838 ], [ -43.0553769, -22.8261783 ], [ -43.0552925, -22.8262971 ], [ -43.0552199, -22.8263757 ], [ -43.0551865, -22.8264119 ], [ -43.0551122, -22.826505 ], [ -43.0550433, -22.8265698 ], [ -43.0549533, -22.8266534 ], [ -43.0549056, -22.8267012 ], [ -43.0548618, -22.826741 ], [ -43.054838, -22.8268682 ], [ -43.0548419, -22.8269717 ], [ -43.0548979, -22.8270805 ], [ -43.054918, -22.8270834 ], [ -43.0556875, -22.8269589 ], [ -43.0563171, -22.8268611 ], [ -43.0566288, -22.8268117 ], [ -43.0571909, -22.8267192 ], [ -43.0579539, -22.8265978 ], [ -43.0583261, -22.8265343 ], [ -43.0594551, -22.8263495 ], [ -43.0596323, -22.826464 ], [ -43.0596283, -22.8264959 ], [ -43.0596735, -22.8265142 ], [ -43.0606547, -22.8269034 ], [ -43.0606894, -22.8269171 ], [ -43.0607425, -22.8268797 ], [ -43.0612669, -22.8270835 ], [ -43.0611085, -22.8272553 ], [ -43.0610461, -22.8274523 ], [ -43.0608666, -22.8273877 ], [ -43.0608801, -22.8274322 ], [ -43.0610218, -22.8278977 ], [ -43.0608425, -22.8282405 ], [ -43.0608907, -22.8288069 ], [ -43.0609299, -22.8288461 ], [ -43.0611319, -22.8287929 ], [ -43.0616948, -22.8294932 ], [ -43.0616734, -22.8297455 ], [ -43.0617117, -22.8297872 ], [ -43.0619173, -22.8297615 ], [ -43.0626111, -22.8304814 ], [ -43.0626582, -22.8307448 ], [ -43.0627032, -22.8307717 ], [ -43.0627314, -22.8307875 ], [ -43.0628607, -22.8307513 ], [ -43.0639342, -22.8288646 ], [ -43.0638592, -22.8286332 ] ] ] } },
{ "type": "Feature", "properties": { "id": 78, "cod_bairro": "3304904079", "nm_bairro": "Covanca", "area_km2": 0.61000975192969809, "cod_munic": "3304904", "nm_munic": "São Gonçalo", "cod_uf": "33", "sig_uf": "RJ" }, "geometry": { "type": "Polygon", "coordinates": [ [ [ -43.0893655, -22.8536628 ], [ -43.0896705, -22.8534317 ], [ -43.0901715, -22.8530866 ], [ -43.0905963, -22.8528425 ], [ -43.0908053, -22.8527699 ], [ -43.0911203, -22.8527017 ], [ -43.0913772, -22.8526422 ], [ -43.0928756, -22.8523581 ], [ -43.0938638, -22.8521617 ], [ -43.0954086, -22.851746 ], [ -43.0952925, -22.8517324 ], [ -43.0948228, -22.8516361 ], [ -43.094585, -22.8512288 ], [ -43.0946885, -22.8510132 ], [ -43.094668, -22.8509833 ], [ -43.0942549, -22.850942 ], [ -43.0933235, -22.849662 ], [ -43.0933658, -22.8494269 ], [ -43.0933812, -22.8493958 ], [ -43.0933295, -22.8493852 ], [ -43.0931283, -22.84937 ], [ -43.0928169, -22.8489651 ], [ -43.092744, -22.8490191 ], [ -43.0926715, -22.8489309 ], [ -43.0927351, -22.8488818 ], [ -43.0924017, -22.8485156 ], [ -43.0924369, -22.8483162 ], [ -43.092399, -22.8482923 ], [ -43.0922144, -22.8482827 ], [ -43.0918326, -22.8477621 ], [ -43.0918628, -22.8474959 ], [ -43.0918652, -22.8474531 ], [ -43.09183, -22.8474357 ], [ -43.0917249, -22.847402 ], [ -43.0917218, -22.8474009 ], [ -43.0915032, -22.8473307 ], [ -43.0905175, -22.8478341 ], [ -43.0893425, -22.8477498 ], [ -43.0885017, -22.8482138 ], [ -43.0881851, -22.8483884 ], [ -43.0879062, -22.8490812 ], [ -43.0878963, -22.8491284 ], [ -43.0878468, -22.8491115 ], [ -43.0875772, -22.8490191 ], [ -43.0869746, -22.8493509 ], [ -43.0869529, -22.8493628 ], [ -43.0869311, -22.8493748 ], [ -43.0868787, -22.8494037 ], [ -43.0863299, -22.8497058 ], [ -43.0860092, -22.8500083 ], [ -43.0855608, -22.8501814 ], [ -43.0855304, -22.8493927 ], [ -43.0852288, -22.8494177 ], [ -43.0851879, -22.8494589 ], [ -43.085035, -22.8500136 ], [ -43.0831552, -22.8508596 ], [ -43.0834498, -22.8510008 ], [ -43.0837268, -22.851228 ], [ -43.0838726, -22.8514061 ], [ -43.0839374, -22.8516248 ], [ -43.0839536, -22.8518678 ], [ -43.0839102, -22.8520615 ], [ -43.0837997, -22.8522646 ], [ -43.0835775, -22.8525224 ], [ -43.0835456, -22.8525493 ], [ -43.0835346, -22.8526037 ], [ -43.0835356, -22.8528682 ], [ -43.0813755, -22.8540606 ], [ -43.0810667, -22.8540226 ], [ -43.0809926, -22.8540212 ], [ -43.0813181, -22.8543859 ], [ -43.0816966, -22.8548602 ], [ -43.0825923, -22.8549516 ], [ -43.0828925, -22.854953 ], [ -43.0836704, -22.8549486 ], [ -43.0839364, -22.8548486 ], [ -43.0843552, -22.8548201 ], [ -43.0849059, -22.8548126 ], [ -43.0854966, -22.8548045 ], [ -43.0856695, -22.8547957 ], [ -43.0860689, -22.8547207 ], [ -43.0862815, -22.8546738 ], [ -43.0873088, -22.8544307 ], [ -43.0886091, -22.8541359 ], [ -43.0888421, -22.8540789 ], [ -43.0889008, -22.8540357 ], [ -43.0892147, -22.853777 ], [ -43.0893655, -22.8536628 ] ] ] } },
{ "type": "Feature", "properties": { "id": 79, "cod_bairro": "3304904080", "nm_bairro": "Gradim", "area_km2": 1.9548251221497062, "cod_munic": "3304904", "nm_munic": "São Gonçalo", "cod_uf": "33", "sig_uf": "RJ" }, "geometry": { "type": "MultiPolygon", "coordinates": [ [ [ [ -43.0954079, -22.8343269 ], [ -43.0958767, -22.8337973 ], [ -43.0962981, -22.8337044 ], [ -43.0966021, -22.8338188 ], [ -43.0973794, -22.8341193 ], [ -43.0974897, -22.834162 ], [ -43.0974976, -22.8341474 ], [ -43.0975024, -22.8341387 ], [ -43.0977341, -22.8337133 ], [ -43.0973833, -22.833583 ], [ -43.0970777, -22.8334255 ], [ -43.0969417, -22.8332016 ], [ -43.0968338, -22.8329877 ], [ -43.0968206, -22.8326363 ], [ -43.0968556, -22.83235 ], [ -43.0971687, -22.8318879 ], [ -43.0974448, -22.8317177 ], [ -43.0979129, -22.8317558 ], [ -43.0980032, -22.8311906 ], [ -43.0982338, -22.8307371 ], [ -43.0980536, -22.8305686 ], [ -43.0975578, -22.830416 ], [ -43.0974524, -22.8302093 ], [ -43.0973971, -22.82937 ], [ -43.0971342, -22.8289917 ], [ -43.0969635, -22.8288487 ], [ -43.0969472, -22.8285427 ], [ -43.096829, -22.828331 ], [ -43.0971232, -22.8281171 ], [ -43.0969261, -22.8278696 ], [ -43.0964811, -22.8276206 ], [ -43.0962299, -22.8274829 ], [ -43.0961207, -22.8273645 ], [ -43.096094, -22.8272495 ], [ -43.0959467, -22.8270901 ], [ -43.0958483, -22.8271543 ], [ -43.0956359, -22.8268259 ], [ -43.0955959, -22.826737 ], [ -43.0955431, -22.8264912 ], [ -43.0955257, -22.8262617 ], [ -43.0954499, -22.8261141 ], [ -43.0952535, -22.8259708 ], [ -43.0947039, -22.8256393 ], [ -43.0946816, -22.8255793 ], [ -43.0942315, -22.8255094 ], [ -43.0940317, -22.825421 ], [ -43.0935462, -22.8252981 ], [ -43.0929716, -22.8251048 ], [ -43.0925018, -22.8249654 ], [ -43.0922841, -22.8248919 ], [ -43.0922453, -22.8248787 ], [ -43.091798, -22.8246115 ], [ -43.0915833, -22.8245273 ], [ -43.0911563, -22.8241907 ], [ -43.0907657, -22.8237868 ], [ -43.0908174, -22.8237227 ], [ -43.0908213, -22.8237178 ], [ -43.0908041, -22.8237028 ], [ -43.0901688, -22.8231485 ], [ -43.0900386, -22.8232524 ], [ -43.0898282, -22.8231973 ], [ -43.0897532, -22.8231465 ], [ -43.0899232, -22.8229259 ], [ -43.0902293, -22.8225284 ], [ -43.090074, -22.8223903 ], [ -43.0896367, -22.8229332 ], [ -43.0894603, -22.8231523 ], [ -43.0892538, -22.8229898 ], [ -43.0892625, -22.8229429 ], [ -43.0893151, -22.8226608 ], [ -43.0896576, -22.8221273 ], [ -43.0895839, -22.8220476 ], [ -43.0891684, -22.8225708 ], [ -43.0891003, -22.8226565 ], [ -43.0890734, -22.8226904 ], [ -43.0889546, -22.8226671 ], [ -43.0887489, -22.8226268 ], [ -43.0886163, -22.8225966 ], [ -43.088402, -22.822548 ], [ -43.0883166, -22.8225097 ], [ -43.0879078, -22.8223268 ], [ -43.087474, -22.8219359 ], [ -43.0871203, -22.8215888 ], [ -43.0869496, -22.8213666 ], [ -43.0868514, -22.8211809 ], [ -43.0869797, -22.8208596 ], [ -43.0869808, -22.8206565 ], [ -43.0868776, -22.820703 ], [ -43.086762, -22.8210099 ], [ -43.0866519, -22.8211568 ], [ -43.0865175, -22.8213362 ], [ -43.0863493, -22.8214891 ], [ -43.0861328, -22.8214094 ], [ -43.085643, -22.8212093 ], [ -43.0855226, -22.8211339 ], [ -43.0853402, -22.8211424 ], [ -43.0851586, -22.8211352 ], [ -43.0850269, -22.8212834 ], [ -43.0850103, -22.821302 ], [ -43.0848769, -22.8213281 ], [ -43.0843705, -22.8211461 ], [ -43.0841879, -22.8210798 ], [ -43.0840122, -22.821077 ], [ -43.0832981, -22.8206338 ], [ -43.0831563, -22.8205458 ], [ -43.0829284, -22.8204488 ], [ -43.0828706, -22.8205012 ], [ -43.0827934, -22.8205712 ], [ -43.0825944, -22.8204163 ], [ -43.0825486, -22.8203806 ], [ -43.0823183, -22.8202013 ], [ -43.0821572, -22.8200987 ], [ -43.0808452, -22.821549 ], [ -43.0796425, -22.8226237 ], [ -43.0795133, -22.8227767 ], [ -43.0794419, -22.8229127 ], [ -43.0794079, -22.8231167 ], [ -43.079384, -22.8233486 ], [ -43.0793774, -22.823361 ], [ -43.0794078, -22.8234807 ], [ -43.0795111, -22.823644 ], [ -43.0796234, -22.8237538 ], [ -43.0797543, -22.8238818 ], [ -43.080229, -22.8243785 ], [ -43.0802019, -22.8244029 ], [ -43.0802551, -22.8244017 ], [ -43.0802838, -22.8244319 ], [ -43.0804159, -22.8245778 ], [ -43.0808575, -22.8250018 ], [ -43.0809131, -22.825141 ], [ -43.0809049, -22.8252869 ], [ -43.0808712, -22.8253505 ], [ -43.0808619, -22.825367 ], [ -43.0808395, -22.8253982 ], [ -43.0808108, -22.8254269 ], [ -43.0805225, -22.8256686 ], [ -43.0802091, -22.8259088 ], [ -43.0799501, -22.8260363 ], [ -43.0787166, -22.8269312 ], [ -43.0787215, -22.8269607 ], [ -43.0787556, -22.8269746 ], [ -43.0788863, -22.8270276 ], [ -43.0800669, -22.8275365 ], [ -43.0800927, -22.8275476 ], [ -43.0801186, -22.8275588 ], [ -43.0801556, -22.8275747 ], [ -43.0801568, -22.8275737 ], [ -43.0801947, -22.8275893 ], [ -43.0803624, -22.8276587 ], [ -43.0818506, -22.8287485 ], [ -43.0824996, -22.8294338 ], [ -43.0825451, -22.8294906 ], [ -43.0825661, -22.8295721 ], [ -43.0826954, -22.8301427 ], [ -43.0827025, -22.8301688 ], [ -43.0826396, -22.8301691 ], [ -43.0822578, -22.8301734 ], [ -43.0821576, -22.8302899 ], [ -43.0824515, -22.8303951 ], [ -43.0823535, -22.8307327 ], [ -43.0828133, -22.8310426 ], [ -43.0831701, -22.8309744 ], [ -43.0832194, -22.8309811 ], [ -43.0833877, -22.8310224 ], [ -43.0834902, -22.8309586 ], [ -43.083641, -22.8307321 ], [ -43.083684, -22.8307302 ], [ -43.0838323, -22.8309146 ], [ -43.0840703, -22.8309174 ], [ -43.0842445, -22.830625 ], [ -43.0843177, -22.8306124 ], [ -43.0843377, -22.8306093 ], [ -43.0843739, -22.8307541 ], [ -43.08456, -22.8308749 ], [ -43.0846682, -22.830742 ], [ -43.0847199, -22.8307204 ], [ -43.0847828, -22.8309748 ], [ -43.0849265, -22.8309884 ], [ -43.0850762, -22.8307689 ], [ -43.0851087, -22.8307456 ], [ -43.0851403, -22.8305962 ], [ -43.0851832, -22.8305531 ], [ -43.0852134, -22.830519 ], [ -43.0854812, -22.8307245 ], [ -43.0871719, -22.8304862 ], [ -43.087751, -22.8302807 ], [ -43.0884192, -22.8305503 ], [ -43.0885625, -22.8306096 ], [ -43.0885769, -22.8305881 ], [ -43.0887563, -22.8304995 ], [ -43.0901583, -22.8308612 ], [ -43.090169, -22.8306243 ], [ -43.0903366, -22.8305286 ], [ -43.0903742, -22.8304833 ], [ -43.0903707, -22.8307358 ], [ -43.0903698, -22.8307991 ], [ -43.0905829, -22.830927 ], [ -43.0907774, -22.8307417 ], [ -43.0907592, -22.8304121 ], [ -43.0907965, -22.8303705 ], [ -43.0909848, -22.8304838 ], [ -43.0912298, -22.8302439 ], [ -43.0912285, -22.8298972 ], [ -43.0912625, -22.829853 ], [ -43.09157, -22.8299798 ], [ -43.0919812, -22.8295936 ], [ -43.0919327, -22.8291124 ], [ -43.0919611, -22.8290977 ], [ -43.0919894, -22.829083 ], [ -43.0920952, -22.8290345 ], [ -43.0922365, -22.8289636 ], [ -43.0931383, -22.8308112 ], [ -43.0936384, -22.8318358 ], [ -43.0939133, -22.8326235 ], [ -43.0940811, -22.8332291 ], [ -43.0944274, -22.8351262 ], [ -43.0950252, -22.8350912 ], [ -43.095303, -22.8349942 ], [ -43.0953251, -22.8349041 ], [ -43.0954079, -22.8343269 ] ] ], [ [ [ -43.0950599, -22.8231268 ], [ -43.0956743, -22.822985 ], [ -43.0961705, -22.8232685 ], [ -43.0963241, -22.823623 ], [ -43.0964777, -22.8239774 ], [ -43.096265, -22.8245682 ], [ -43.0961941, -22.8250408 ], [ -43.0966431, -22.8248281 ], [ -43.0972339, -22.8251117 ], [ -43.0974229, -22.8257733 ], [ -43.0978483, -22.8261514 ], [ -43.0983445, -22.8266476 ], [ -43.0994913, -22.8271652 ], [ -43.0999903, -22.8275949 ], [ -43.1010856, -22.8285381 ], [ -43.101251, -22.8290343 ], [ -43.1019599, -22.8296959 ], [ -43.1028579, -22.8300268 ], [ -43.1036694, -22.8298963 ], [ -43.104392, -22.8293752 ], [ -43.104244, -22.8291513 ], [ -43.1035145, -22.829044 ], [ -43.1034107, -22.8289924 ], [ -43.1030691, -22.8288226 ], [ -43.1027607, -22.8285312 ], [ -43.1026884, -22.8281605 ], [ -43.1022739, -22.8277942 ], [ -43.1020745, -22.8273598 ], [ -43.101846, -22.8269414 ], [ -43.1016714, -22.8261912 ], [ -43.1013816, -22.8252582 ], [ -43.1012783, -22.8249416 ], [ -43.1013601, -22.8246268 ], [ -43.1012859, -22.8243551 ], [ -43.1008976, -22.8242515 ], [ -43.1005102, -22.8240311 ], [ -43.100486, -22.8236974 ], [ -43.1002847, -22.8234238 ], [ -43.0998464, -22.8233922 ], [ -43.099509, -22.8231267 ], [ -43.0991197, -22.8230681 ], [ -43.0984111, -22.822826 ], [ -43.0978195, -22.8225937 ], [ -43.097456, -22.8221115 ], [ -43.0973375, -22.8214791 ], [ -43.0968035, -22.8205524 ], [ -43.0967088, -22.8203758 ], [ -43.0963947, -22.8197904 ], [ -43.0959331, -22.8193252 ], [ -43.0952036, -22.819227 ], [ -43.0946054, -22.8194823 ], [ -43.0938192, -22.8199606 ], [ -43.0933943, -22.8204426 ], [ -43.093104, -22.8213496 ], [ -43.093264, -22.8222524 ], [ -43.0935476, -22.8222288 ], [ -43.0939257, -22.8225833 ], [ -43.0944045, -22.8229823 ], [ -43.0950599, -22.8231268 ] ] ], [ [ [ -43.1203808, -22.8063643 ], [ -43.120522, -22.8064366 ], [ -43.1207104, -22.8064656 ], [ -43.1208203, -22.8064294 ], [ -43.1209459, -22.8062847 ], [ -43.1209538, -22.8061617 ], [ -43.1208518, -22.8061256 ], [ -43.1207968, -22.8061183 ], [ -43.1207733, -22.8060532 ], [ -43.1207105, -22.8060025 ], [ -43.1207026, -22.8059881 ], [ -43.1207027, -22.8059229 ], [ -43.1207027, -22.8059157 ], [ -43.1206948, -22.8058506 ], [ -43.120632, -22.8057493 ], [ -43.1204829, -22.8056914 ], [ -43.1203652, -22.8057058 ], [ -43.1202474, -22.8057854 ], [ -43.1202081, -22.8059157 ], [ -43.1202238, -22.8060097 ], [ -43.1202081, -22.8060893 ], [ -43.1200982, -22.8060676 ], [ -43.1200197, -22.8061255 ], [ -43.1200747, -22.806234 ], [ -43.1201689, -22.8063281 ], [ -43.1203808, -22.8063643 ] ] ] ] } },
{ "type": "Feature", "properties": { "id": 80, "cod_bairro": "3304904081", "nm_bairro": "Mangueira", "area_km2": 0.36229115352131974, "cod_munic": "3304904", "nm_munic": "São Gonçalo", "cod_uf": "33", "sig_uf": "RJ" }, "geometry": { "type": "Polygon", "coordinates": [ [ [ -43.0714789, -22.8315768 ], [ -43.0714724, -22.8315223 ], [ -43.0727358, -22.8318448 ], [ -43.0727291, -22.8318039 ], [ -43.0726003, -22.8317044 ], [ -43.0726654, -22.8315699 ], [ -43.0729042, -22.8315707 ], [ -43.0729382, -22.8315222 ], [ -43.072775, -22.8314277 ], [ -43.0729087, -22.8312269 ], [ -43.0731418, -22.8312816 ], [ -43.0731567, -22.8312628 ], [ -43.0731716, -22.831244 ], [ -43.0730188, -22.8310733 ], [ -43.0731047, -22.8309587 ], [ -43.0733417, -22.8309972 ], [ -43.0733534, -22.8309775 ], [ -43.0733655, -22.8309574 ], [ -43.0731907, -22.8307056 ], [ -43.0733387, -22.8303618 ], [ -43.0736303, -22.8303642 ], [ -43.073636, -22.8303411 ], [ -43.073641, -22.8303191 ], [ -43.0736141, -22.8301969 ], [ -43.0725082, -22.8295882 ], [ -43.0727781, -22.8290376 ], [ -43.0736013, -22.8294641 ], [ -43.0737255, -22.8289484 ], [ -43.0737359, -22.828896 ], [ -43.0739547, -22.8276448 ], [ -43.0733291, -22.8272437 ], [ -43.073334, -22.8269255 ], [ -43.0733262, -22.8268815 ], [ -43.0733242, -22.8268799 ], [ -43.0733221, -22.8268783 ], [ -43.0732577, -22.8268908 ], [ -43.0729584, -22.8269408 ], [ -43.072847, -22.826859 ], [ -43.0723195, -22.8269507 ], [ -43.0717722, -22.8270497 ], [ -43.0711007, -22.827259 ], [ -43.0701452, -22.8277443 ], [ -43.0688895, -22.828294 ], [ -43.0692799, -22.8287395 ], [ -43.0688475, -22.8290618 ], [ -43.0684312, -22.8294987 ], [ -43.0684067, -22.829522 ], [ -43.0683822, -22.8295454 ], [ -43.0681268, -22.8297887 ], [ -43.0681076, -22.829807 ], [ -43.0680884, -22.8298253 ], [ -43.0679872, -22.8299218 ], [ -43.0679678, -22.8299218 ], [ -43.0679124, -22.8299486 ], [ -43.0677205, -22.8299707 ], [ -43.0667429, -22.8315579 ], [ -43.0668055, -22.8317964 ], [ -43.0667366, -22.8333152 ], [ -43.0676633, -22.8337295 ], [ -43.0687733, -22.8342161 ], [ -43.0692301, -22.8344033 ], [ -43.069783, -22.8342552 ], [ -43.0716272, -22.8319436 ], [ -43.0714789, -22.8315768 ] ] ] } },
{ "type": "Feature", "properties": { "id": 81, "cod_bairro": "3304904082", "nm_bairro": "Neves", "area_km2": 1.5693716627749847, "cod_munic": "3304904", "nm_munic": "São Gonçalo", "cod_uf": "33", "sig_uf": "RJ" }, "geometry": { "type": "MultiPolygon", "coordinates": [ [ [ [ -43.0977387, -22.8547113 ], [ -43.0979387, -22.8550271 ], [ -43.0984299, -22.8559375 ], [ -43.0985752, -22.8563148 ], [ -43.0990061, -22.8573968 ], [ -43.0996182, -22.8588999 ], [ -43.1003377, -22.8585402 ], [ -43.1003713, -22.8585234 ], [ -43.1004192, -22.8586112 ], [ -43.1004448, -22.8585884 ], [ -43.1008276, -22.8582463 ], [ -43.1018025, -22.8573752 ], [ -43.1027064, -22.8565675 ], [ -43.1029134, -22.8563756 ], [ -43.1029389, -22.856352 ], [ -43.1029574, -22.8563348 ], [ -43.1030135, -22.8562829 ], [ -43.1030252, -22.856272 ], [ -43.1032171, -22.8560941 ], [ -43.1034419, -22.8558858 ], [ -43.1034475, -22.8558806 ], [ -43.1034218, -22.8558451 ], [ -43.1033702, -22.8557736 ], [ -43.1033685, -22.8557371 ], [ -43.1033612, -22.8555871 ], [ -43.1033826, -22.8553314 ], [ -43.1034162, -22.8549286 ], [ -43.1034169, -22.8549212 ], [ -43.1033699, -22.8548851 ], [ -43.1032112, -22.8547628 ], [ -43.1031758, -22.8547355 ], [ -43.1031179, -22.8547261 ], [ -43.1029134, -22.854693 ], [ -43.1026036, -22.8544459 ], [ -43.1021965, -22.8539677 ], [ -43.1017272, -22.8532345 ], [ -43.1015676, -22.8530319 ], [ -43.1007353, -22.8514864 ], [ -43.1005498, -22.8511419 ], [ -43.100453, -22.8505888 ], [ -43.1004994, -22.8501028 ], [ -43.1005058, -22.8500367 ], [ -43.1004806, -22.8499803 ], [ -43.1004308, -22.8498685 ], [ -43.1004818, -22.8494451 ], [ -43.1004969, -22.8493816 ], [ -43.1006514, -22.8492977 ], [ -43.100791, -22.8493672 ], [ -43.1008614, -22.8494914 ], [ -43.1010215, -22.8499386 ], [ -43.1010451, -22.8500045 ], [ -43.1012573, -22.8502189 ], [ -43.1013752, -22.850292 ], [ -43.1020624, -22.8507183 ], [ -43.1023048, -22.8509003 ], [ -43.1027171, -22.85101 ], [ -43.1031672, -22.8509883 ], [ -43.1035281, -22.8510806 ], [ -43.103853, -22.8510773 ], [ -43.1039795, -22.8509681 ], [ -43.1041881, -22.8506154 ], [ -43.1042729, -22.8502608 ], [ -43.1042348, -22.8497526 ], [ -43.1040534, -22.8491767 ], [ -43.1038251, -22.8489088 ], [ -43.1032357, -22.8485239 ], [ -43.1031201, -22.8484381 ], [ -43.1031499, -22.8482413 ], [ -43.1031947, -22.8482179 ], [ -43.1032428, -22.8481928 ], [ -43.1032243, -22.8481269 ], [ -43.1032092, -22.8481232 ], [ -43.1031216, -22.8481018 ], [ -43.1030357, -22.8480231 ], [ -43.1031444, -22.8476153 ], [ -43.1032976, -22.8475249 ], [ -43.1033231, -22.8475099 ], [ -43.1032656, -22.8473749 ], [ -43.1031109, -22.8470116 ], [ -43.1027924, -22.84642 ], [ -43.1027271, -22.846295 ], [ -43.1023821, -22.8457079 ], [ -43.102276, -22.8453602 ], [ -43.1022421, -22.8450182 ], [ -43.1023281, -22.8449499 ], [ -43.1022034, -22.8446176 ], [ -43.102184, -22.8445659 ], [ -43.1021616, -22.8445483 ], [ -43.1017555, -22.8442274 ], [ -43.1017826, -22.8441358 ], [ -43.1017602, -22.844083 ], [ -43.1014986, -22.8441707 ], [ -43.1012488, -22.844151 ], [ -43.1009508, -22.8438918 ], [ -43.1007082, -22.8436522 ], [ -43.1006838, -22.8436282 ], [ -43.1006674, -22.84362 ], [ -43.0999029, -22.8432401 ], [ -43.0999229, -22.8431054 ], [ -43.0996569, -22.8429493 ], [ -43.0993852, -22.8428409 ], [ -43.0991645, -22.8429578 ], [ -43.0988925, -22.8430525 ], [ -43.0986574, -22.8430819 ], [ -43.0982699, -22.8429614 ], [ -43.0977427, -22.8428702 ], [ -43.0975103, -22.8427536 ], [ -43.0974867, -22.8427418 ], [ -43.0974134, -22.842643 ], [ -43.0973884, -22.842523 ], [ -43.0972809, -22.8423197 ], [ -43.0971857, -22.8420225 ], [ -43.0970498, -22.8417235 ], [ -43.097028, -22.8414366 ], [ -43.0970412, -22.8410473 ], [ -43.0970477, -22.8407777 ], [ -43.0969992, -22.8407362 ], [ -43.0963599, -22.8408436 ], [ -43.0959921, -22.8409027 ], [ -43.0959261, -22.8409115 ], [ -43.0957654, -22.8408359 ], [ -43.0956425, -22.8406279 ], [ -43.0953967, -22.840401 ], [ -43.0951604, -22.8403254 ], [ -43.0946216, -22.8403159 ], [ -43.0941016, -22.8404483 ], [ -43.0932603, -22.8408832 ], [ -43.0927971, -22.84111 ], [ -43.0925324, -22.8411762 ], [ -43.0919462, -22.8413558 ], [ -43.0918517, -22.8414314 ], [ -43.0916816, -22.8423862 ], [ -43.0913507, -22.8431047 ], [ -43.0910198, -22.8433883 ], [ -43.0905824, -22.8437013 ], [ -43.0904649, -22.8437854 ], [ -43.0905175, -22.8440612 ], [ -43.0906257, -22.8443645 ], [ -43.0906562, -22.8443803 ], [ -43.0911713, -22.8458298 ], [ -43.0914301, -22.8465433 ], [ -43.091376, -22.8465042 ], [ -43.0913346, -22.8464602 ], [ -43.0912246, -22.8461522 ], [ -43.091177, -22.8462278 ], [ -43.0911328, -22.8462491 ], [ -43.0910937, -22.8463068 ], [ -43.0910581, -22.84633 ], [ -43.0910592, -22.8463948 ], [ -43.0910336, -22.8464689 ], [ -43.0911847, -22.8467497 ], [ -43.0913371, -22.8467592 ], [ -43.0913575, -22.8467981 ], [ -43.0913956, -22.8471083 ], [ -43.0915032, -22.8473307 ], [ -43.0917218, -22.8474009 ], [ -43.0917249, -22.847402 ], [ -43.09183, -22.8474357 ], [ -43.0918652, -22.8474531 ], [ -43.0918628, -22.8474959 ], [ -43.0918326, -22.8477621 ], [ -43.0922144, -22.8482827 ], [ -43.092399, -22.8482923 ], [ -43.0924369, -22.8483162 ], [ -43.0924017, -22.8485156 ], [ -43.0927351, -22.8488818 ], [ -43.0926715, -22.8489309 ], [ -43.092744, -22.8490191 ], [ -43.0928169, -22.8489651 ], [ -43.0931283, -22.84937 ], [ -43.0933295, -22.8493852 ], [ -43.0933812, -22.8493958 ], [ -43.0933658, -22.8494269 ], [ -43.0933235, -22.849662 ], [ -43.0942549, -22.850942 ], [ -43.094668, -22.8509833 ], [ -43.0946885, -22.8510132 ], [ -43.094585, -22.8512288 ], [ -43.0948228, -22.8516361 ], [ -43.0952925, -22.8517324 ], [ -43.0954086, -22.851746 ], [ -43.0957606, -22.8522134 ], [ -43.0963454, -22.8529632 ], [ -43.0971278, -22.853926 ], [ -43.0977387, -22.8547113 ] ] ], [ [ [ -43.1059018, -22.8484022 ], [ -43.106046, -22.8483766 ], [ -43.1060621, -22.848377 ], [ -43.1061714, -22.8482053 ], [ -43.1062973, -22.8480771 ], [ -43.1063918, -22.8480059 ], [ -43.1064042, -22.8478755 ], [ -43.1063366, -22.8477588 ], [ -43.1063469, -22.8475285 ], [ -43.1063313, -22.8474285 ], [ -43.1062218, -22.8473284 ], [ -43.1061007, -22.8471433 ], [ -43.1060568, -22.8470437 ], [ -43.1059251, -22.8467292 ], [ -43.1058526, -22.8465135 ], [ -43.1057632, -22.846297 ], [ -43.1056531, -22.8461819 ], [ -43.1054292, -22.8461403 ], [ -43.1052883, -22.8460831 ], [ -43.1050673, -22.84607 ], [ -43.1048942, -22.8460566 ], [ -43.1046931, -22.8460133 ], [ -43.1045864, -22.8458827 ], [ -43.1044312, -22.8458679 ], [ -43.1042913, -22.8458676 ], [ -43.1042914, -22.8458531 ], [ -43.1041049, -22.8458092 ], [ -43.1039962, -22.8457363 ], [ -43.1039183, -22.8457072 ], [ -43.1038401, -22.8457508 ], [ -43.1036996, -22.845851 ], [ -43.1036528, -22.8459375 ], [ -43.1036059, -22.8460819 ], [ -43.1035747, -22.8461839 ], [ -43.1035747, -22.8462705 ], [ -43.1034968, -22.8463273 ], [ -43.1034503, -22.8464567 ], [ -43.1034507, -22.8466431 ], [ -43.1035591, -22.8469139 ], [ -43.1036055, -22.8471278 ], [ -43.1037598, -22.8473973 ], [ -43.103853, -22.8475988 ], [ -43.1040084, -22.8477714 ], [ -43.1041943, -22.8479143 ], [ -43.104486, -22.8479962 ], [ -43.1046855, -22.8480799 ], [ -43.1048067, -22.8480915 ], [ -43.104961, -22.8481345 ], [ -43.1051179, -22.8482367 ], [ -43.1053349, -22.848266 ], [ -43.1054883, -22.8482368 ], [ -43.1056124, -22.8482372 ], [ -43.1057098, -22.8483405 ], [ -43.1059018, -22.8484022 ] ] ], [ [ [ -43.1076371, -22.8469874 ], [ -43.1077118, -22.847041 ], [ -43.107911, -22.8472016 ], [ -43.1079857, -22.8472705 ], [ -43.1081599, -22.8473776 ], [ -43.1083093, -22.8474311 ], [ -43.1084136, -22.8473194 ], [ -43.1084402, -22.8472489 ], [ -43.1084402, -22.8472458 ], [ -43.1084336, -22.8471629 ], [ -43.1084336, -22.8471568 ], [ -43.1084103, -22.8470739 ], [ -43.1083271, -22.8469849 ], [ -43.1083171, -22.8469726 ], [ -43.1082706, -22.8468867 ], [ -43.1082706, -22.8468775 ], [ -43.108234, -22.8468099 ], [ -43.1081518, -22.8466968 ], [ -43.1080522, -22.8466968 ], [ -43.108019, -22.846605 ], [ -43.108019, -22.8465438 ], [ -43.1079344, -22.8464784 ], [ -43.1078032, -22.8464596 ], [ -43.1077202, -22.8465132 ], [ -43.1076953, -22.846605 ], [ -43.1077202, -22.8467197 ], [ -43.107662, -22.8467656 ], [ -43.1075375, -22.8467273 ], [ -43.1075126, -22.8467885 ], [ -43.1075956, -22.8469186 ], [ -43.1076371, -22.8469874 ] ] ] ] } },
{ "type": "Feature", "properties": { "id": 82, "cod_bairro": "3304904083", "nm_bairro": "Parada 40", "area_km2": 0.24618704723090551, "cod_munic": "3304904", "nm_munic": "São Gonçalo", "cod_uf": "33", "sig_uf": "RJ" }, "geometry": { "type": "Polygon", "coordinates": [ [ [ -43.0650786, -22.8327879 ], [ -43.0653164, -22.8325234 ], [ -43.0653413, -22.8325379 ], [ -43.0654311, -22.8329978 ], [ -43.0662118, -22.8334935 ], [ -43.066554, -22.8333884 ], [ -43.0665603, -22.8333858 ], [ -43.0665686, -22.8333825 ], [ -43.0667366, -22.8333152 ], [ -43.0668055, -22.8317964 ], [ -43.0667429, -22.8315579 ], [ -43.0677205, -22.8299707 ], [ -43.0679124, -22.8299486 ], [ -43.0679678, -22.8299218 ], [ -43.0679872, -22.8299218 ], [ -43.0680884, -22.8298253 ], [ -43.0681076, -22.829807 ], [ -43.0681268, -22.8297887 ], [ -43.0683822, -22.8295454 ], [ -43.0684067, -22.829522 ], [ -43.0684312, -22.8294987 ], [ -43.0688475, -22.8290618 ], [ -43.0692799, -22.8287395 ], [ -43.0688895, -22.828294 ], [ -43.0686167, -22.8281061 ], [ -43.0685715, -22.8280932 ], [ -43.0685802, -22.8280441 ], [ -43.068582, -22.8278182 ], [ -43.0682171, -22.8272283 ], [ -43.0683387, -22.8269046 ], [ -43.0680151, -22.8265002 ], [ -43.0676706, -22.8267196 ], [ -43.067538, -22.826804 ], [ -43.0667738, -22.8272909 ], [ -43.0662931, -22.827192 ], [ -43.0662327, -22.8272344 ], [ -43.0662567, -22.827495 ], [ -43.0659722, -22.8276637 ], [ -43.0657302, -22.8275757 ], [ -43.0656622, -22.8276232 ], [ -43.0656282, -22.8278074 ], [ -43.0647771, -22.8281571 ], [ -43.0644184, -22.8281406 ], [ -43.0642852, -22.8281925 ], [ -43.0642501, -22.8283397 ], [ -43.0639714, -22.8284779 ], [ -43.0636313, -22.8284597 ], [ -43.0635779, -22.8284568 ], [ -43.0638507, -22.8285741 ], [ -43.0638592, -22.8286332 ], [ -43.0639342, -22.8288646 ], [ -43.0628607, -22.8307513 ], [ -43.063062, -22.8308473 ], [ -43.0630658, -22.8309628 ], [ -43.0630892, -22.8309744 ], [ -43.063117, -22.8309877 ], [ -43.0632294, -22.8309575 ], [ -43.0634445, -22.8311528 ], [ -43.0634337, -22.8312644 ], [ -43.063487, -22.8312971 ], [ -43.0634916, -22.8313014 ], [ -43.0638639, -22.8312453 ], [ -43.0646742, -22.8320216 ], [ -43.0645448, -22.8322769 ], [ -43.0645355, -22.8324061 ], [ -43.0645456, -22.8324137 ], [ -43.0650786, -22.8327879 ] ] ] } },
{ "type": "Feature", "properties": { "id": 83, "cod_bairro": "3304904084", "nm_bairro": "Paraíso", "area_km2": 0.55469900173261788, "cod_munic": "3304904", "nm_munic": "São Gonçalo", "cod_uf": "33", "sig_uf": "RJ" }, "geometry": { "type": "Polygon", "coordinates": [ [ [ -43.0808727, -22.8358181 ], [ -43.0812151, -22.8356246 ], [ -43.0812056, -22.8354655 ], [ -43.0812124, -22.8354224 ], [ -43.081228, -22.8354331 ], [ -43.0812813, -22.8354347 ], [ -43.0815684, -22.8354749 ], [ -43.0828504, -22.834814 ], [ -43.0828682, -22.8346079 ], [ -43.0828923, -22.8345537 ], [ -43.0829107, -22.8345395 ], [ -43.0829299, -22.8344929 ], [ -43.0830972, -22.8341073 ], [ -43.0830618, -22.8340896 ], [ -43.0829302, -22.834176 ], [ -43.0828949, -22.8341621 ], [ -43.082823, -22.8339502 ], [ -43.0825709, -22.8338486 ], [ -43.0823856, -22.8339523 ], [ -43.0823554, -22.8339517 ], [ -43.0821737, -22.8337413 ], [ -43.0823149, -22.8333648 ], [ -43.0821946, -22.8332864 ], [ -43.0824927, -22.8320316 ], [ -43.0827116, -22.8320022 ], [ -43.0827215, -22.8319547 ], [ -43.0825972, -22.8317701 ], [ -43.0828295, -22.8313366 ], [ -43.082853, -22.8312745 ], [ -43.0828759, -22.831286 ], [ -43.0830946, -22.8313734 ], [ -43.0833877, -22.8310224 ], [ -43.0832194, -22.8309811 ], [ -43.0831701, -22.8309744 ], [ -43.0828133, -22.8310426 ], [ -43.0823535, -22.8307327 ], [ -43.0824515, -22.8303951 ], [ -43.0821576, -22.8302899 ], [ -43.0822578, -22.8301734 ], [ -43.0826396, -22.8301691 ], [ -43.0827025, -22.8301688 ], [ -43.0826954, -22.8301427 ], [ -43.0825661, -22.8295721 ], [ -43.0825451, -22.8294906 ], [ -43.0824996, -22.8294338 ], [ -43.0818506, -22.8287485 ], [ -43.0803624, -22.8276587 ], [ -43.0801947, -22.8275893 ], [ -43.0801568, -22.8275737 ], [ -43.0801556, -22.8275747 ], [ -43.0801186, -22.8275588 ], [ -43.0800927, -22.8275476 ], [ -43.0800669, -22.8275365 ], [ -43.0788863, -22.8270276 ], [ -43.0789221, -22.8280259 ], [ -43.0787281, -22.8296431 ], [ -43.0785188, -22.8299801 ], [ -43.0785044, -22.8300096 ], [ -43.078489, -22.8300358 ], [ -43.0783787, -22.8302233 ], [ -43.078084, -22.8307245 ], [ -43.0781385, -22.8312549 ], [ -43.0781249, -22.8312973 ], [ -43.0778002, -22.8314339 ], [ -43.077507, -22.8322285 ], [ -43.0776945, -22.8324327 ], [ -43.0777184, -22.8324709 ], [ -43.0776745, -22.83249 ], [ -43.0773893, -22.8325377 ], [ -43.077351, -22.8327101 ], [ -43.0757677, -22.832327 ], [ -43.0757354, -22.8324986 ], [ -43.0757228, -22.8325644 ], [ -43.075774, -22.8325767 ], [ -43.0757384, -22.8326198 ], [ -43.0756681, -22.8326783 ], [ -43.0755098, -22.8332197 ], [ -43.0755624, -22.8333115 ], [ -43.0755567, -22.8333339 ], [ -43.0755511, -22.8333563 ], [ -43.0753811, -22.8334238 ], [ -43.0751489, -22.8342526 ], [ -43.0753046, -22.8344332 ], [ -43.0748332, -22.8359341 ], [ -43.0755541, -22.8361635 ], [ -43.0754595, -22.8366372 ], [ -43.0786947, -22.8373885 ], [ -43.0791458, -22.837921 ], [ -43.0791666, -22.8378992 ], [ -43.079296, -22.8378054 ], [ -43.0792767, -22.8375237 ], [ -43.0791046, -22.8373829 ], [ -43.0791045, -22.837364 ], [ -43.0791045, -22.8373451 ], [ -43.0792612, -22.8372069 ], [ -43.0792063, -22.8368066 ], [ -43.0800307, -22.8368382 ], [ -43.0801694, -22.8366294 ], [ -43.0801916, -22.8366053 ], [ -43.0802128, -22.836587 ], [ -43.0802534, -22.8365949 ], [ -43.0804958, -22.8366708 ], [ -43.0808288, -22.8363658 ], [ -43.0807927, -22.836151 ], [ -43.0808028, -22.8361159 ], [ -43.0808377, -22.836073 ], [ -43.0809521, -22.8359272 ], [ -43.0808727, -22.8358181 ] ] ] } },
{ "type": "Feature", "properties": { "id": 84, "cod_bairro": "3304904085", "nm_bairro": "Patronato", "area_km2": 0.45453278108818784, "cod_munic": "3304904", "nm_munic": "São Gonçalo", "cod_uf": "33", "sig_uf": "RJ" }, "geometry": { "type": "Polygon", "coordinates": [ [ [ -43.069783, -22.8342552 ], [ -43.0692301, -22.8344033 ], [ -43.0707529, -22.8350241 ], [ -43.0729188, -22.8355262 ], [ -43.0735993, -22.8356595 ], [ -43.0748332, -22.8359341 ], [ -43.0753046, -22.8344332 ], [ -43.0751489, -22.8342526 ], [ -43.0753811, -22.8334238 ], [ -43.0755511, -22.8333563 ], [ -43.0755567, -22.8333339 ], [ -43.0755624, -22.8333115 ], [ -43.0755098, -22.8332197 ], [ -43.0756681, -22.8326783 ], [ -43.0757384, -22.8326198 ], [ -43.075774, -22.8325767 ], [ -43.0757228, -22.8325644 ], [ -43.0757354, -22.8324986 ], [ -43.0757677, -22.832327 ], [ -43.077351, -22.8327101 ], [ -43.0773893, -22.8325377 ], [ -43.0776745, -22.83249 ], [ -43.0777184, -22.8324709 ], [ -43.0776945, -22.8324327 ], [ -43.077507, -22.8322285 ], [ -43.0778002, -22.8314339 ], [ -43.0781249, -22.8312973 ], [ -43.0781385, -22.8312549 ], [ -43.078084, -22.8307245 ], [ -43.0783787, -22.8302233 ], [ -43.078489, -22.8300358 ], [ -43.0785044, -22.8300096 ], [ -43.0785188, -22.8299801 ], [ -43.0787281, -22.8296431 ], [ -43.0789221, -22.8280259 ], [ -43.0788863, -22.8270276 ], [ -43.0787556, -22.8269746 ], [ -43.0787215, -22.8269607 ], [ -43.0783004, -22.8267933 ], [ -43.0782683, -22.8267771 ], [ -43.078231, -22.8268206 ], [ -43.078187, -22.8268082 ], [ -43.0780599, -22.8267725 ], [ -43.0779568, -22.8268889 ], [ -43.0779767, -22.8270433 ], [ -43.0779565, -22.8270699 ], [ -43.0779323, -22.827094 ], [ -43.0775472, -22.8271928 ], [ -43.0766638, -22.8268467 ], [ -43.0762024, -22.8276871 ], [ -43.0763322, -22.8280174 ], [ -43.0763369, -22.82806 ], [ -43.0762924, -22.8280718 ], [ -43.0758077, -22.8280254 ], [ -43.0751004, -22.8290597 ], [ -43.0747633, -22.8290533 ], [ -43.0747256, -22.8290653 ], [ -43.0747143, -22.8290351 ], [ -43.0746545, -22.8288766 ], [ -43.074162, -22.8288021 ], [ -43.0740366, -22.8289609 ], [ -43.0739854, -22.8289794 ], [ -43.0739568, -22.828976 ], [ -43.0737255, -22.8289484 ], [ -43.0736013, -22.8294641 ], [ -43.0727781, -22.8290376 ], [ -43.0725082, -22.8295882 ], [ -43.0736141, -22.8301969 ], [ -43.073641, -22.8303191 ], [ -43.073636, -22.8303411 ], [ -43.0736303, -22.8303642 ], [ -43.0733387, -22.8303618 ], [ -43.0731907, -22.8307056 ], [ -43.0733655, -22.8309574 ], [ -43.0733534, -22.8309775 ], [ -43.0733417, -22.8309972 ], [ -43.0731047, -22.8309587 ], [ -43.0730188, -22.8310733 ], [ -43.0731716, -22.831244 ], [ -43.0731567, -22.8312628 ], [ -43.0731418, -22.8312816 ], [ -43.0729087, -22.8312269 ], [ -43.072775, -22.8314277 ], [ -43.0729382, -22.8315222 ], [ -43.0729042, -22.8315707 ], [ -43.0726654, -22.8315699 ], [ -43.0726003, -22.8317044 ], [ -43.0727291, -22.8318039 ], [ -43.0727358, -22.8318448 ], [ -43.0714724, -22.8315223 ], [ -43.0714789, -22.8315768 ], [ -43.0716272, -22.8319436 ], [ -43.069783, -22.8342552 ] ] ] } },
{ "type": "Feature", "properties": { "id": 85, "cod_bairro": "3304904086", "nm_bairro": "Pita", "area_km2": 0.49599699283785992, "cod_munic": "3304904", "nm_munic": "São Gonçalo", "cod_uf": "33", "sig_uf": "RJ" }, "geometry": { "type": "Polygon", "coordinates": [ [ [ -43.0835346, -22.8526037 ], [ -43.0835456, -22.8525493 ], [ -43.0835775, -22.8525224 ], [ -43.0837997, -22.8522646 ], [ -43.0839102, -22.8520615 ], [ -43.0839536, -22.8518678 ], [ -43.0839374, -22.8516248 ], [ -43.0838726, -22.8514061 ], [ -43.0837268, -22.851228 ], [ -43.0834498, -22.8510008 ], [ -43.0831552, -22.8508596 ], [ -43.082236, -22.8506235 ], [ -43.0822082, -22.8506225 ], [ -43.0822192, -22.8506074 ], [ -43.0823187, -22.8504707 ], [ -43.0821728, -22.8501753 ], [ -43.082012, -22.8498279 ], [ -43.0819096, -22.8494977 ], [ -43.0818866, -22.8491418 ], [ -43.081889, -22.8487872 ], [ -43.0818877, -22.8484958 ], [ -43.0818676, -22.8481406 ], [ -43.0819072, -22.8478079 ], [ -43.081741, -22.8474257 ], [ -43.0814142, -22.8471654 ], [ -43.0810415, -22.846946 ], [ -43.079901, -22.8458056 ], [ -43.0793542, -22.8454424 ], [ -43.078511, -22.8450687 ], [ -43.0782512, -22.8449042 ], [ -43.0781167, -22.8450741 ], [ -43.0781039, -22.8450904 ], [ -43.0780662, -22.8450979 ], [ -43.0777132, -22.8450838 ], [ -43.0771626, -22.8456315 ], [ -43.0769184, -22.8457482 ], [ -43.0766363, -22.8457753 ], [ -43.0763759, -22.8457065 ], [ -43.0761717, -22.8455738 ], [ -43.0758411, -22.8453584 ], [ -43.0756528, -22.8455551 ], [ -43.0755991, -22.8455706 ], [ -43.0754224, -22.845485 ], [ -43.0752435, -22.8456356 ], [ -43.0752989, -22.8459311 ], [ -43.0750845, -22.8460683 ], [ -43.0750687, -22.8460777 ], [ -43.0749889, -22.8460927 ], [ -43.0747571, -22.8460157 ], [ -43.0746746, -22.8456263 ], [ -43.0748375, -22.845427 ], [ -43.0748356, -22.845399 ], [ -43.0748338, -22.845371 ], [ -43.074686, -22.845294 ], [ -43.07452, -22.8452075 ], [ -43.0739692, -22.8453815 ], [ -43.0738512, -22.8457772 ], [ -43.0738393, -22.8458111 ], [ -43.0738306, -22.8458416 ], [ -43.073872, -22.846039 ], [ -43.0739764, -22.8463009 ], [ -43.0741563, -22.846607 ], [ -43.0746598, -22.8470711 ], [ -43.0750266, -22.8474034 ], [ -43.0753444, -22.847679 ], [ -43.075845, -22.8481086 ], [ -43.0761561, -22.8483759 ], [ -43.07625, -22.848498 ], [ -43.0765253, -22.8488453 ], [ -43.0769297, -22.8494282 ], [ -43.0772534, -22.8501281 ], [ -43.0773201, -22.8502558 ], [ -43.0777193, -22.8507842 ], [ -43.0779385, -22.8510788 ], [ -43.078227, -22.851445 ], [ -43.0784826, -22.85171 ], [ -43.0786136, -22.8518455 ], [ -43.0789568, -22.8521917 ], [ -43.0792128, -22.8523995 ], [ -43.0798098, -22.8528386 ], [ -43.080064, -22.8530564 ], [ -43.0802162, -22.8531993 ], [ -43.0807009, -22.853696 ], [ -43.0809926, -22.8540212 ], [ -43.0810667, -22.8540226 ], [ -43.0813755, -22.8540606 ], [ -43.0835356, -22.8528682 ], [ -43.0835346, -22.8526037 ] ] ] } },
{ "type": "Feature", "properties": { "id": 86, "cod_bairro": "3304904087", "nm_bairro": "Porto da Madama", "area_km2": 0.54329232523309101, "cod_munic": "3304904", "nm_munic": "São Gonçalo", "cod_uf": "33", "sig_uf": "RJ" }, "geometry": { "type": "Polygon", "coordinates": [ [ [ -43.0857104, -22.8362123 ], [ -43.0857659, -22.8361863 ], [ -43.0860721, -22.8361724 ], [ -43.0867223, -22.8363799 ], [ -43.0867217, -22.836492 ], [ -43.0867813, -22.8365055 ], [ -43.0873354, -22.8364146 ], [ -43.0885508, -22.8338767 ], [ -43.0888587, -22.8335597 ], [ -43.0890751, -22.8334626 ], [ -43.0897463, -22.8330304 ], [ -43.0900886, -22.8330654 ], [ -43.0901336, -22.8330821 ], [ -43.0901301, -22.8330371 ], [ -43.0901189, -22.8312167 ], [ -43.0903559, -22.8311081 ], [ -43.0903541, -22.8310825 ], [ -43.0903523, -22.8310568 ], [ -43.0901583, -22.8308612 ], [ -43.0887563, -22.8304995 ], [ -43.0885769, -22.8305881 ], [ -43.0885625, -22.8306096 ], [ -43.0884192, -22.8305503 ], [ -43.087751, -22.8302807 ], [ -43.0871719, -22.8304862 ], [ -43.0854812, -22.8307245 ], [ -43.0852134, -22.830519 ], [ -43.0851832, -22.8305531 ], [ -43.0851403, -22.8305962 ], [ -43.0851087, -22.8307456 ], [ -43.0850762, -22.8307689 ], [ -43.0849265, -22.8309884 ], [ -43.0847828, -22.8309748 ], [ -43.0847199, -22.8307204 ], [ -43.0846682, -22.830742 ], [ -43.08456, -22.8308749 ], [ -43.0843739, -22.8307541 ], [ -43.0843377, -22.8306093 ], [ -43.0843177, -22.8306124 ], [ -43.0842445, -22.830625 ], [ -43.0840703, -22.8309174 ], [ -43.0838323, -22.8309146 ], [ -43.083684, -22.8307302 ], [ -43.083641, -22.8307321 ], [ -43.0834902, -22.8309586 ], [ -43.0833877, -22.8310224 ], [ -43.0830946, -22.8313734 ], [ -43.0828759, -22.831286 ], [ -43.082853, -22.8312745 ], [ -43.0828295, -22.8313366 ], [ -43.0825972, -22.8317701 ], [ -43.0827215, -22.8319547 ], [ -43.0827116, -22.8320022 ], [ -43.0824927, -22.8320316 ], [ -43.0821946, -22.8332864 ], [ -43.0823149, -22.8333648 ], [ -43.0821737, -22.8337413 ], [ -43.0823554, -22.8339517 ], [ -43.0823856, -22.8339523 ], [ -43.0825709, -22.8338486 ], [ -43.082823, -22.8339502 ], [ -43.0828949, -22.8341621 ], [ -43.0829302, -22.834176 ], [ -43.0830618, -22.8340896 ], [ -43.0830972, -22.8341073 ], [ -43.0829299, -22.8344929 ], [ -43.0829107, -22.8345395 ], [ -43.0828923, -22.8345537 ], [ -43.0828682, -22.8346079 ], [ -43.0828504, -22.834814 ], [ -43.0815684, -22.8354749 ], [ -43.0812813, -22.8354347 ], [ -43.081228, -22.8354331 ], [ -43.0812124, -22.8354224 ], [ -43.0812056, -22.8354655 ], [ -43.0812151, -22.8356246 ], [ -43.0808727, -22.8358181 ], [ -43.0809521, -22.8359272 ], [ -43.0808377, -22.836073 ], [ -43.0808028, -22.8361159 ], [ -43.0807927, -22.836151 ], [ -43.0808288, -22.8363658 ], [ -43.0804958, -22.8366708 ], [ -43.0802534, -22.8365949 ], [ -43.0802128, -22.836587 ], [ -43.0801916, -22.8366053 ], [ -43.0801694, -22.8366294 ], [ -43.0800307, -22.8368382 ], [ -43.0792063, -22.8368066 ], [ -43.0792612, -22.8372069 ], [ -43.0791045, -22.8373451 ], [ -43.0791045, -22.837364 ], [ -43.0791046, -22.8373829 ], [ -43.0792767, -22.8375237 ], [ -43.079296, -22.8378054 ], [ -43.0803725, -22.8381614 ], [ -43.0803095, -22.8383303 ], [ -43.0803568, -22.838362 ], [ -43.0803622, -22.8383667 ], [ -43.0803748, -22.8383829 ], [ -43.0804912, -22.8385337 ], [ -43.0814002, -22.8380538 ], [ -43.0820827, -22.8379424 ], [ -43.0821299, -22.837935 ], [ -43.0821493, -22.8379678 ], [ -43.0822781, -22.8383004 ], [ -43.0828217, -22.8385682 ], [ -43.0830537, -22.8380383 ], [ -43.0831077, -22.8380213 ], [ -43.0831313, -22.8380424 ], [ -43.0835114, -22.8381476 ], [ -43.0846517, -22.837544 ], [ -43.0845776, -22.8373198 ], [ -43.0846424, -22.8372855 ], [ -43.0846846, -22.8372893 ], [ -43.0848354, -22.8373292 ], [ -43.0850471, -22.8372325 ], [ -43.0850242, -22.8371592 ], [ -43.0850911, -22.8371369 ], [ -43.0853131, -22.8371416 ], [ -43.0855236, -22.8369007 ], [ -43.0854701, -22.8367686 ], [ -43.0854899, -22.8367352 ], [ -43.0856747, -22.8367234 ], [ -43.0858481, -22.8365331 ], [ -43.0857718, -22.8364132 ], [ -43.0857891, -22.8363492 ], [ -43.085669, -22.8362717 ], [ -43.0857104, -22.8362123 ] ] ] } },
{ "type": "Feature", "properties": { "id": 87, "cod_bairro": "3304904088", "nm_bairro": "Porto Novo", "area_km2": 1.1720995623609032, "cod_munic": "3304904", "nm_munic": "São Gonçalo", "cod_uf": "33", "sig_uf": "RJ" }, "geometry": { "type": "Polygon", "coordinates": [ [ [ -43.0763369, -22.82806 ], [ -43.0763322, -22.8280174 ], [ -43.0762024, -22.8276871 ], [ -43.0766638, -22.8268467 ], [ -43.0775472, -22.8271928 ], [ -43.0779323, -22.827094 ], [ -43.0779565, -22.8270699 ], [ -43.0779767, -22.8270433 ], [ -43.0779568, -22.8268889 ], [ -43.0780599, -22.8267725 ], [ -43.078187, -22.8268082 ], [ -43.078231, -22.8268206 ], [ -43.0782683, -22.8267771 ], [ -43.0783004, -22.8267933 ], [ -43.0787215, -22.8269607 ], [ -43.0787166, -22.8269312 ], [ -43.0799501, -22.8260363 ], [ -43.0802091, -22.8259088 ], [ -43.0805225, -22.8256686 ], [ -43.0808108, -22.8254269 ], [ -43.0808395, -22.8253982 ], [ -43.0808619, -22.825367 ], [ -43.0808712, -22.8253505 ], [ -43.0809049, -22.8252869 ], [ -43.0809131, -22.825141 ], [ -43.0808575, -22.8250018 ], [ -43.0804159, -22.8245778 ], [ -43.0802838, -22.8244319 ], [ -43.0802551, -22.8244017 ], [ -43.0802019, -22.8244029 ], [ -43.080229, -22.8243785 ], [ -43.0797543, -22.8238818 ], [ -43.0796234, -22.8237538 ], [ -43.0795111, -22.823644 ], [ -43.0794078, -22.8234807 ], [ -43.0793774, -22.823361 ], [ -43.079384, -22.8233486 ], [ -43.0794079, -22.8231167 ], [ -43.0794419, -22.8229127 ], [ -43.0795133, -22.8227767 ], [ -43.0796425, -22.8226237 ], [ -43.0808452, -22.821549 ], [ -43.0821572, -22.8200987 ], [ -43.0820829, -22.8200513 ], [ -43.082054, -22.8199972 ], [ -43.0816987, -22.8196053 ], [ -43.0808908, -22.8189245 ], [ -43.0800108, -22.818183 ], [ -43.0798554, -22.8183441 ], [ -43.0797513, -22.818452 ], [ -43.0795366, -22.8185809 ], [ -43.079475, -22.8186979 ], [ -43.079347, -22.818701 ], [ -43.0792553, -22.8186141 ], [ -43.0792253, -22.8185114 ], [ -43.0791368, -22.8184387 ], [ -43.0790404, -22.8184213 ], [ -43.0788097, -22.8184877 ], [ -43.0786612, -22.818494 ], [ -43.0785411, -22.8184561 ], [ -43.0784889, -22.8184766 ], [ -43.0784078, -22.8184964 ], [ -43.078322, -22.8185064 ], [ -43.0783098, -22.8185035 ], [ -43.0780686, -22.8185783 ], [ -43.0779127, -22.8187342 ], [ -43.0778453, -22.8187005 ], [ -43.0778474, -22.8184709 ], [ -43.0777505, -22.8184287 ], [ -43.0776725, -22.8184414 ], [ -43.0775819, -22.818631 ], [ -43.077407, -22.8186247 ], [ -43.0772385, -22.8186289 ], [ -43.0770952, -22.8186289 ], [ -43.0770046, -22.8186521 ], [ -43.0768866, -22.8187553 ], [ -43.0767897, -22.818888 ], [ -43.0767731, -22.8189337 ], [ -43.0767201, -22.819143 ], [ -43.0765358, -22.8192117 ], [ -43.0763061, -22.8192623 ], [ -43.0760659, -22.8193402 ], [ -43.0756382, -22.8194351 ], [ -43.0752347, -22.8195416 ], [ -43.0751162, -22.8195647 ], [ -43.0750019, -22.8195825 ], [ -43.0746585, -22.8196584 ], [ -43.0743024, -22.8197153 ], [ -43.0742301, -22.8196855 ], [ -43.0735626, -22.8197403 ], [ -43.0735304, -22.8197429 ], [ -43.0732796, -22.8197466 ], [ -43.0732435, -22.8196079 ], [ -43.0734613, -22.8193499 ], [ -43.0734576, -22.8193225 ], [ -43.0734538, -22.8192951 ], [ -43.0732939, -22.8192546 ], [ -43.073149, -22.818955 ], [ -43.0729751, -22.8188929 ], [ -43.0729356, -22.8189166 ], [ -43.072872, -22.8191371 ], [ -43.0720045, -22.8195779 ], [ -43.0714552, -22.8196921 ], [ -43.0713396, -22.8197119 ], [ -43.0713587, -22.8197538 ], [ -43.071435, -22.8199898 ], [ -43.0710071, -22.8202033 ], [ -43.0707423, -22.820053 ], [ -43.0706633, -22.820088 ], [ -43.0703678, -22.8204636 ], [ -43.0698262, -22.8207351 ], [ -43.0695555, -22.8206669 ], [ -43.0695071, -22.8206523 ], [ -43.0695007, -22.8206981 ], [ -43.0694681, -22.8209322 ], [ -43.0682947, -22.8215581 ], [ -43.0680343, -22.8214834 ], [ -43.0679901, -22.8214507 ], [ -43.0679855, -22.8215078 ], [ -43.0678244, -22.8218157 ], [ -43.0680406, -22.8221468 ], [ -43.068383, -22.8221071 ], [ -43.0684, -22.8221354 ], [ -43.0684154, -22.8221609 ], [ -43.06829, -22.822571 ], [ -43.0668167, -22.8234031 ], [ -43.0666197, -22.8233183 ], [ -43.0665695, -22.8233417 ], [ -43.0665785, -22.8235253 ], [ -43.066655, -22.8236719 ], [ -43.0667905, -22.8236965 ], [ -43.0668412, -22.8237058 ], [ -43.0668306, -22.8237579 ], [ -43.066788, -22.8239677 ], [ -43.0671885, -22.8246544 ], [ -43.0664464, -22.8251157 ], [ -43.0665417, -22.8253474 ], [ -43.0667649, -22.8253764 ], [ -43.0672012, -22.826222 ], [ -43.0675695, -22.8261892 ], [ -43.0676076, -22.8262093 ], [ -43.0676084, -22.8261963 ], [ -43.0677101, -22.8261269 ], [ -43.0677285, -22.8261494 ], [ -43.0680151, -22.8265002 ], [ -43.0683387, -22.8269046 ], [ -43.0682171, -22.8272283 ], [ -43.068582, -22.8278182 ], [ -43.0685802, -22.8280441 ], [ -43.0685715, -22.8280932 ], [ -43.0686167, -22.8281061 ], [ -43.0688895, -22.828294 ], [ -43.0701452, -22.8277443 ], [ -43.0711007, -22.827259 ], [ -43.0717722, -22.8270497 ], [ -43.0723195, -22.8269507 ], [ -43.072847, -22.826859 ], [ -43.0729584, -22.8269408 ], [ -43.0732577, -22.8268908 ], [ -43.0733221, -22.8268783 ], [ -43.0733242, -22.8268799 ], [ -43.0733262, -22.8268815 ], [ -43.073334, -22.8269255 ], [ -43.0733291, -22.8272437 ], [ -43.0739547, -22.8276448 ], [ -43.0737359, -22.828896 ], [ -43.0737255, -22.8289484 ], [ -43.0739568, -22.828976 ], [ -43.0739854, -22.8289794 ], [ -43.0740366, -22.8289609 ], [ -43.074162, -22.8288021 ], [ -43.0746545, -22.8288766 ], [ -43.0747143, -22.8290351 ], [ -43.0747256, -22.8290653 ], [ -43.0747633, -22.8290533 ], [ -43.0751004, -22.8290597 ], [ -43.0758077, -22.8280254 ], [ -43.0762924, -22.8280718 ], [ -43.0763369, -22.82806 ] ] ] } },
{ "type": "Feature", "properties": { "id": 88, "cod_bairro": "3304904089", "nm_bairro": "Porto da Pedra", "area_km2": 0.98818639876419667, "cod_munic": "3304904", "nm_munic": "São Gonçalo", "cod_uf": "33", "sig_uf": "RJ" }, "geometry": { "type": "Polygon", "coordinates": [ [ [ -43.06829, -22.822571 ], [ -43.0684154, -22.8221609 ], [ -43.0684, -22.8221354 ], [ -43.068383, -22.8221071 ], [ -43.0680406, -22.8221468 ], [ -43.0678244, -22.8218157 ], [ -43.0679855, -22.8215078 ], [ -43.0679901, -22.8214507 ], [ -43.0680343, -22.8214834 ], [ -43.0682947, -22.8215581 ], [ -43.0694681, -22.8209322 ], [ -43.0695007, -22.8206981 ], [ -43.0695071, -22.8206523 ], [ -43.0695555, -22.8206669 ], [ -43.0698262, -22.8207351 ], [ -43.0703678, -22.8204636 ], [ -43.0706633, -22.820088 ], [ -43.0707423, -22.820053 ], [ -43.0710071, -22.8202033 ], [ -43.071435, -22.8199898 ], [ -43.0713587, -22.8197538 ], [ -43.0713396, -22.8197119 ], [ -43.0714552, -22.8196921 ], [ -43.0720045, -22.8195779 ], [ -43.072872, -22.8191371 ], [ -43.0729356, -22.8189166 ], [ -43.0729751, -22.8188929 ], [ -43.073149, -22.818955 ], [ -43.0732939, -22.8192546 ], [ -43.0734538, -22.8192951 ], [ -43.0734576, -22.8193225 ], [ -43.0734613, -22.8193499 ], [ -43.0732435, -22.8196079 ], [ -43.0732796, -22.8197466 ], [ -43.0735304, -22.8197429 ], [ -43.0735626, -22.8197403 ], [ -43.0742301, -22.8196855 ], [ -43.0743024, -22.8197153 ], [ -43.0746585, -22.8196584 ], [ -43.0750019, -22.8195825 ], [ -43.0751162, -22.8195647 ], [ -43.0752347, -22.8195416 ], [ -43.0756382, -22.8194351 ], [ -43.0760659, -22.8193402 ], [ -43.0763061, -22.8192623 ], [ -43.0765358, -22.8192117 ], [ -43.0767201, -22.819143 ], [ -43.0767731, -22.8189337 ], [ -43.0767897, -22.818888 ], [ -43.0768866, -22.8187553 ], [ -43.0770046, -22.8186521 ], [ -43.0770952, -22.8186289 ], [ -43.0772385, -22.8186289 ], [ -43.077407, -22.8186247 ], [ -43.0775819, -22.818631 ], [ -43.0776725, -22.8184414 ], [ -43.0777505, -22.8184287 ], [ -43.0778474, -22.8184709 ], [ -43.0778453, -22.8187005 ], [ -43.0779127, -22.8187342 ], [ -43.0780686, -22.8185783 ], [ -43.0783098, -22.8185035 ], [ -43.078322, -22.8185064 ], [ -43.0784078, -22.8184964 ], [ -43.0784889, -22.8184766 ], [ -43.0785411, -22.8184561 ], [ -43.0786612, -22.818494 ], [ -43.0788097, -22.8184877 ], [ -43.0790404, -22.8184213 ], [ -43.0791368, -22.8184387 ], [ -43.0792253, -22.8185114 ], [ -43.0792553, -22.8186141 ], [ -43.079347, -22.818701 ], [ -43.079475, -22.8186979 ], [ -43.0795366, -22.8185809 ], [ -43.0797513, -22.818452 ], [ -43.0798554, -22.8183441 ], [ -43.0800108, -22.818183 ], [ -43.0791387, -22.817448 ], [ -43.0786724, -22.8170539 ], [ -43.0775722, -22.816124 ], [ -43.0775128, -22.8160422 ], [ -43.0772594, -22.8156932 ], [ -43.0772458, -22.8156913 ], [ -43.0770504, -22.8156638 ], [ -43.0770369, -22.8156554 ], [ -43.0769539, -22.8156039 ], [ -43.0769448, -22.8156163 ], [ -43.0768311, -22.8157724 ], [ -43.0767458, -22.8158894 ], [ -43.0766395, -22.8160353 ], [ -43.0766058, -22.8160816 ], [ -43.0764797, -22.8160024 ], [ -43.0763442, -22.8160167 ], [ -43.0762389, -22.815992 ], [ -43.0757732, -22.8157849 ], [ -43.0756141, -22.8159012 ], [ -43.0755866, -22.8159052 ], [ -43.0755605, -22.8159044 ], [ -43.0754711, -22.8157393 ], [ -43.0750039, -22.8158001 ], [ -43.074997, -22.81593 ], [ -43.0748237, -22.8159668 ], [ -43.0747304, -22.8158733 ], [ -43.0742643, -22.8160081 ], [ -43.0742654, -22.8161911 ], [ -43.0742183, -22.8162098 ], [ -43.0739831, -22.8161044 ], [ -43.073594, -22.8162469 ], [ -43.0736143, -22.8164434 ], [ -43.0735716, -22.8164636 ], [ -43.0733552, -22.8163201 ], [ -43.072789, -22.8165666 ], [ -43.0727523, -22.8168467 ], [ -43.0727317, -22.8168718 ], [ -43.0726858, -22.8168627 ], [ -43.0725583, -22.8167397 ], [ -43.0715611, -22.8172881 ], [ -43.0714395, -22.8171184 ], [ -43.0712163, -22.816994 ], [ -43.0693419, -22.8168819 ], [ -43.0691816, -22.8170826 ], [ -43.0691464, -22.817085 ], [ -43.0691075, -22.8170753 ], [ -43.068823, -22.8168269 ], [ -43.0684013, -22.8167907 ], [ -43.0682668, -22.8169034 ], [ -43.0682476, -22.8169126 ], [ -43.0682068, -22.8169323 ], [ -43.0679479, -22.81685 ], [ -43.0678467, -22.8168176 ], [ -43.0676327, -22.8167663 ], [ -43.0653714, -22.8179343 ], [ -43.0633078, -22.8192223 ], [ -43.0633767, -22.8195823 ], [ -43.0633513, -22.8196033 ], [ -43.0633259, -22.8196243 ], [ -43.0630856, -22.819471 ], [ -43.0628789, -22.8196436 ], [ -43.0629825, -22.8199624 ], [ -43.0629949, -22.8200007 ], [ -43.0629745, -22.8200046 ], [ -43.0629643, -22.8200066 ], [ -43.0629541, -22.8200086 ], [ -43.0626281, -22.8199986 ], [ -43.0624934, -22.8203919 ], [ -43.062718, -22.8206071 ], [ -43.0627383, -22.8206472 ], [ -43.0626983, -22.8206784 ], [ -43.0624013, -22.8208711 ], [ -43.060969, -22.820283 ], [ -43.0600417, -22.8195253 ], [ -43.0594969, -22.818396 ], [ -43.0591621, -22.8182627 ], [ -43.0591061, -22.8182667 ], [ -43.0589918, -22.8184104 ], [ -43.0580391, -22.818413 ], [ -43.0578511, -22.8182637 ], [ -43.0578236, -22.8182663 ], [ -43.0577979, -22.8182683 ], [ -43.0578281, -22.8184247 ], [ -43.0573697, -22.8184567 ], [ -43.0570932, -22.818353 ], [ -43.0569948, -22.8182703 ], [ -43.0569954, -22.8184011 ], [ -43.0569493, -22.8185873 ], [ -43.0576339, -22.8196413 ], [ -43.057823, -22.8196841 ], [ -43.0578876, -22.8196764 ], [ -43.0578614, -22.8197322 ], [ -43.0577885, -22.8198873 ], [ -43.0578549, -22.8199803 ], [ -43.0579374, -22.8200958 ], [ -43.0580987, -22.8200834 ], [ -43.0581655, -22.8200896 ], [ -43.0581594, -22.8201534 ], [ -43.0581064, -22.8202973 ], [ -43.0582723, -22.8205567 ], [ -43.0584207, -22.8205594 ], [ -43.0584818, -22.8205673 ], [ -43.0584674, -22.8206247 ], [ -43.0583279, -22.8208071 ], [ -43.0584625, -22.8210102 ], [ -43.0586701, -22.8209418 ], [ -43.0587062, -22.8209905 ], [ -43.0585359, -22.821204 ], [ -43.0588933, -22.8217412 ], [ -43.0591888, -22.8217142 ], [ -43.0592313, -22.8217373 ], [ -43.0592445, -22.8217323 ], [ -43.0592257, -22.8217574 ], [ -43.0591942, -22.8218134 ], [ -43.0593506, -22.8220935 ], [ -43.0594444, -22.8220921 ], [ -43.059465, -22.8221295 ], [ -43.059355, -22.8222726 ], [ -43.0595885, -22.8224671 ], [ -43.0598461, -22.8224007 ], [ -43.0599114, -22.8224308 ], [ -43.0598201, -22.8225782 ], [ -43.0600398, -22.8227239 ], [ -43.0603895, -22.8226422 ], [ -43.060449, -22.8226334 ], [ -43.0604466, -22.8226688 ], [ -43.0603649, -22.8229719 ], [ -43.0604935, -22.8232693 ], [ -43.0612313, -22.8244882 ], [ -43.0610899, -22.8247877 ], [ -43.0610574, -22.824831 ], [ -43.0610731, -22.8248461 ], [ -43.0611065, -22.8248504 ], [ -43.0613256, -22.8248792 ], [ -43.0619924, -22.8258015 ], [ -43.0628048, -22.8253439 ], [ -43.062954, -22.8253381 ], [ -43.0630151, -22.8254281 ], [ -43.0630321, -22.8254532 ], [ -43.0630599, -22.8254545 ], [ -43.0632262, -22.8254624 ], [ -43.0635175, -22.8252912 ], [ -43.0635179, -22.8250078 ], [ -43.0635524, -22.824967 ], [ -43.0638579, -22.8251143 ], [ -43.0644827, -22.8247955 ], [ -43.0644886, -22.8244633 ], [ -43.0644888, -22.8244492 ], [ -43.064877, -22.8245163 ], [ -43.0665785, -22.8235253 ], [ -43.0665695, -22.8233417 ], [ -43.0666197, -22.8233183 ], [ -43.0668167, -22.8234031 ], [ -43.06829, -22.822571 ] ] ] } },
{ "type": "Feature", "properties": { "id": 89, "cod_bairro": "3304904090", "nm_bairro": "Porto Velho", "area_km2": 1.8293338913672024, "cod_munic": "3304904", "nm_munic": "São Gonçalo", "cod_uf": "33", "sig_uf": "RJ" }, "geometry": { "type": "MultiPolygon", "coordinates": [ [ [ [ -43.0905397, -22.8425123 ], [ -43.0904641, -22.8433281 ], [ -43.0904532, -22.8434483 ], [ -43.0904649, -22.8437854 ], [ -43.0905824, -22.8437013 ], [ -43.0910198, -22.8433883 ], [ -43.0913507, -22.8431047 ], [ -43.0916816, -22.8423862 ], [ -43.0918517, -22.8414314 ], [ -43.0919462, -22.8413558 ], [ -43.0925324, -22.8411762 ], [ -43.0927971, -22.84111 ], [ -43.0932603, -22.8408832 ], [ -43.0941016, -22.8404483 ], [ -43.0946216, -22.8403159 ], [ -43.0951604, -22.8403254 ], [ -43.0953967, -22.840401 ], [ -43.0956425, -22.8406279 ], [ -43.0957654, -22.8408359 ], [ -43.0959261, -22.8409115 ], [ -43.0959921, -22.8409027 ], [ -43.0963599, -22.8408436 ], [ -43.0969992, -22.8407362 ], [ -43.0970487, -22.8407375 ], [ -43.0970532, -22.8405492 ], [ -43.0971386, -22.8405276 ], [ -43.0973107, -22.8405727 ], [ -43.0973881, -22.8405688 ], [ -43.0974219, -22.8405477 ], [ -43.0972433, -22.8400462 ], [ -43.0971691, -22.8400071 ], [ -43.096861, -22.8401014 ], [ -43.0964476, -22.8401729 ], [ -43.0963349, -22.840119 ], [ -43.0962595, -22.8399819 ], [ -43.0962359, -22.8398263 ], [ -43.0962203, -22.8396409 ], [ -43.0961144, -22.8392897 ], [ -43.096214, -22.8391762 ], [ -43.0971668, -22.8396177 ], [ -43.0973491, -22.8396676 ], [ -43.0974177, -22.8397377 ], [ -43.0974924, -22.839741 ], [ -43.0975934, -22.8397003 ], [ -43.097785, -22.8392918 ], [ -43.0977901, -22.8392811 ], [ -43.0978285, -22.8391418 ], [ -43.097896, -22.8388977 ], [ -43.0980462, -22.8383685 ], [ -43.0980748, -22.8382678 ], [ -43.098152, -22.8381417 ], [ -43.0981015, -22.8380238 ], [ -43.0979694, -22.8380049 ], [ -43.0979064, -22.8379959 ], [ -43.0978668, -22.8378818 ], [ -43.0977805, -22.8377829 ], [ -43.0976124, -22.837732 ], [ -43.0975126, -22.8376361 ], [ -43.0974414, -22.837527 ], [ -43.0973855, -22.8374349 ], [ -43.0975544, -22.8373351 ], [ -43.0974999, -22.837204 ], [ -43.0974031, -22.8371135 ], [ -43.0973135, -22.8370796 ], [ -43.0972216, -22.8369693 ], [ -43.0970616, -22.8369163 ], [ -43.0969909, -22.8367925 ], [ -43.096871, -22.8366464 ], [ -43.0967906, -22.8366466 ], [ -43.0967789, -22.8368421 ], [ -43.0968677, -22.836993 ], [ -43.0970145, -22.8371306 ], [ -43.097154, -22.8372569 ], [ -43.0971921, -22.8373896 ], [ -43.0971785, -22.8374669 ], [ -43.0971659, -22.8375524 ], [ -43.0971517, -22.8376558 ], [ -43.0973537, -22.8378502 ], [ -43.0974971, -22.837951 ], [ -43.0976299, -22.8380439 ], [ -43.09747, -22.8382147 ], [ -43.0971482, -22.8383918 ], [ -43.0968314, -22.8381873 ], [ -43.0969554, -22.8379857 ], [ -43.0969885, -22.8378284 ], [ -43.0968508, -22.837678 ], [ -43.0967148, -22.8376794 ], [ -43.0964003, -22.8378159 ], [ -43.0956129, -22.8377205 ], [ -43.0953928, -22.8370973 ], [ -43.0952213, -22.8362686 ], [ -43.095519, -22.836179 ], [ -43.0958284, -22.8362639 ], [ -43.0960137, -22.8362019 ], [ -43.0963457, -22.8360479 ], [ -43.0965853, -22.8358742 ], [ -43.09663, -22.8357045 ], [ -43.0966356, -22.8356834 ], [ -43.0965626, -22.8355559 ], [ -43.0964664, -22.8355244 ], [ -43.0963972, -22.8355017 ], [ -43.0961641, -22.8355825 ], [ -43.095762, -22.8357688 ], [ -43.0955646, -22.8358647 ], [ -43.0952684, -22.8358492 ], [ -43.0951899, -22.835699 ], [ -43.0952038, -22.8353975 ], [ -43.095303, -22.8349942 ], [ -43.0950252, -22.8350912 ], [ -43.0944274, -22.8351262 ], [ -43.0940811, -22.8332291 ], [ -43.0939133, -22.8326235 ], [ -43.0936384, -22.8318358 ], [ -43.0931383, -22.8308112 ], [ -43.0922365, -22.8289636 ], [ -43.0920952, -22.8290345 ], [ -43.0919894, -22.829083 ], [ -43.0919611, -22.8290977 ], [ -43.0919327, -22.8291124 ], [ -43.0919812, -22.8295936 ], [ -43.09157, -22.8299798 ], [ -43.0912625, -22.829853 ], [ -43.0912285, -22.8298972 ], [ -43.0912298, -22.8302439 ], [ -43.0909848, -22.8304838 ], [ -43.0907965, -22.8303705 ], [ -43.0907592, -22.8304121 ], [ -43.0907774, -22.8307417 ], [ -43.0905829, -22.830927 ], [ -43.0903698, -22.8307991 ], [ -43.0903707, -22.8307358 ], [ -43.0903742, -22.8304833 ], [ -43.0903366, -22.8305286 ], [ -43.090169, -22.8306243 ], [ -43.0901583, -22.8308612 ], [ -43.0903523, -22.8310568 ], [ -43.0903541, -22.8310825 ], [ -43.0903559, -22.8311081 ], [ -43.0901189, -22.8312167 ], [ -43.0901301, -22.8330371 ], [ -43.0901336, -22.8330821 ], [ -43.0900886, -22.8330654 ], [ -43.0897463, -22.8330304 ], [ -43.0890751, -22.8334626 ], [ -43.0888587, -22.8335597 ], [ -43.0885508, -22.8338767 ], [ -43.0873354, -22.8364146 ], [ -43.0867813, -22.8365055 ], [ -43.0867217, -22.836492 ], [ -43.0867223, -22.8363799 ], [ -43.0860721, -22.8361724 ], [ -43.0857659, -22.8361863 ], [ -43.0857104, -22.8362123 ], [ -43.085669, -22.8362717 ], [ -43.0857891, -22.8363492 ], [ -43.0857718, -22.8364132 ], [ -43.0858481, -22.8365331 ], [ -43.0856747, -22.8367234 ], [ -43.0854899, -22.8367352 ], [ -43.0854701, -22.8367686 ], [ -43.0855236, -22.8369007 ], [ -43.0853131, -22.8371416 ], [ -43.0850911, -22.8371369 ], [ -43.0850242, -22.8371592 ], [ -43.0850471, -22.8372325 ], [ -43.0848354, -22.8373292 ], [ -43.0846846, -22.8372893 ], [ -43.0846424, -22.8372855 ], [ -43.0845776, -22.8373198 ], [ -43.0846517, -22.837544 ], [ -43.0835114, -22.8381476 ], [ -43.0831313, -22.8380424 ], [ -43.0831077, -22.8380213 ], [ -43.0830537, -22.8380383 ], [ -43.0828217, -22.8385682 ], [ -43.0855635, -22.8398499 ], [ -43.0858398, -22.8397936 ], [ -43.0858701, -22.8397773 ], [ -43.085854, -22.8398117 ], [ -43.0858429, -22.8402284 ], [ -43.0837358, -22.8414205 ], [ -43.08755, -22.8430125 ], [ -43.0876244, -22.8437148 ], [ -43.0876475, -22.8437376 ], [ -43.0876931, -22.8437418 ], [ -43.0880551, -22.8437751 ], [ -43.0902581, -22.8428021 ], [ -43.0904574, -22.8425284 ], [ -43.0905424, -22.8424798 ], [ -43.0905397, -22.8425123 ] ] ], [ [ [ -43.1071257, -22.8323981 ], [ -43.1068003, -22.8329765 ], [ -43.1066737, -22.8333561 ], [ -43.1063303, -22.8336092 ], [ -43.105788, -22.8335188 ], [ -43.1055349, -22.834025 ], [ -43.1051372, -22.8344588 ], [ -43.1047395, -22.8347661 ], [ -43.1049022, -22.8353265 ], [ -43.1050016, -22.8358778 ], [ -43.1050288, -22.8360857 ], [ -43.1056072, -22.836845 ], [ -43.1058061, -22.8376223 ], [ -43.1056795, -22.838273 ], [ -43.1062218, -22.8391769 ], [ -43.1060411, -22.8398999 ], [ -43.1063845, -22.839918 ], [ -43.1066737, -22.8396649 ], [ -43.1071618, -22.839927 ], [ -43.1076499, -22.8401892 ], [ -43.1074149, -22.8405326 ], [ -43.1078126, -22.8407857 ], [ -43.1082464, -22.8404784 ], [ -43.1085537, -22.8405326 ], [ -43.1091503, -22.840388 ], [ -43.109548, -22.840153 ], [ -43.1100541, -22.8392853 ], [ -43.110506, -22.8385984 ], [ -43.1107045, -22.8382565 ], [ -43.1111568, -22.8374776 ], [ -43.1116087, -22.8369173 ], [ -43.1119522, -22.8367726 ], [ -43.1115906, -22.8364473 ], [ -43.1118799, -22.8358688 ], [ -43.112386, -22.8352 ], [ -43.1127656, -22.8348384 ], [ -43.1130669, -22.8348039 ], [ -43.1131712, -22.8347919 ], [ -43.1136695, -22.8348565 ], [ -43.113882, -22.8351236 ], [ -43.1145552, -22.8347661 ], [ -43.1150202, -22.834192 ], [ -43.1155404, -22.8335599 ], [ -43.1151613, -22.8330861 ], [ -43.1149244, -22.8324227 ], [ -43.1144336, -22.8320853 ], [ -43.1141663, -22.8319015 ], [ -43.1131712, -22.8319015 ], [ -43.1125078, -22.8315698 ], [ -43.1115127, -22.8303851 ], [ -43.1107546, -22.8305747 ], [ -43.1098124, -22.8310283 ], [ -43.1094752, -22.8311907 ], [ -43.1083854, -22.8311907 ], [ -43.107722, -22.8318541 ], [ -43.107612, -22.8321888 ], [ -43.1071257, -22.8323981 ] ] ] ] } },
{ "type": "Feature", "properties": { "id": 90, "cod_bairro": "3304904091", "nm_bairro": "Rosane", "area_km2": 0.14700420231864653, "cod_munic": "3304904", "nm_munic": "São Gonçalo", "cod_uf": "33", "sig_uf": "RJ" }, "geometry": { "type": "Polygon", "coordinates": [ [ [ -43.0536227, -22.8208103 ], [ -43.0535617, -22.8209542 ], [ -43.0535018, -22.8210801 ], [ -43.0534818, -22.8211161 ], [ -43.0534244, -22.8211799 ], [ -43.0533538, -22.8212581 ], [ -43.0532448, -22.8213651 ], [ -43.0532148, -22.8214011 ], [ -43.0532048, -22.8214371 ], [ -43.0532101, -22.8217618 ], [ -43.0532952, -22.8219436 ], [ -43.0534104, -22.8221074 ], [ -43.0535546, -22.8222621 ], [ -43.0536698, -22.8223449 ], [ -43.0537378, -22.8223818 ], [ -43.0537577, -22.8223851 ], [ -43.0540893, -22.8224394 ], [ -43.0578549, -22.8199803 ], [ -43.0577885, -22.8198873 ], [ -43.0578614, -22.8197322 ], [ -43.0578876, -22.8196764 ], [ -43.057823, -22.8196841 ], [ -43.0576339, -22.8196413 ], [ -43.0569493, -22.8185873 ], [ -43.0569954, -22.8184011 ], [ -43.0569948, -22.8182703 ], [ -43.0569398, -22.8182748 ], [ -43.056621, -22.818301 ], [ -43.0558923, -22.8176208 ], [ -43.0559615, -22.8173899 ], [ -43.0559561, -22.8173495 ], [ -43.0559561, -22.8173142 ], [ -43.0558931, -22.8173282 ], [ -43.0549289, -22.8170022 ], [ -43.0549125, -22.8169966 ], [ -43.0548919, -22.8170443 ], [ -43.054821, -22.8172243 ], [ -43.0548172, -22.817522 ], [ -43.0548117, -22.8175535 ], [ -43.0547853, -22.8177468 ], [ -43.0545945, -22.8181417 ], [ -43.0543455, -22.8184996 ], [ -43.0542166, -22.8186875 ], [ -43.0542025, -22.8187097 ], [ -43.0540966, -22.8188765 ], [ -43.0540557, -22.8190474 ], [ -43.0540764, -22.81964 ], [ -43.0540852, -22.8197508 ], [ -43.0540643, -22.8198777 ], [ -43.0540424, -22.8200216 ], [ -43.0539625, -22.8202005 ], [ -43.0538535, -22.8203445 ], [ -43.0537835, -22.8204604 ], [ -43.0537248, -22.8205945 ], [ -43.0537126, -22.8206223 ], [ -43.0536227, -22.8208103 ] ] ] } },
{ "type": "Feature", "properties": { "id": 91, "cod_bairro": "3304904092", "nm_bairro": "Santa Catarina", "area_km2": 0.77762415993732581, "cod_munic": "3304904", "nm_munic": "São Gonçalo", "cod_uf": "33", "sig_uf": "RJ" }, "geometry": { "type": "Polygon", "coordinates": [ [ [ -43.0726877, -22.8402346 ], [ -43.0727352, -22.8402018 ], [ -43.0726992, -22.8399885 ], [ -43.0747528, -22.8386619 ], [ -43.07524, -22.8383621 ], [ -43.0754595, -22.8366372 ], [ -43.0755541, -22.8361635 ], [ -43.0748332, -22.8359341 ], [ -43.0735993, -22.8356595 ], [ -43.0729188, -22.8355262 ], [ -43.0707529, -22.8350241 ], [ -43.0692301, -22.8344033 ], [ -43.0687733, -22.8342161 ], [ -43.0676633, -22.8337295 ], [ -43.0667366, -22.8333152 ], [ -43.0665686, -22.8333825 ], [ -43.0665603, -22.8333858 ], [ -43.066554, -22.8333884 ], [ -43.0662118, -22.8334935 ], [ -43.0654311, -22.8329978 ], [ -43.0653413, -22.8325379 ], [ -43.0653164, -22.8325234 ], [ -43.0650786, -22.8327879 ], [ -43.0645456, -22.8324137 ], [ -43.0645355, -22.8324061 ], [ -43.0645249, -22.8324157 ], [ -43.0636947, -22.8331699 ], [ -43.0630936, -22.8326365 ], [ -43.062944, -22.8328168 ], [ -43.0627127, -22.8328086 ], [ -43.0626777, -22.8328424 ], [ -43.0626125, -22.833051 ], [ -43.0611551, -22.8328077 ], [ -43.0608841, -22.8325247 ], [ -43.0607893, -22.8324415 ], [ -43.0607137, -22.8324424 ], [ -43.0607407, -22.8326089 ], [ -43.0598775, -22.8327728 ], [ -43.0596636, -22.8326844 ], [ -43.0596329, -22.8326723 ], [ -43.0596624, -22.8327289 ], [ -43.0597819, -22.8330064 ], [ -43.05984, -22.8331407 ], [ -43.0600877, -22.8337137 ], [ -43.0604328, -22.834474 ], [ -43.0605366, -22.8346985 ], [ -43.0606821, -22.8350313 ], [ -43.0608339, -22.8354376 ], [ -43.0612248, -22.8359544 ], [ -43.0614452, -22.836059 ], [ -43.0616321, -22.8361713 ], [ -43.0621655, -22.8366033 ], [ -43.062874, -22.8371682 ], [ -43.0631895, -22.8374199 ], [ -43.0641856, -22.8379075 ], [ -43.0646007, -22.8380584 ], [ -43.0651228, -22.8382259 ], [ -43.065453, -22.8382782 ], [ -43.0664077, -22.8383397 ], [ -43.0670901, -22.838384 ], [ -43.0674729, -22.8385125 ], [ -43.0678811, -22.8388433 ], [ -43.068156, -22.8390925 ], [ -43.0684697, -22.8393847 ], [ -43.0685303, -22.8394411 ], [ -43.0689552, -22.8397885 ], [ -43.0692926, -22.8399333 ], [ -43.0699373, -22.8401336 ], [ -43.0709977, -22.8404547 ], [ -43.0711839, -22.8405381 ], [ -43.0712234, -22.8405257 ], [ -43.0720316, -22.8402685 ], [ -43.0724565, -22.8404366 ], [ -43.0726877, -22.8402346 ] ] ] } },
{ "type": "Feature", "properties": { "id": 92, "cod_bairro": "3304904093", "nm_bairro": "Vila Lage", "area_km2": 0.81102796320450943, "cod_munic": "3304904", "nm_munic": "São Gonçalo", "cod_uf": "33", "sig_uf": "RJ" }, "geometry": { "type": "Polygon", "coordinates": [ [ [ -43.0860092, -22.8500083 ], [ -43.0863299, -22.8497058 ], [ -43.0868787, -22.8494037 ], [ -43.0869311, -22.8493748 ], [ -43.0869529, -22.8493628 ], [ -43.0869746, -22.8493509 ], [ -43.0875772, -22.8490191 ], [ -43.0878468, -22.8491115 ], [ -43.0878963, -22.8491284 ], [ -43.0879062, -22.8490812 ], [ -43.0881851, -22.8483884 ], [ -43.0885017, -22.8482138 ], [ -43.0893425, -22.8477498 ], [ -43.0905175, -22.8478341 ], [ -43.0915032, -22.8473307 ], [ -43.0913956, -22.8471083 ], [ -43.0913575, -22.8467981 ], [ -43.0913371, -22.8467592 ], [ -43.0911847, -22.8467497 ], [ -43.0910336, -22.8464689 ], [ -43.0910592, -22.8463948 ], [ -43.0910581, -22.84633 ], [ -43.0910937, -22.8463068 ], [ -43.0911328, -22.8462491 ], [ -43.091177, -22.8462278 ], [ -43.0912246, -22.8461522 ], [ -43.0913346, -22.8464602 ], [ -43.091376, -22.8465042 ], [ -43.0914301, -22.8465433 ], [ -43.0911713, -22.8458298 ], [ -43.0906562, -22.8443803 ], [ -43.0906257, -22.8443645 ], [ -43.0905175, -22.8440612 ], [ -43.0904649, -22.8437854 ], [ -43.0904532, -22.8434483 ], [ -43.0904641, -22.8433281 ], [ -43.0905397, -22.8425123 ], [ -43.0905424, -22.8424798 ], [ -43.0904574, -22.8425284 ], [ -43.0902581, -22.8428021 ], [ -43.0880551, -22.8437751 ], [ -43.0876931, -22.8437418 ], [ -43.0876475, -22.8437376 ], [ -43.0876244, -22.8437148 ], [ -43.08755, -22.8430125 ], [ -43.0837358, -22.8414205 ], [ -43.083519, -22.8415308 ], [ -43.0825559, -22.8420251 ], [ -43.0820584, -22.8422706 ], [ -43.0813136, -22.8422509 ], [ -43.0812477, -22.842272 ], [ -43.081245, -22.8423294 ], [ -43.0813224, -22.8426435 ], [ -43.0797336, -22.8437141 ], [ -43.0794624, -22.8437169 ], [ -43.0778893, -22.8447818 ], [ -43.0782512, -22.8449042 ], [ -43.078511, -22.8450687 ], [ -43.0793542, -22.8454424 ], [ -43.079901, -22.8458056 ], [ -43.0810415, -22.846946 ], [ -43.0814142, -22.8471654 ], [ -43.081741, -22.8474257 ], [ -43.0819072, -22.8478079 ], [ -43.0818676, -22.8481406 ], [ -43.0818877, -22.8484958 ], [ -43.081889, -22.8487872 ], [ -43.0818866, -22.8491418 ], [ -43.0819096, -22.8494977 ], [ -43.082012, -22.8498279 ], [ -43.0821728, -22.8501753 ], [ -43.0823187, -22.8504707 ], [ -43.0822192, -22.8506074 ], [ -43.0822082, -22.8506225 ], [ -43.082236, -22.8506235 ], [ -43.0831552, -22.8508596 ], [ -43.085035, -22.8500136 ], [ -43.0851879, -22.8494589 ], [ -43.0852288, -22.8494177 ], [ -43.0855304, -22.8493927 ], [ -43.0855608, -22.8501814 ], [ -43.0860092, -22.8500083 ] ] ] } },
{ "type": "Feature", "properties": { "id": 93, "cod_bairro": "3304904094", "nm_bairro": "Zé Garoto", "area_km2": 0.37454921088972126, "cod_munic": "3304904", "nm_munic": "São Gonçalo", "cod_uf": "33", "sig_uf": "RJ" }, "geometry": { "type": "Polygon", "coordinates": [ [ [ -43.0607137, -22.8324424 ], [ -43.0607893, -22.8324415 ], [ -43.0608841, -22.8325247 ], [ -43.0611551, -22.8328077 ], [ -43.0626125, -22.833051 ], [ -43.0626777, -22.8328424 ], [ -43.0627127, -22.8328086 ], [ -43.062944, -22.8328168 ], [ -43.0630936, -22.8326365 ], [ -43.0636947, -22.8331699 ], [ -43.0645249, -22.8324157 ], [ -43.0645355, -22.8324061 ], [ -43.0645448, -22.8322769 ], [ -43.0646742, -22.8320216 ], [ -43.0638639, -22.8312453 ], [ -43.0634916, -22.8313014 ], [ -43.063487, -22.8312971 ], [ -43.0634337, -22.8312644 ], [ -43.0634445, -22.8311528 ], [ -43.0632294, -22.8309575 ], [ -43.063117, -22.8309877 ], [ -43.0630892, -22.8309744 ], [ -43.0630658, -22.8309628 ], [ -43.063062, -22.8308473 ], [ -43.0628607, -22.8307513 ], [ -43.0627314, -22.8307875 ], [ -43.0627032, -22.8307717 ], [ -43.0626582, -22.8307448 ], [ -43.0626111, -22.8304814 ], [ -43.0619173, -22.8297615 ], [ -43.0617117, -22.8297872 ], [ -43.0616734, -22.8297455 ], [ -43.0616948, -22.8294932 ], [ -43.0611319, -22.8287929 ], [ -43.0609299, -22.8288461 ], [ -43.0608907, -22.8288069 ], [ -43.0608425, -22.8282405 ], [ -43.0610218, -22.8278977 ], [ -43.0608801, -22.8274322 ], [ -43.0608666, -22.8273877 ], [ -43.0610461, -22.8274523 ], [ -43.0611085, -22.8272553 ], [ -43.0612669, -22.8270835 ], [ -43.0607425, -22.8268797 ], [ -43.0606894, -22.8269171 ], [ -43.0606547, -22.8269034 ], [ -43.0596735, -22.8265142 ], [ -43.0596283, -22.8264959 ], [ -43.0596323, -22.826464 ], [ -43.0594551, -22.8263495 ], [ -43.0583261, -22.8265343 ], [ -43.0579539, -22.8265978 ], [ -43.0571909, -22.8267192 ], [ -43.0566288, -22.8268117 ], [ -43.0563171, -22.8268611 ], [ -43.0556875, -22.8269589 ], [ -43.054918, -22.8270834 ], [ -43.0548979, -22.8270805 ], [ -43.0549884, -22.827908 ], [ -43.0550155, -22.8282614 ], [ -43.0549817, -22.8284045 ], [ -43.0551249, -22.8284341 ], [ -43.0556971, -22.8283705 ], [ -43.0557251, -22.828419 ], [ -43.0557851, -22.8285229 ], [ -43.0558089, -22.8285641 ], [ -43.0565963, -22.8294124 ], [ -43.0566998, -22.8295377 ], [ -43.0576506, -22.830572 ], [ -43.0578845, -22.8308406 ], [ -43.0581102, -22.8310887 ], [ -43.0583043, -22.8312803 ], [ -43.0592111, -22.8322484 ], [ -43.0595624, -22.8326018 ], [ -43.0595721, -22.8326116 ], [ -43.0596329, -22.8326723 ], [ -43.0596636, -22.8326844 ], [ -43.0598775, -22.8327728 ], [ -43.0607407, -22.8326089 ], [ -43.0607137, -22.8324424 ] ] ] } },
{ "type": "Feature", "properties": { "id": 94, "cod_bairro": "3304904095", "nm_bairro": "Barro Vermelho", "area_km2": 0.45248063490474072, "cod_munic": "3304904", "nm_munic": "São Gonçalo", "cod_uf": "33", "sig_uf": "RJ" }, "geometry": { "type": "Polygon", "coordinates": [ [ [ -43.0657445, -22.8402114 ], [ -43.0658021, -22.8404606 ], [ -43.06522, -22.8423907 ], [ -43.0661246, -22.843395 ], [ -43.065506, -22.8437557 ], [ -43.0666023, -22.844319 ], [ -43.0689506, -22.8464284 ], [ -43.0688561, -22.8470279 ], [ -43.0688477, -22.8470747 ], [ -43.0688766, -22.8470753 ], [ -43.0691557, -22.8470664 ], [ -43.0695307, -22.8473524 ], [ -43.0720302, -22.8461805 ], [ -43.071793, -22.8455508 ], [ -43.073471, -22.8449261 ], [ -43.0736259, -22.844651 ], [ -43.0737389, -22.8446173 ], [ -43.0737674, -22.8445903 ], [ -43.0737826, -22.8443146 ], [ -43.0738247, -22.8440866 ], [ -43.0739236, -22.8435781 ], [ -43.074071, -22.8430753 ], [ -43.074099, -22.8429849 ], [ -43.0741137, -22.8428835 ], [ -43.0740813, -22.8427542 ], [ -43.0740417, -22.8426528 ], [ -43.0738093, -22.8423913 ], [ -43.073735, -22.8423031 ], [ -43.0730796, -22.8416558 ], [ -43.0723006, -22.84102 ], [ -43.0711839, -22.8405381 ], [ -43.0709977, -22.8404547 ], [ -43.0699373, -22.8401336 ], [ -43.0699389, -22.8401463 ], [ -43.0699405, -22.840159 ], [ -43.0699657, -22.8405415 ], [ -43.0692392, -22.841075 ], [ -43.0686875, -22.840903 ], [ -43.0686704, -22.8409146 ], [ -43.0686533, -22.8409263 ], [ -43.0687019, -22.8410977 ], [ -43.0683273, -22.8412944 ], [ -43.0680774, -22.8412392 ], [ -43.0680816, -22.8412437 ], [ -43.0677281, -22.8415153 ], [ -43.0670123, -22.8405895 ], [ -43.0669809, -22.8405488 ], [ -43.0669798, -22.8405496 ], [ -43.0666526, -22.8401484 ], [ -43.0659456, -22.8402015 ], [ -43.0658385, -22.8401356 ], [ -43.0658093, -22.8401179 ], [ -43.0657902, -22.840171 ], [ -43.0657445, -22.8402114 ] ] ] } },
{ "type": "Feature", "properties": { "id": 95, "cod_bairro": "3304904096", "nm_bairro": "Covanca", "area_km2": 0.70486368548559475, "cod_munic": "3304904", "nm_munic": "São Gonçalo", "cod_uf": "33", "sig_uf": "RJ" }, "geometry": { "type": "Polygon", "coordinates": [ [ [ -43.0915595, -22.8560822 ], [ -43.0916102, -22.8560725 ], [ -43.0917869, -22.8560503 ], [ -43.0919624, -22.8560127 ], [ -43.0919571, -22.8559854 ], [ -43.0919282, -22.855839 ], [ -43.0919267, -22.8558314 ], [ -43.0919691, -22.8558286 ], [ -43.0929903, -22.8557629 ], [ -43.0930032, -22.8557607 ], [ -43.0930199, -22.8557591 ], [ -43.0930565, -22.8557556 ], [ -43.0945438, -22.855466 ], [ -43.0946415, -22.8554314 ], [ -43.0946529, -22.8554274 ], [ -43.094593, -22.8551691 ], [ -43.0945833, -22.8549287 ], [ -43.0946253, -22.8549514 ], [ -43.094833, -22.8551911 ], [ -43.0962239, -22.8545555 ], [ -43.0963954, -22.8545449 ], [ -43.0967877, -22.854253 ], [ -43.0967657, -22.8540958 ], [ -43.096768, -22.8540749 ], [ -43.0967816, -22.8540875 ], [ -43.0969751, -22.8541417 ], [ -43.0970787, -22.8540977 ], [ -43.0971022, -22.8539723 ], [ -43.0971278, -22.853926 ], [ -43.0970693, -22.853926 ], [ -43.0967608, -22.8539378 ], [ -43.0964747, -22.8535376 ], [ -43.0966374, -22.8534076 ], [ -43.0966204, -22.8533847 ], [ -43.0966053, -22.8533639 ], [ -43.0962743, -22.8532371 ], [ -43.0956606, -22.852358 ], [ -43.0957429, -22.8522384 ], [ -43.0957477, -22.8522316 ], [ -43.0957377, -22.8522199 ], [ -43.0957467, -22.8522173 ], [ -43.095742, -22.8522091 ], [ -43.0957132, -22.8522024 ], [ -43.0954179, -22.8521539 ], [ -43.0952831, -22.8519338 ], [ -43.0953937, -22.851768 ], [ -43.0954086, -22.851746 ], [ -43.0938638, -22.8521617 ], [ -43.0928756, -22.8523581 ], [ -43.0913772, -22.8526422 ], [ -43.0911203, -22.8527017 ], [ -43.0908053, -22.8527699 ], [ -43.0905963, -22.8528425 ], [ -43.0901715, -22.8530866 ], [ -43.0896705, -22.8534317 ], [ -43.0893655, -22.8536628 ], [ -43.0892147, -22.853777 ], [ -43.0889008, -22.8540357 ], [ -43.0888421, -22.8540789 ], [ -43.0886091, -22.8541359 ], [ -43.0873088, -22.8544307 ], [ -43.0862815, -22.8546738 ], [ -43.0860689, -22.8547207 ], [ -43.0856695, -22.8547957 ], [ -43.0854966, -22.8548045 ], [ -43.0849059, -22.8548126 ], [ -43.0843552, -22.8548201 ], [ -43.0839364, -22.8548486 ], [ -43.0836704, -22.8549486 ], [ -43.0828925, -22.854953 ], [ -43.0825923, -22.8549516 ], [ -43.0816966, -22.8548602 ], [ -43.0813181, -22.8543859 ], [ -43.0809926, -22.8540212 ], [ -43.0807009, -22.853696 ], [ -43.0802162, -22.8531993 ], [ -43.080064, -22.8530564 ], [ -43.0800589, -22.853102 ], [ -43.0800902, -22.8533686 ], [ -43.079399, -22.8540113 ], [ -43.0791329, -22.8539901 ], [ -43.0791043, -22.8540235 ], [ -43.0791199, -22.8542955 ], [ -43.0785756, -22.8548436 ], [ -43.0782905, -22.854917 ], [ -43.0782776, -22.8549197 ], [ -43.0782423, -22.8549269 ], [ -43.078233, -22.8549498 ], [ -43.0781209, -22.8551689 ], [ -43.0779098, -22.8552324 ], [ -43.0777228, -22.8550695 ], [ -43.0776807, -22.8550914 ], [ -43.0777036, -22.8553649 ], [ -43.0770691, -22.8557088 ], [ -43.0768347, -22.8555702 ], [ -43.0768097, -22.8555525 ], [ -43.0767925, -22.8555959 ], [ -43.0766607, -22.8560976 ], [ -43.0759741, -22.8561438 ], [ -43.0763468, -22.8584533 ], [ -43.0766984, -22.8603655 ], [ -43.077668, -22.860425 ], [ -43.0787364, -22.8604894 ], [ -43.0797564, -22.860897 ], [ -43.0796626, -22.8581753 ], [ -43.0798212, -22.8579565 ], [ -43.0801241, -22.8579074 ], [ -43.0805211, -22.8579074 ], [ -43.0808138, -22.8578081 ], [ -43.0813193, -22.8575307 ], [ -43.0822676, -22.8568247 ], [ -43.0823951, -22.8565406 ], [ -43.0823984, -22.8565162 ], [ -43.082431, -22.8564989 ], [ -43.0824302, -22.8564974 ], [ -43.0824796, -22.8564733 ], [ -43.0829946, -22.8562223 ], [ -43.0830166, -22.8562116 ], [ -43.0830354, -22.8562086 ], [ -43.0831403, -22.8561922 ], [ -43.0832094, -22.8561662 ], [ -43.0833074, -22.8561132 ], [ -43.0833664, -22.8560951 ], [ -43.0834444, -22.8560961 ], [ -43.0835025, -22.856106 ], [ -43.0836096, -22.8561339 ], [ -43.0837066, -22.8561358 ], [ -43.0840879, -22.8561125 ], [ -43.084292, -22.8561422 ], [ -43.0845161, -22.8561351 ], [ -43.0846705, -22.8561505 ], [ -43.0849619, -22.856181 ], [ -43.0852144, -22.856206 ], [ -43.0854503, -22.856256 ], [ -43.0856695, -22.8563559 ], [ -43.0859248, -22.8564253 ], [ -43.0861884, -22.8565062 ], [ -43.0863494, -22.856503 ], [ -43.0864854, -22.8564586 ], [ -43.0866658, -22.8564114 ], [ -43.087252, -22.8563824 ], [ -43.0873891, -22.8563842 ], [ -43.0875352, -22.8563491 ], [ -43.0878184, -22.8563439 ], [ -43.0883057, -22.8563574 ], [ -43.0884027, -22.8563683 ], [ -43.0885388, -22.8563872 ], [ -43.0886659, -22.8563981 ], [ -43.088773, -22.8564259 ], [ -43.0889181, -22.8564458 ], [ -43.0890447, -22.8564869 ], [ -43.0915595, -22.8560822 ] ] ] } },
{ "type": "Feature", "properties": { "id": 96, "cod_bairro": "3304904097", "nm_bairro": "Engenho Pequeno", "area_km2": 3.8578577340463061, "cod_munic": "3304904", "nm_munic": "São Gonçalo", "cod_uf": "33", "sig_uf": "RJ" }, "geometry": { "type": "Polygon", "coordinates": [ [ [ -43.0686348, -22.8482038 ], [ -43.0690162, -22.8479982 ], [ -43.0695706, -22.847768 ], [ -43.069727, -22.8478109 ], [ -43.0697658, -22.847817 ], [ -43.0697567, -22.8478065 ], [ -43.0697668, -22.8477825 ], [ -43.0699173, -22.8476327 ], [ -43.0695307, -22.8473524 ], [ -43.0691557, -22.8470664 ], [ -43.0688766, -22.8470753 ], [ -43.0688477, -22.8470747 ], [ -43.0688561, -22.8470279 ], [ -43.0689506, -22.8464284 ], [ -43.0666023, -22.844319 ], [ -43.065506, -22.8437557 ], [ -43.0646589, -22.8441854 ], [ -43.0639926, -22.844314 ], [ -43.0639537, -22.8443292 ], [ -43.0639394, -22.8442979 ], [ -43.0637099, -22.8438929 ], [ -43.0617127, -22.8439461 ], [ -43.0616663, -22.8439493 ], [ -43.0616636, -22.8439255 ], [ -43.0616056, -22.8437408 ], [ -43.0612981, -22.8436992 ], [ -43.0611418, -22.8439213 ], [ -43.061109, -22.84395 ], [ -43.0610857, -22.843929 ], [ -43.0607009, -22.8436121 ], [ -43.0599265, -22.8430925 ], [ -43.0581715, -22.841314 ], [ -43.0567785, -22.8413426 ], [ -43.0481383, -22.8413726 ], [ -43.0482568, -22.841997 ], [ -43.0482749, -22.8421049 ], [ -43.048293, -22.8422048 ], [ -43.048281, -22.8423307 ], [ -43.0482293, -22.8424639 ], [ -43.0481902, -22.8425421 ], [ -43.0481592, -22.8426995 ], [ -43.0480764, -22.8430413 ], [ -43.0480355, -22.8432032 ], [ -43.0480277, -22.8433334 ], [ -43.0480307, -22.8434176 ], [ -43.0480488, -22.8434808 ], [ -43.0480548, -22.843535 ], [ -43.0481528, -22.8437365 ], [ -43.0483149, -22.8438095 ], [ -43.0484261, -22.8439062 ], [ -43.0484866, -22.8439589 ], [ -43.0485746, -22.8440702 ], [ -43.0486678, -22.844166 ], [ -43.0488153, -22.8443342 ], [ -43.0489292, -22.8444533 ], [ -43.0490068, -22.8445801 ], [ -43.0490301, -22.8446888 ], [ -43.0490198, -22.84487 ], [ -43.0489758, -22.8450408 ], [ -43.0488929, -22.8452245 ], [ -43.0487894, -22.8454109 ], [ -43.048748, -22.8454834 ], [ -43.0486807, -22.8455895 ], [ -43.0485927, -22.8457241 ], [ -43.0484737, -22.8459415 ], [ -43.0482433, -22.8458845 ], [ -43.0475316, -22.8457163 ], [ -43.0468017, -22.8455222 ], [ -43.0464834, -22.8454497 ], [ -43.0457975, -22.8454264 ], [ -43.0456448, -22.8454316 ], [ -43.0451919, -22.8454083 ], [ -43.044947, -22.8454364 ], [ -43.0446816, -22.8455179 ], [ -43.0435831, -22.8458612 ], [ -43.0435834, -22.8459393 ], [ -43.0435778, -22.8462596 ], [ -43.043576, -22.8468243 ], [ -43.0434974, -22.8468303 ], [ -43.0434721, -22.8468322 ], [ -43.0431745, -22.8468202 ], [ -43.0428794, -22.8468202 ], [ -43.042507, -22.8468295 ], [ -43.0422053, -22.8468453 ], [ -43.0421163, -22.8468714 ], [ -43.0420629, -22.8468891 ], [ -43.0420089, -22.8469413 ], [ -43.0419573, -22.8470943 ], [ -43.0419064, -22.8472832 ], [ -43.0418745, -22.8474641 ], [ -43.0418674, -22.8476497 ], [ -43.0418534, -22.8478331 ], [ -43.0418413, -22.8480286 ], [ -43.0418348, -22.8482036 ], [ -43.0417851, -22.8483464 ], [ -43.0416822, -22.8485211 ], [ -43.0416077, -22.8485965 ], [ -43.0414866, -22.8486403 ], [ -43.0413471, -22.848669 ], [ -43.0412833, -22.8486788 ], [ -43.0410681, -22.8487096 ], [ -43.0410663, -22.8487096 ], [ -43.0410571, -22.8487096 ], [ -43.040965, -22.8487096 ], [ -43.0407177, -22.8487145 ], [ -43.0404508, -22.8487129 ], [ -43.0401086, -22.8487243 ], [ -43.0398057, -22.8487309 ], [ -43.0394241, -22.8487734 ], [ -43.0391392, -22.8487898 ], [ -43.0384353, -22.8487871 ], [ -43.0378407, -22.848744 ], [ -43.0376475, -22.8487243 ], [ -43.0374985, -22.8486785 ], [ -43.0374035, -22.8486228 ], [ -43.0372856, -22.8485475 ], [ -43.0369516, -22.848315 ], [ -43.0367739, -22.848326 ], [ -43.0366088, -22.8483331 ], [ -43.0364685, -22.8483805 ], [ -43.0363737, -22.8484113 ], [ -43.0361771, -22.8484263 ], [ -43.0360523, -22.8484235 ], [ -43.0359294, -22.8484365 ], [ -43.0357761, -22.8485052 ], [ -43.0357674, -22.8485091 ], [ -43.0356501, -22.8485724 ], [ -43.0356668, -22.848583 ], [ -43.0387941, -22.8528688 ], [ -43.0418524, -22.8557891 ], [ -43.0432831, -22.8565279 ], [ -43.0446553, -22.857044 ], [ -43.0469421, -22.8587562 ], [ -43.0473526, -22.8595185 ], [ -43.0480145, -22.863279 ], [ -43.04804, -22.8633068 ], [ -43.0480731, -22.8633014 ], [ -43.0506942, -22.8628741 ], [ -43.0520615, -22.862507 ], [ -43.0532571, -22.8621789 ], [ -43.0532749, -22.8621741 ], [ -43.0532926, -22.8621692 ], [ -43.0533356, -22.8621529 ], [ -43.0541799, -22.8618326 ], [ -43.0550595, -22.8607833 ], [ -43.0585809, -22.8586347 ], [ -43.0596421, -22.8579872 ], [ -43.0600726, -22.8575155 ], [ -43.0596196, -22.8573323 ], [ -43.059375, -22.8570878 ], [ -43.0587811, -22.8560281 ], [ -43.0587112, -22.855341 ], [ -43.0574652, -22.8543162 ], [ -43.0576947, -22.8537766 ], [ -43.0577071, -22.8537697 ], [ -43.057709, -22.8537687 ], [ -43.0574301, -22.8536617 ], [ -43.0571848, -22.8531406 ], [ -43.0568017, -22.8528953 ], [ -43.0562729, -22.8526808 ], [ -43.0557517, -22.8525045 ], [ -43.0543517, -22.8520565 ], [ -43.0542918, -22.8519343 ], [ -43.0543379, -22.8518114 ], [ -43.0549421, -22.8512174 ], [ -43.0549514, -22.8507538 ], [ -43.0549517, -22.8507423 ], [ -43.0549212, -22.8506938 ], [ -43.0545869, -22.8507342 ], [ -43.0539738, -22.8497149 ], [ -43.0539891, -22.8489869 ], [ -43.0547508, -22.8482212 ], [ -43.0547976, -22.8481489 ], [ -43.0547684, -22.8481342 ], [ -43.0545429, -22.8480014 ], [ -43.0547096, -22.8477556 ], [ -43.0548911, -22.8477776 ], [ -43.0549327, -22.8477744 ], [ -43.0549496, -22.8477352 ], [ -43.0551556, -22.8473128 ], [ -43.0559331, -22.8478494 ], [ -43.0565792, -22.8480903 ], [ -43.057061, -22.8478494 ], [ -43.0571688, -22.8478318 ], [ -43.0581341, -22.8476741 ], [ -43.0593058, -22.8477946 ], [ -43.0595289, -22.847872 ], [ -43.0603789, -22.8481669 ], [ -43.0629814, -22.84911 ], [ -43.0651014, -22.8495837 ], [ -43.0667562, -22.8499081 ], [ -43.0669084, -22.8499751 ], [ -43.0669771, -22.8500053 ], [ -43.0679806, -22.8494634 ], [ -43.068093, -22.8494123 ], [ -43.0687349, -22.8494185 ], [ -43.0689721, -22.8493724 ], [ -43.0690172, -22.8493785 ], [ -43.068974, -22.8493555 ], [ -43.0685874, -22.8491077 ], [ -43.0681939, -22.8485804 ], [ -43.0682408, -22.8483613 ], [ -43.0686348, -22.8482038 ] ] ] } },
{ "type": "Feature", "properties": { "id": 97, "cod_bairro": "3304904098", "nm_bairro": "Lindo Parque", "area_km2": 0.86068982330520027, "cod_munic": "3304904", "nm_munic": "São Gonçalo", "cod_uf": "33", "sig_uf": "RJ" }, "geometry": { "type": "Polygon", "coordinates": [ [ [ -43.0472308, -22.8385569 ], [ -43.047287, -22.8387646 ], [ -43.0473712, -22.8390004 ], [ -43.0474083, -22.8391542 ], [ -43.0475487, -22.8395527 ], [ -43.0476519, -22.8398244 ], [ -43.0475929, -22.8400433 ], [ -43.047534, -22.8401905 ], [ -43.0476413, -22.8402977 ], [ -43.0478285, -22.8404847 ], [ -43.0479608, -22.8408293 ], [ -43.0480441, -22.8411279 ], [ -43.0481383, -22.8413726 ], [ -43.0567785, -22.8413426 ], [ -43.0572644, -22.8402238 ], [ -43.0575075, -22.8402 ], [ -43.0578187, -22.8399018 ], [ -43.0578965, -22.8395258 ], [ -43.0577377, -22.8390071 ], [ -43.0575075, -22.8386732 ], [ -43.0572644, -22.8382161 ], [ -43.0571647, -22.8381164 ], [ -43.0569629, -22.8382327 ], [ -43.0569301, -22.8381935 ], [ -43.05685, -22.8380889 ], [ -43.0574795, -22.8376887 ], [ -43.0588249, -22.8369046 ], [ -43.0589695, -22.8369396 ], [ -43.0590161, -22.8369107 ], [ -43.0589846, -22.836801 ], [ -43.0605771, -22.8358152 ], [ -43.0607886, -22.8357952 ], [ -43.0608374, -22.8357779 ], [ -43.0594711, -22.8351677 ], [ -43.0594521, -22.8351582 ], [ -43.0588316, -22.8348985 ], [ -43.0586166, -22.8348055 ], [ -43.058273, -22.834773 ], [ -43.0579062, -22.8348681 ], [ -43.0573338, -22.8351832 ], [ -43.0568929, -22.8353445 ], [ -43.0567629, -22.835359 ], [ -43.0564857, -22.8353899 ], [ -43.0563011, -22.8354036 ], [ -43.0556336, -22.8354533 ], [ -43.0548491, -22.8355165 ], [ -43.0543323, -22.8353371 ], [ -43.0538966, -22.8351318 ], [ -43.0536544, -22.8349931 ], [ -43.0529773, -22.8346115 ], [ -43.0523571, -22.8343468 ], [ -43.0517402, -22.8341704 ], [ -43.0508754, -22.8339231 ], [ -43.0507729, -22.8339003 ], [ -43.0501642, -22.8337621 ], [ -43.0499741, -22.8337078 ], [ -43.0489674, -22.8335472 ], [ -43.048769, -22.833529 ], [ -43.0484281, -22.8334878 ], [ -43.0473641, -22.8334864 ], [ -43.0471998, -22.8338523 ], [ -43.0470954, -22.8341523 ], [ -43.0470042, -22.8343636 ], [ -43.046905, -22.8345827 ], [ -43.0468085, -22.8347757 ], [ -43.0467277, -22.8349765 ], [ -43.0467016, -22.8351409 ], [ -43.0466938, -22.835253 ], [ -43.0466885, -22.8353678 ], [ -43.046699, -22.8354532 ], [ -43.0466543, -22.8355286 ], [ -43.0466479, -22.8356305 ], [ -43.0467095, -22.8359851 ], [ -43.0467554, -22.8362349 ], [ -43.0468082, -22.83647 ], [ -43.0468565, -22.8366556 ], [ -43.0469025, -22.8368864 ], [ -43.0469493, -22.8370487 ], [ -43.0469825, -22.8372509 ], [ -43.0470255, -22.8374244 ], [ -43.0470609, -22.8375308 ], [ -43.0470881, -22.8376402 ], [ -43.0471303, -22.8378379 ], [ -43.0471651, -22.8379911 ], [ -43.0471741, -22.8381254 ], [ -43.0471956, -22.8382941 ], [ -43.0472137, -22.838421 ], [ -43.0472141, -22.8384242 ], [ -43.0472308, -22.8385569 ] ] ] } },
{ "type": "Feature", "properties": { "id": 98, "cod_bairro": "3304904099", "nm_bairro": "Maria Paula", "area_km2": 1.9862306476247955, "cod_munic": "3304904", "nm_munic": "São Gonçalo", "cod_uf": "33", "sig_uf": "RJ" }, "geometry": { "type": "Polygon", "coordinates": [ [ [ -43.0287775, -22.8750115 ], [ -43.0290761, -22.8755056 ], [ -43.0292202, -22.8754567 ], [ -43.0295662, -22.8753529 ], [ -43.0297891, -22.8753212 ], [ -43.0299846, -22.875307 ], [ -43.0301818, -22.8753159 ], [ -43.0302664, -22.875331 ], [ -43.030351, -22.8753461 ], [ -43.0306911, -22.8754415 ], [ -43.0310568, -22.875554 ], [ -43.031089, -22.8755639 ], [ -43.0310956, -22.8755659 ], [ -43.0311339, -22.8755768 ], [ -43.0314515, -22.8756674 ], [ -43.0319697, -22.8758019 ], [ -43.0323565, -22.8759117 ], [ -43.0324198, -22.8759301 ], [ -43.0324658, -22.8759435 ], [ -43.0327265, -22.8760193 ], [ -43.0328669, -22.876061 ], [ -43.0329883, -22.8761175 ], [ -43.0330887, -22.8761839 ], [ -43.0332124, -22.8762789 ], [ -43.0333593, -22.8764087 ], [ -43.0333803, -22.8764272 ], [ -43.0335962, -22.8766178 ], [ -43.0338151, -22.8768103 ], [ -43.034095, -22.8770432 ], [ -43.0341134, -22.8770559 ], [ -43.0341816, -22.8771032 ], [ -43.0342785, -22.8771703 ], [ -43.0344714, -22.8772338 ], [ -43.0346149, -22.877255 ], [ -43.0347431, -22.8772321 ], [ -43.0347466, -22.8772314 ], [ -43.0349654, -22.8771044 ], [ -43.0351042, -22.8770127 ], [ -43.0353724, -22.8768786 ], [ -43.035577, -22.8767798 ], [ -43.0357864, -22.8766904 ], [ -43.0362075, -22.8765257 ], [ -43.0364663, -22.8764316 ], [ -43.0369032, -22.8762163 ], [ -43.0369654, -22.8761859 ], [ -43.0371689, -22.8760865 ], [ -43.0374554, -22.8759465 ], [ -43.0379272, -22.8757141 ], [ -43.0380307, -22.8756082 ], [ -43.0381201, -22.8754765 ], [ -43.0381977, -22.8753753 ], [ -43.0382847, -22.8752836 ], [ -43.0383506, -22.8752224 ], [ -43.0384776, -22.8751495 ], [ -43.0386282, -22.8750625 ], [ -43.0386589, -22.8750441 ], [ -43.0388211, -22.8749472 ], [ -43.038927, -22.8748884 ], [ -43.0390723, -22.8748442 ], [ -43.0390759, -22.8748432 ], [ -43.0392116, -22.8748084 ], [ -43.0395127, -22.8747284 ], [ -43.0396492, -22.8746861 ], [ -43.0397738, -22.8745943 ], [ -43.0398327, -22.8745379 ], [ -43.0399009, -22.8744179 ], [ -43.0399625, -22.8742623 ], [ -43.0400089, -22.8741075 ], [ -43.040035, -22.8740203 ], [ -43.0400865, -22.8738734 ], [ -43.0400959, -22.8738467 ], [ -43.0401264, -22.8737596 ], [ -43.0401584, -22.8736662 ], [ -43.0401926, -22.8735663 ], [ -43.0401982, -22.8735564 ], [ -43.0402027, -22.8735484 ], [ -43.0402038, -22.8735464 ], [ -43.0402344, -22.873492 ], [ -43.0402508, -22.8734628 ], [ -43.0403008, -22.8733734 ], [ -43.0403855, -22.8732863 ], [ -43.0405134, -22.873211 ], [ -43.0405172, -22.8732087 ], [ -43.0405699, -22.873178 ], [ -43.0407148, -22.8730934 ], [ -43.0410148, -22.8728864 ], [ -43.041143, -22.8727958 ], [ -43.0411712, -22.8727758 ], [ -43.0411994, -22.8727559 ], [ -43.0412618, -22.8726453 ], [ -43.0412768, -22.872631 ], [ -43.0412781, -22.8726299 ], [ -43.0412944, -22.8726144 ], [ -43.0413669, -22.872591 ], [ -43.0413757, -22.8725882 ], [ -43.0414935, -22.8725524 ], [ -43.0416123, -22.8725289 ], [ -43.0416711, -22.8725253 ], [ -43.0417652, -22.8725242 ], [ -43.0418346, -22.8725336 ], [ -43.0418793, -22.8725477 ], [ -43.0419275, -22.8725736 ], [ -43.0419418, -22.8725813 ], [ -43.0422004, -22.8727218 ], [ -43.0423558, -22.8727772 ], [ -43.0424746, -22.8727883 ], [ -43.0426721, -22.8727806 ], [ -43.0429167, -22.8727523 ], [ -43.0430755, -22.8727218 ], [ -43.0431743, -22.8726994 ], [ -43.0432814, -22.8726582 ], [ -43.0433872, -22.8726159 ], [ -43.0434402, -22.8725559 ], [ -43.0434837, -22.87247 ], [ -43.0435284, -22.8723336 ], [ -43.0433333, -22.8722449 ], [ -43.0432514, -22.8721859 ], [ -43.0430952, -22.8720733 ], [ -43.0428212, -22.8717149 ], [ -43.0426932, -22.8714844 ], [ -43.0424985, -22.8711353 ], [ -43.0423004, -22.8707798 ], [ -43.0422835, -22.8707495 ], [ -43.042071, -22.8704448 ], [ -43.0417202, -22.8699814 ], [ -43.0411399, -22.8695589 ], [ -43.0403463, -22.8690495 ], [ -43.0402522, -22.8691072 ], [ -43.0400981, -22.8692017 ], [ -43.0399038, -22.8692258 ], [ -43.0396217, -22.8697334 ], [ -43.0394299, -22.8698688 ], [ -43.0391366, -22.8698124 ], [ -43.0384259, -22.8692258 ], [ -43.0379746, -22.869237 ], [ -43.0367224, -22.8695191 ], [ -43.0348609, -22.8670259 ], [ -43.0337666, -22.8664731 ], [ -43.0326385, -22.8662023 ], [ -43.0324579, -22.8653562 ], [ -43.0322887, -22.865029 ], [ -43.0316231, -22.8647921 ], [ -43.0307713, -22.8642925 ], [ -43.0305339, -22.8642418 ], [ -43.0304296, -22.8640034 ], [ -43.0301581, -22.8636013 ], [ -43.0297189, -22.863415 ], [ -43.029412, -22.8634377 ], [ -43.0291327, -22.8635608 ], [ -43.0289403, -22.8637943 ], [ -43.0287407, -22.8638608 ], [ -43.0285677, -22.8637876 ], [ -43.0281551, -22.8631022 ], [ -43.0280553, -22.862856 ], [ -43.0276731, -22.8620512 ], [ -43.0274735, -22.861825 ], [ -43.0271979, -22.8617474 ], [ -43.0270077, -22.861805 ], [ -43.0267615, -22.8619381 ], [ -43.0266151, -22.862171 ], [ -43.026655, -22.8624106 ], [ -43.0268619, -22.8632688 ], [ -43.0267928, -22.8633651 ], [ -43.025766, -22.8635538 ], [ -43.0255304, -22.8637414 ], [ -43.0255836, -22.8639278 ], [ -43.0262777, -22.8643052 ], [ -43.0260604, -22.8648 ], [ -43.0252518, -22.8650293 ], [ -43.024588, -22.8652466 ], [ -43.0239483, -22.8656328 ], [ -43.0234293, -22.8660915 ], [ -43.0231517, -22.8661759 ], [ -43.0223692, -22.8659697 ], [ -43.0223138, -22.8659604 ], [ -43.0223189, -22.8659179 ], [ -43.0224462, -22.8655349 ], [ -43.0216402, -22.8647251 ], [ -43.0211136, -22.8647181 ], [ -43.0210692, -22.8647022 ], [ -43.0208826, -22.8645786 ], [ -43.0207554, -22.864548 ], [ -43.0206893, -22.8645571 ], [ -43.0203806, -22.8645995 ], [ -43.0202221, -22.8646507 ], [ -43.0194509, -22.8648998 ], [ -43.0194047, -22.8648944 ], [ -43.0192975, -22.8650864 ], [ -43.0192413, -22.8652011 ], [ -43.0191965, -22.8652924 ], [ -43.0191908, -22.8653276 ], [ -43.0191786, -22.8654032 ], [ -43.0191692, -22.8654609 ], [ -43.0191828, -22.8655376 ], [ -43.0192087, -22.8656425 ], [ -43.0192482, -22.8657339 ], [ -43.0192989, -22.8658602 ], [ -43.0193106, -22.8659197 ], [ -43.0193497, -22.8661184 ], [ -43.0194038, -22.8663744 ], [ -43.0195407, -22.8669911 ], [ -43.0195811, -22.8671644 ], [ -43.0196634, -22.867544 ], [ -43.0196928, -22.8677245 ], [ -43.0198206, -22.8680246 ], [ -43.019927, -22.8681882 ], [ -43.0200142, -22.8683555 ], [ -43.0200317, -22.8683889 ], [ -43.0200478, -22.8684175 ], [ -43.0200541, -22.8684288 ], [ -43.020074, -22.8684642 ], [ -43.0201048, -22.8685189 ], [ -43.0201544, -22.8686686 ], [ -43.0202377, -22.8689763 ], [ -43.0203406, -22.8694322 ], [ -43.0204152, -22.8695466 ], [ -43.0204443, -22.8695836 ], [ -43.0204823, -22.8696195 ], [ -43.0205712, -22.8697168 ], [ -43.0206755, -22.8697752 ], [ -43.0208307, -22.869859 ], [ -43.0210439, -22.8699607 ], [ -43.0212181, -22.8700435 ], [ -43.0213732, -22.8701083 ], [ -43.0216309, -22.8702216 ], [ -43.021759, -22.870279 ], [ -43.0218279, -22.87031 ], [ -43.0219745, -22.8703807 ], [ -43.0221923, -22.8705115 ], [ -43.0226263, -22.8707698 ], [ -43.0229345, -22.8709391 ], [ -43.0232309, -22.8710703 ], [ -43.0232437, -22.871076 ], [ -43.0237655, -22.8712713 ], [ -43.0239015, -22.8713325 ], [ -43.0243485, -22.8715521 ], [ -43.0249917, -22.8718553 ], [ -43.0256604, -22.8721719 ], [ -43.0260216, -22.8723614 ], [ -43.0262839, -22.8724478 ], [ -43.0266532, -22.872662 ], [ -43.0268882, -22.8728553 ], [ -43.0270177, -22.8729427 ], [ -43.0272188, -22.8730563 ], [ -43.0275507, -22.8732281 ], [ -43.0276221, -22.8732658 ], [ -43.0277181, -22.8733327 ], [ -43.0277724, -22.8733883 ], [ -43.0280311, -22.8737423 ], [ -43.0280879, -22.873839 ], [ -43.0282197, -22.8741047 ], [ -43.0284266, -22.874437 ], [ -43.0285076, -22.8745618 ], [ -43.028717, -22.8749109 ], [ -43.0287775, -22.8750115 ] ] ] } },
{ "type": "Feature", "properties": { "id": 99, "cod_bairro": "3304904100", "nm_bairro": "Morro do Castro", "area_km2": 2.0205696464723646, "cod_munic": "3304904", "nm_munic": "São Gonçalo", "cod_uf": "33", "sig_uf": "RJ" }, "geometry": { "type": "Polygon", "coordinates": [ [ [ -43.0695647, -22.8678876 ], [ -43.0696727, -22.8677387 ], [ -43.0700484, -22.8674263 ], [ -43.0704335, -22.8670669 ], [ -43.0713031, -22.8659629 ], [ -43.0728725, -22.8646345 ], [ -43.072981, -22.8643408 ], [ -43.0727056, -22.8638749 ], [ -43.0725283, -22.8633712 ], [ -43.0729716, -22.8627009 ], [ -43.0731997, -22.8620941 ], [ -43.0737483, -22.861898 ], [ -43.0745198, -22.8621593 ], [ -43.0746609, -22.8620775 ], [ -43.074691, -22.86206 ], [ -43.074961, -22.8619034 ], [ -43.0755098, -22.861654 ], [ -43.0747498, -22.8605257 ], [ -43.0742575, -22.8600161 ], [ -43.0734888, -22.8596274 ], [ -43.0711913, -22.8584614 ], [ -43.0699303, -22.8580555 ], [ -43.0694683, -22.857913 ], [ -43.0685786, -22.8576755 ], [ -43.0681554, -22.8575373 ], [ -43.0674871, -22.857086 ], [ -43.0666537, -22.8571249 ], [ -43.0662995, -22.8571249 ], [ -43.0660474, -22.8572394 ], [ -43.0657009, -22.8573646 ], [ -43.063555, -22.8578183 ], [ -43.0623705, -22.8573158 ], [ -43.0623635, -22.8573128 ], [ -43.062353, -22.8573179 ], [ -43.062124, -22.8574302 ], [ -43.0618606, -22.8572023 ], [ -43.0613744, -22.8569794 ], [ -43.0608628, -22.8569186 ], [ -43.0604222, -22.8571516 ], [ -43.0600726, -22.8575155 ], [ -43.0596421, -22.8579872 ], [ -43.0585809, -22.8586347 ], [ -43.0550595, -22.8607833 ], [ -43.0541799, -22.8618326 ], [ -43.0582881, -22.8625019 ], [ -43.0583125, -22.8638277 ], [ -43.0589881, -22.8666034 ], [ -43.058846, -22.8667388 ], [ -43.057682, -22.8696029 ], [ -43.0573526, -22.8704133 ], [ -43.0572659, -22.8706268 ], [ -43.0571569, -22.870895 ], [ -43.0572802, -22.8708785 ], [ -43.0573232, -22.8708727 ], [ -43.0577232, -22.8708492 ], [ -43.0580854, -22.870901 ], [ -43.0587561, -22.8710247 ], [ -43.0592099, -22.8710421 ], [ -43.0596192, -22.8709715 ], [ -43.0599909, -22.8708774 ], [ -43.0604144, -22.8707222 ], [ -43.0609319, -22.8705104 ], [ -43.061346, -22.8703222 ], [ -43.0618204, -22.8701341 ], [ -43.0618917, -22.8701058 ], [ -43.0623105, -22.8699835 ], [ -43.0626445, -22.8699176 ], [ -43.0630397, -22.8699129 ], [ -43.0634067, -22.8698894 ], [ -43.0635921, -22.869837 ], [ -43.063718, -22.8698014 ], [ -43.0638631, -22.8698 ], [ -43.064056, -22.8698706 ], [ -43.0643289, -22.8699647 ], [ -43.0645782, -22.8699647 ], [ -43.0647241, -22.8699176 ], [ -43.0648323, -22.8698235 ], [ -43.0648746, -22.8696588 ], [ -43.0649687, -22.86956 ], [ -43.0651052, -22.8695271 ], [ -43.0652382, -22.8695559 ], [ -43.0653875, -22.8695883 ], [ -43.0658203, -22.8696636 ], [ -43.066272, -22.8696918 ], [ -43.0664931, -22.8697059 ], [ -43.0666813, -22.8696636 ], [ -43.0668167, -22.8695829 ], [ -43.0669025, -22.8695318 ], [ -43.0671283, -22.869513 ], [ -43.0673212, -22.8695553 ], [ -43.0674153, -22.8695553 ], [ -43.0675329, -22.8694283 ], [ -43.0676459, -22.8693201 ], [ -43.0678043, -22.8692518 ], [ -43.0680223, -22.8691605 ], [ -43.0682402, -22.8690136 ], [ -43.0686104, -22.8687743 ], [ -43.0688534, -22.8686335 ], [ -43.0690358, -22.8684966 ], [ -43.069071, -22.8684658 ], [ -43.0692031, -22.8683497 ], [ -43.0692486, -22.8682783 ], [ -43.0693401, -22.8681344 ], [ -43.0693733, -22.8680965 ], [ -43.0694554, -22.8680026 ], [ -43.0695376, -22.8679088 ], [ -43.0695631, -22.8678898 ], [ -43.0695647, -22.8678876 ] ] ] } },
{ "type": "Feature", "properties": { "id": 100, "cod_bairro": "3304904101", "nm_bairro": "Neves", "area_km2": 0.33539362457105476, "cod_munic": "3304904", "nm_munic": "São Gonçalo", "cod_uf": "33", "sig_uf": "RJ" }, "geometry": { "type": "MultiPolygon", "coordinates": [ [ [ [ -43.0947475, -22.8605317 ], [ -43.0948229, -22.8606184 ], [ -43.0948725, -22.8606754 ], [ -43.0951454, -22.8605187 ], [ -43.095157, -22.860512 ], [ -43.0951863, -22.8604952 ], [ -43.0952901, -22.8605271 ], [ -43.0953884, -22.8605637 ], [ -43.095406, -22.8605703 ], [ -43.0954936, -22.860603 ], [ -43.0956373, -22.8606389 ], [ -43.09572, -22.8606471 ], [ -43.0957358, -22.8606487 ], [ -43.0957516, -22.8606503 ], [ -43.095797, -22.8606548 ], [ -43.0958959, -22.8606496 ], [ -43.0959393, -22.8606474 ], [ -43.0959487, -22.8606469 ], [ -43.0960951, -22.8606062 ], [ -43.0962513, -22.8604583 ], [ -43.0965115, -22.8602118 ], [ -43.0965876, -22.8600724 ], [ -43.0966014, -22.8600584 ], [ -43.0966712, -22.8599883 ], [ -43.0968149, -22.8599404 ], [ -43.0970144, -22.8598765 ], [ -43.0970518, -22.859855 ], [ -43.0970891, -22.8598334 ], [ -43.0971182, -22.8598166 ], [ -43.0973178, -22.859657 ], [ -43.0976172, -22.8594853 ], [ -43.0976638, -22.8594648 ], [ -43.0978527, -22.8593815 ], [ -43.0980403, -22.8592458 ], [ -43.0980889, -22.85921 ], [ -43.0981375, -22.8591742 ], [ -43.0983277, -22.8590343 ], [ -43.0984753, -22.8589544 ], [ -43.0986669, -22.8589026 ], [ -43.0989104, -22.8588626 ], [ -43.0990155, -22.858855 ], [ -43.0991206, -22.8588474 ], [ -43.0991858, -22.8588427 ], [ -43.0993615, -22.8588666 ], [ -43.099573, -22.8589225 ], [ -43.0996182, -22.8588999 ], [ -43.0990061, -22.8573968 ], [ -43.0985752, -22.8563148 ], [ -43.0984299, -22.8559375 ], [ -43.0979387, -22.8550271 ], [ -43.0977387, -22.8547113 ], [ -43.0971278, -22.853926 ], [ -43.0971022, -22.8539723 ], [ -43.0970787, -22.8540977 ], [ -43.0969751, -22.8541417 ], [ -43.0967816, -22.8540875 ], [ -43.096768, -22.8540749 ], [ -43.0967657, -22.8540958 ], [ -43.0967877, -22.854253 ], [ -43.0963954, -22.8545449 ], [ -43.0962239, -22.8545555 ], [ -43.094833, -22.8551911 ], [ -43.0946253, -22.8549514 ], [ -43.0945833, -22.8549287 ], [ -43.094593, -22.8551691 ], [ -43.0946529, -22.8554274 ], [ -43.0946415, -22.8554314 ], [ -43.0945438, -22.855466 ], [ -43.0930565, -22.8557556 ], [ -43.0930199, -22.8557591 ], [ -43.0930032, -22.8557607 ], [ -43.0929903, -22.8557629 ], [ -43.0919691, -22.8558286 ], [ -43.0919267, -22.8558314 ], [ -43.0919282, -22.855839 ], [ -43.0919571, -22.8559854 ], [ -43.0919624, -22.8560127 ], [ -43.0919462, -22.8560293 ], [ -43.091805, -22.8561741 ], [ -43.092017, -22.8565085 ], [ -43.0921672, -22.8566856 ], [ -43.0923246, -22.8568306 ], [ -43.0925401, -22.8570005 ], [ -43.092737, -22.8571858 ], [ -43.0927963, -22.8573775 ], [ -43.0928831, -22.8578176 ], [ -43.0930063, -22.8580414 ], [ -43.0931145, -22.858152 ], [ -43.0931587, -22.8581698 ], [ -43.0932045, -22.8582476 ], [ -43.0932298, -22.8582784 ], [ -43.0932277, -22.8583886 ], [ -43.0933616, -22.8584317 ], [ -43.0935426, -22.8585182 ], [ -43.0935563, -22.8585323 ], [ -43.0935795, -22.8585563 ], [ -43.0935946, -22.8588234 ], [ -43.0939631, -22.8590658 ], [ -43.0943204, -22.8590991 ], [ -43.0943562, -22.8591019 ], [ -43.0943951, -22.8591051 ], [ -43.0943984, -22.8591071 ], [ -43.0943807, -22.8591323 ], [ -43.0944189, -22.8592784 ], [ -43.0943324, -22.859325 ], [ -43.0941678, -22.8592464 ], [ -43.0941189, -22.8592719 ], [ -43.094013, -22.8595047 ], [ -43.0942858, -22.8599239 ], [ -43.0941893, -22.8600901 ], [ -43.0942215, -22.8601388 ], [ -43.0943723, -22.8601302 ], [ -43.0945021, -22.8603431 ], [ -43.0944484, -22.8604824 ], [ -43.0944449, -22.8604885 ], [ -43.0944554, -22.8604993 ], [ -43.0944493, -22.860503 ], [ -43.0944615, -22.8605206 ], [ -43.0944851, -22.860525 ], [ -43.0947475, -22.8605317 ] ] ], [ [ [ -43.0964747, -22.8535376 ], [ -43.0967608, -22.8539378 ], [ -43.0970693, -22.853926 ], [ -43.0971278, -22.853926 ], [ -43.0963454, -22.8529632 ], [ -43.0957606, -22.8522134 ], [ -43.0954086, -22.851746 ], [ -43.0953937, -22.851768 ], [ -43.0952831, -22.8519338 ], [ -43.0954179, -22.8521539 ], [ -43.0957132, -22.8522024 ], [ -43.095742, -22.8522091 ], [ -43.0957467, -22.8522173 ], [ -43.0957377, -22.8522199 ], [ -43.0957477, -22.8522316 ], [ -43.0957429, -22.8522384 ], [ -43.0956606, -22.852358 ], [ -43.0962743, -22.8532371 ], [ -43.0966053, -22.8533639 ], [ -43.0966204, -22.8533847 ], [ -43.0966374, -22.8534076 ], [ -43.0964747, -22.8535376 ] ] ] ] } },
{ "type": "Feature", "properties": { "id": 101, "cod_bairro": "3304904102", "nm_bairro": "Novo México", "area_km2": 1.7796448322241045, "cod_munic": "3304904", "nm_munic": "São Gonçalo", "cod_uf": "33", "sig_uf": "RJ" }, "geometry": { "type": "Polygon", "coordinates": [ [ [ -43.0464548, -22.8722818 ], [ -43.0467334, -22.8721577 ], [ -43.0471935, -22.8719525 ], [ -43.0475135, -22.8718302 ], [ -43.0477371, -22.8717498 ], [ -43.0478146, -22.871722 ], [ -43.047944, -22.8716937 ], [ -43.0480087, -22.8716796 ], [ -43.0480733, -22.8716655 ], [ -43.0484168, -22.871642 ], [ -43.048652, -22.8716937 ], [ -43.0491837, -22.8718678 ], [ -43.0499835, -22.8721548 ], [ -43.0501953, -22.872263 ], [ -43.0503508, -22.872388 ], [ -43.0504823, -22.8724936 ], [ -43.0513056, -22.8731899 ], [ -43.0514044, -22.8732511 ], [ -43.0515146, -22.873252 ], [ -43.0517305, -22.873207 ], [ -43.0517785, -22.873197 ], [ -43.051942, -22.8731628 ], [ -43.0521055, -22.8731287 ], [ -43.0523242, -22.8730393 ], [ -43.0525152, -22.8729613 ], [ -43.052543, -22.8729499 ], [ -43.0526654, -22.8728888 ], [ -43.0527093, -22.8729241 ], [ -43.0528583, -22.873044 ], [ -43.0530465, -22.8727994 ], [ -43.0531559, -22.8726136 ], [ -43.0532958, -22.8723759 ], [ -43.053363, -22.8722775 ], [ -43.0534981, -22.8720795 ], [ -43.0536581, -22.8718725 ], [ -43.0538386, -22.8717597 ], [ -43.0539216, -22.8717078 ], [ -43.0540204, -22.8716537 ], [ -43.0541192, -22.8715996 ], [ -43.0544673, -22.8715008 ], [ -43.0550178, -22.871355 ], [ -43.0559306, -22.8710986 ], [ -43.0565846, -22.8709715 ], [ -43.0571569, -22.870895 ], [ -43.0572659, -22.8706268 ], [ -43.0573526, -22.8704133 ], [ -43.057682, -22.8696029 ], [ -43.058846, -22.8667388 ], [ -43.0589881, -22.8666034 ], [ -43.0583125, -22.8638277 ], [ -43.0582881, -22.8625019 ], [ -43.0541799, -22.8618326 ], [ -43.0533356, -22.8621529 ], [ -43.0532926, -22.8621692 ], [ -43.0532749, -22.8621741 ], [ -43.0532571, -22.8621789 ], [ -43.0520615, -22.862507 ], [ -43.0506942, -22.8628741 ], [ -43.0480731, -22.8633014 ], [ -43.04804, -22.8633068 ], [ -43.0462754, -22.8631514 ], [ -43.0423099, -22.8641499 ], [ -43.0417681, -22.8643981 ], [ -43.0405434, -22.864959 ], [ -43.0400836, -22.8666668 ], [ -43.0397681, -22.8678391 ], [ -43.0397613, -22.8678751 ], [ -43.0401415, -22.8683186 ], [ -43.0398942, -22.8686998 ], [ -43.0403463, -22.8690495 ], [ -43.0411399, -22.8695589 ], [ -43.0417202, -22.8699814 ], [ -43.042071, -22.8704448 ], [ -43.0422835, -22.8707495 ], [ -43.0423004, -22.8707798 ], [ -43.0424985, -22.8711353 ], [ -43.0426932, -22.8714844 ], [ -43.0428212, -22.8717149 ], [ -43.0430952, -22.8720733 ], [ -43.0432514, -22.8721859 ], [ -43.0433333, -22.8722449 ], [ -43.0435284, -22.8723336 ], [ -43.0436189, -22.8723524 ], [ -43.0436675, -22.8723612 ], [ -43.0437166, -22.8723701 ], [ -43.0438274, -22.8723726 ], [ -43.0439753, -22.8723807 ], [ -43.0443706, -22.8723948 ], [ -43.0447281, -22.8723854 ], [ -43.0449886, -22.8723765 ], [ -43.0451422, -22.8723712 ], [ -43.045735, -22.8723289 ], [ -43.0458452, -22.8723217 ], [ -43.0464548, -22.8722818 ] ] ] } },
{ "type": "Feature", "properties": { "id": 102, "cod_bairro": "3304904103", "nm_bairro": "Pita", "area_km2": 0.70491125778413599, "cod_munic": "3304904", "nm_munic": "São Gonçalo", "cod_uf": "33", "sig_uf": "RJ" }, "geometry": { "type": "Polygon", "coordinates": [ [ [ -43.0767925, -22.8555959 ], [ -43.0768097, -22.8555525 ], [ -43.0768347, -22.8555702 ], [ -43.0770691, -22.8557088 ], [ -43.0777036, -22.8553649 ], [ -43.0776807, -22.8550914 ], [ -43.0777228, -22.8550695 ], [ -43.0779098, -22.8552324 ], [ -43.0781209, -22.8551689 ], [ -43.078233, -22.8549498 ], [ -43.0782423, -22.8549269 ], [ -43.0782776, -22.8549197 ], [ -43.0782905, -22.854917 ], [ -43.0785756, -22.8548436 ], [ -43.0791199, -22.8542955 ], [ -43.0791043, -22.8540235 ], [ -43.0791329, -22.8539901 ], [ -43.079399, -22.8540113 ], [ -43.0800902, -22.8533686 ], [ -43.0800589, -22.853102 ], [ -43.080064, -22.8530564 ], [ -43.0798098, -22.8528386 ], [ -43.0792128, -22.8523995 ], [ -43.0789568, -22.8521917 ], [ -43.0786136, -22.8518455 ], [ -43.0784826, -22.85171 ], [ -43.078227, -22.851445 ], [ -43.0779385, -22.8510788 ], [ -43.0777193, -22.8507842 ], [ -43.0773201, -22.8502558 ], [ -43.0772534, -22.8501281 ], [ -43.0769297, -22.8494282 ], [ -43.0765253, -22.8488453 ], [ -43.07625, -22.848498 ], [ -43.0761561, -22.8483759 ], [ -43.075845, -22.8481086 ], [ -43.0753444, -22.847679 ], [ -43.0750266, -22.8474034 ], [ -43.0746598, -22.8470711 ], [ -43.0741563, -22.846607 ], [ -43.0739764, -22.8463009 ], [ -43.073872, -22.846039 ], [ -43.0738306, -22.8458416 ], [ -43.0737881, -22.8456011 ], [ -43.0737492, -22.8451166 ], [ -43.0737445, -22.8450472 ], [ -43.0737552, -22.8448343 ], [ -43.0737674, -22.8445903 ], [ -43.0737389, -22.8446173 ], [ -43.0736259, -22.844651 ], [ -43.073471, -22.8449261 ], [ -43.071793, -22.8455508 ], [ -43.0720302, -22.8461805 ], [ -43.0695307, -22.8473524 ], [ -43.0699173, -22.8476327 ], [ -43.0697668, -22.8477825 ], [ -43.0697567, -22.8478065 ], [ -43.0697658, -22.847817 ], [ -43.069727, -22.8478109 ], [ -43.0695706, -22.847768 ], [ -43.0690162, -22.8479982 ], [ -43.0686348, -22.8482038 ], [ -43.0682408, -22.8483613 ], [ -43.0681939, -22.8485804 ], [ -43.0685874, -22.8491077 ], [ -43.068974, -22.8493555 ], [ -43.0690172, -22.8493785 ], [ -43.0689721, -22.8493724 ], [ -43.0687349, -22.8494185 ], [ -43.068093, -22.8494123 ], [ -43.0679806, -22.8494634 ], [ -43.0669771, -22.8500053 ], [ -43.0673753, -22.8501805 ], [ -43.0673932, -22.8501884 ], [ -43.0673684, -22.8502236 ], [ -43.0673394, -22.8502686 ], [ -43.0672367, -22.8503278 ], [ -43.0671388, -22.8505196 ], [ -43.0671144, -22.85057 ], [ -43.0675219, -22.8506359 ], [ -43.0684082, -22.8509695 ], [ -43.0701613, -22.8516873 ], [ -43.0723631, -22.8519246 ], [ -43.072359, -22.8525632 ], [ -43.0730362, -22.8528388 ], [ -43.0733274, -22.8529664 ], [ -43.0737421, -22.8533678 ], [ -43.07501, -22.85357 ], [ -43.0752942, -22.853778 ], [ -43.0754515, -22.8539963 ], [ -43.0757484, -22.8549833 ], [ -43.0757255, -22.8553031 ], [ -43.0756942, -22.855625 ], [ -43.075692, -22.8556478 ], [ -43.0757329, -22.8556671 ], [ -43.0757384, -22.8556892 ], [ -43.0759741, -22.8561438 ], [ -43.0766607, -22.8560976 ], [ -43.0767925, -22.8555959 ] ] ] } },
{ "type": "Feature", "properties": { "id": 103, "cod_bairro": "3304904104", "nm_bairro": "Santa Catarina", "area_km2": 0.67218695269374817, "cod_munic": "3304904", "nm_munic": "São Gonçalo", "cod_uf": "33", "sig_uf": "RJ" }, "geometry": { "type": "Polygon", "coordinates": [ [ [ -43.0639926, -22.844314 ], [ -43.0646589, -22.8441854 ], [ -43.065506, -22.8437557 ], [ -43.0661246, -22.843395 ], [ -43.06522, -22.8423907 ], [ -43.0658021, -22.8404606 ], [ -43.0657445, -22.8402114 ], [ -43.0657902, -22.840171 ], [ -43.0658093, -22.8401179 ], [ -43.0658385, -22.8401356 ], [ -43.0659456, -22.8402015 ], [ -43.0666526, -22.8401484 ], [ -43.0669798, -22.8405496 ], [ -43.0669809, -22.8405488 ], [ -43.0670123, -22.8405895 ], [ -43.0677281, -22.8415153 ], [ -43.0680816, -22.8412437 ], [ -43.0680774, -22.8412392 ], [ -43.0683273, -22.8412944 ], [ -43.0687019, -22.8410977 ], [ -43.0686533, -22.8409263 ], [ -43.0686704, -22.8409146 ], [ -43.0686875, -22.840903 ], [ -43.0692392, -22.841075 ], [ -43.0699657, -22.8405415 ], [ -43.0699405, -22.840159 ], [ -43.0699389, -22.8401463 ], [ -43.0699373, -22.8401336 ], [ -43.0692926, -22.8399333 ], [ -43.0689552, -22.8397885 ], [ -43.0685303, -22.8394411 ], [ -43.0684697, -22.8393847 ], [ -43.068156, -22.8390925 ], [ -43.0678811, -22.8388433 ], [ -43.0674729, -22.8385125 ], [ -43.0670901, -22.838384 ], [ -43.0664077, -22.8383397 ], [ -43.065453, -22.8382782 ], [ -43.0651228, -22.8382259 ], [ -43.0646007, -22.8380584 ], [ -43.0641856, -22.8379075 ], [ -43.0631895, -22.8374199 ], [ -43.062874, -22.8371682 ], [ -43.0621655, -22.8366033 ], [ -43.0616321, -22.8361713 ], [ -43.0614452, -22.836059 ], [ -43.0612248, -22.8359544 ], [ -43.0609635, -22.8358338 ], [ -43.0608374, -22.8357779 ], [ -43.0607886, -22.8357952 ], [ -43.0605771, -22.8358152 ], [ -43.0589846, -22.836801 ], [ -43.0590161, -22.8369107 ], [ -43.0589695, -22.8369396 ], [ -43.0588249, -22.8369046 ], [ -43.0574795, -22.8376887 ], [ -43.05685, -22.8380889 ], [ -43.0569301, -22.8381935 ], [ -43.0569629, -22.8382327 ], [ -43.0571647, -22.8381164 ], [ -43.0572644, -22.8382161 ], [ -43.0575075, -22.8386732 ], [ -43.0577377, -22.8390071 ], [ -43.0578965, -22.8395258 ], [ -43.0578187, -22.8399018 ], [ -43.0575075, -22.8402 ], [ -43.0572644, -22.8402238 ], [ -43.0567785, -22.8413426 ], [ -43.0581715, -22.841314 ], [ -43.0599265, -22.8430925 ], [ -43.0607009, -22.8436121 ], [ -43.0610857, -22.843929 ], [ -43.061109, -22.84395 ], [ -43.0611418, -22.8439213 ], [ -43.0612981, -22.8436992 ], [ -43.0616056, -22.8437408 ], [ -43.0616636, -22.8439255 ], [ -43.0616663, -22.8439493 ], [ -43.0617127, -22.8439461 ], [ -43.0637099, -22.8438929 ], [ -43.0639394, -22.8442979 ], [ -43.0639537, -22.8443292 ], [ -43.0639926, -22.844314 ] ] ] } },
{ "type": "Feature", "properties": { "id": 104, "cod_bairro": "3304904105", "nm_bairro": "Tenente Jardim", "area_km2": 0.5626383027411217, "cod_munic": "3304904", "nm_munic": "São Gonçalo", "cod_uf": "33", "sig_uf": "RJ" }, "geometry": { "type": "Polygon", "coordinates": [ [ [ -43.0696856, -22.8677988 ], [ -43.0697149, -22.867777 ], [ -43.0697256, -22.8677684 ], [ -43.069872, -22.8676503 ], [ -43.0700697, -22.8675388 ], [ -43.0702288, -22.8674465 ], [ -43.0703231, -22.8673918 ], [ -43.0705106, -22.8672803 ], [ -43.0706427, -22.8671797 ], [ -43.0707235, -22.8671182 ], [ -43.0708806, -22.8669712 ], [ -43.0710326, -22.8668901 ], [ -43.0712657, -22.8667533 ], [ -43.0714988, -22.866581 ], [ -43.0717472, -22.8664847 ], [ -43.0720411, -22.8664745 ], [ -43.0723503, -22.8664644 ], [ -43.0725935, -22.8664391 ], [ -43.0728064, -22.8663833 ], [ -43.0729635, -22.8663428 ], [ -43.0735818, -22.8659931 ], [ -43.0737794, -22.8658816 ], [ -43.0739432, -22.8658359 ], [ -43.0741787, -22.865808 ], [ -43.0743503, -22.865788 ], [ -43.0747255, -22.865772 ], [ -43.0751526, -22.8657401 ], [ -43.0755079, -22.8656722 ], [ -43.075927, -22.8656084 ], [ -43.0761944, -22.8655645 ], [ -43.076406, -22.8655006 ], [ -43.0766056, -22.8654248 ], [ -43.0768451, -22.865329 ], [ -43.0770207, -22.865305 ], [ -43.0772642, -22.865317 ], [ -43.0775276, -22.865325 ], [ -43.0777352, -22.865337 ], [ -43.0778788, -22.8653634 ], [ -43.0780535, -22.8653956 ], [ -43.0781862, -22.8653809 ], [ -43.0783748, -22.8652919 ], [ -43.0783978, -22.8652811 ], [ -43.0786892, -22.8651893 ], [ -43.0793238, -22.8649338 ], [ -43.0795871, -22.8648186 ], [ -43.0799625, -22.8646544 ], [ -43.080127, -22.8645908 ], [ -43.0802707, -22.8645353 ], [ -43.0806131, -22.8644029 ], [ -43.0814593, -22.8641195 ], [ -43.0816268, -22.8640689 ], [ -43.0817352, -22.8640362 ], [ -43.0818167, -22.8640116 ], [ -43.0818693, -22.8639958 ], [ -43.0824188, -22.8638297 ], [ -43.0824372, -22.8638241 ], [ -43.0828336, -22.8637211 ], [ -43.0833241, -22.8635936 ], [ -43.0834354, -22.8635646 ], [ -43.083451, -22.8635606 ], [ -43.0838772, -22.8634498 ], [ -43.0842334, -22.8633571 ], [ -43.0842828, -22.8633445 ], [ -43.0844427, -22.8633038 ], [ -43.0848122, -22.8632094 ], [ -43.085056, -22.8631282 ], [ -43.0850817, -22.8631197 ], [ -43.0851595, -22.8630937 ], [ -43.0856173, -22.8628663 ], [ -43.0857315, -22.8628096 ], [ -43.0857702, -22.8627903 ], [ -43.0861294, -22.8626506 ], [ -43.0861968, -22.8626333 ], [ -43.0863728, -22.8625881 ], [ -43.0863582, -22.8625448 ], [ -43.0863225, -22.862547 ], [ -43.0857635, -22.8618598 ], [ -43.0844258, -22.8609521 ], [ -43.0829534, -22.8610747 ], [ -43.0829199, -22.8609514 ], [ -43.0827522, -22.8606399 ], [ -43.0825605, -22.8604961 ], [ -43.0821531, -22.8604602 ], [ -43.0817337, -22.8607118 ], [ -43.0814614, -22.8609475 ], [ -43.0797564, -22.860897 ], [ -43.0787364, -22.8604894 ], [ -43.077668, -22.860425 ], [ -43.0766984, -22.8603655 ], [ -43.0756981, -22.8615684 ], [ -43.0755098, -22.861654 ], [ -43.074961, -22.8619034 ], [ -43.074691, -22.86206 ], [ -43.0746609, -22.8620775 ], [ -43.0745198, -22.8621593 ], [ -43.0737483, -22.861898 ], [ -43.0731997, -22.8620941 ], [ -43.0729716, -22.8627009 ], [ -43.0725283, -22.8633712 ], [ -43.0727056, -22.8638749 ], [ -43.072981, -22.8643408 ], [ -43.0728725, -22.8646345 ], [ -43.0713031, -22.8659629 ], [ -43.0704335, -22.8670669 ], [ -43.0700484, -22.8674263 ], [ -43.0696727, -22.8677387 ], [ -43.0695647, -22.8678876 ], [ -43.0695631, -22.8678898 ], [ -43.0696703, -22.8678101 ], [ -43.0696856, -22.8677988 ] ] ] } },
{ "type": "Feature", "properties": { "id": 105, "cod_bairro": "3304904106", "nm_bairro": "Tribobó", "area_km2": 3.4997117033220513, "cod_munic": "3304904", "nm_munic": "São Gonçalo", "cod_uf": "33", "sig_uf": "RJ" }, "geometry": { "type": "Polygon", "coordinates": [ [ [ -43.0326385, -22.8662023 ], [ -43.0337666, -22.8664731 ], [ -43.0348609, -22.8670259 ], [ -43.0367224, -22.8695191 ], [ -43.0379746, -22.869237 ], [ -43.0384259, -22.8692258 ], [ -43.0391366, -22.8698124 ], [ -43.0394299, -22.8698688 ], [ -43.0396217, -22.8697334 ], [ -43.0399038, -22.8692258 ], [ -43.0400981, -22.8692017 ], [ -43.0402522, -22.8691072 ], [ -43.0403463, -22.8690495 ], [ -43.0398942, -22.8686998 ], [ -43.0401415, -22.8683186 ], [ -43.0397613, -22.8678751 ], [ -43.0397681, -22.8678391 ], [ -43.0400836, -22.8666668 ], [ -43.0405434, -22.864959 ], [ -43.0417681, -22.8643981 ], [ -43.0423099, -22.8641499 ], [ -43.0462754, -22.8631514 ], [ -43.04804, -22.8633068 ], [ -43.0480145, -22.863279 ], [ -43.0473526, -22.8595185 ], [ -43.0469421, -22.8587562 ], [ -43.0446553, -22.857044 ], [ -43.0432831, -22.8565279 ], [ -43.0418524, -22.8557891 ], [ -43.0387941, -22.8528688 ], [ -43.0356668, -22.848583 ], [ -43.0356501, -22.8485724 ], [ -43.0355421, -22.8486283 ], [ -43.0353976, -22.8487112 ], [ -43.035246, -22.8488014 ], [ -43.0351491, -22.8488638 ], [ -43.0350587, -22.8489208 ], [ -43.0349783, -22.8489794 ], [ -43.0348979, -22.8490379 ], [ -43.0347918, -22.8491026 ], [ -43.0346931, -22.8491664 ], [ -43.0345478, -22.8492532 ], [ -43.0344348, -22.8493253 ], [ -43.0343202, -22.8493908 ], [ -43.0340353, -22.8495643 ], [ -43.0339927, -22.849593 ], [ -43.033841, -22.8496994 ], [ -43.033657, -22.8498059 ], [ -43.033605, -22.8498415 ], [ -43.0333483, -22.8501194 ], [ -43.0332902, -22.8501784 ], [ -43.0330184, -22.8502807 ], [ -43.0327008, -22.8503269 ], [ -43.0325736, -22.8503075 ], [ -43.0324699, -22.8502668 ], [ -43.0323806, -22.8501776 ], [ -43.0323714, -22.8502187 ], [ -43.0323106, -22.850491 ], [ -43.032316, -22.8505086 ], [ -43.0324169, -22.8508392 ], [ -43.032305, -22.8511202 ], [ -43.0321907, -22.8513772 ], [ -43.0319431, -22.8516534 ], [ -43.0311752, -22.8517472 ], [ -43.031174, -22.8517487 ], [ -43.0310919, -22.8518494 ], [ -43.0309888, -22.852113 ], [ -43.0310019, -22.8522964 ], [ -43.0310756, -22.8525519 ], [ -43.0311293, -22.8526094 ], [ -43.0311084, -22.8526994 ], [ -43.0310784, -22.8527713 ], [ -43.0309694, -22.8529143 ], [ -43.0307743, -22.8531029 ], [ -43.0306343, -22.8532249 ], [ -43.0304014, -22.8533861 ], [ -43.0303233, -22.8534402 ], [ -43.0302003, -22.8535253 ], [ -43.0300194, -22.8536555 ], [ -43.0297283, -22.8538656 ], [ -43.0294864, -22.8540362 ], [ -43.0291072, -22.8543008 ], [ -43.0288691, -22.8544611 ], [ -43.0285473, -22.8546969 ], [ -43.0284155, -22.8547862 ], [ -43.028242, -22.8549518 ], [ -43.0279442, -22.8551603 ], [ -43.0275468, -22.8553016 ], [ -43.0270967, -22.8554662 ], [ -43.0264418, -22.8556998 ], [ -43.026234, -22.8557895 ], [ -43.0261456, -22.8558279 ], [ -43.0252338, -22.8562238 ], [ -43.0236856, -22.8545018 ], [ -43.0235829, -22.8543907 ], [ -43.0235401, -22.8543443 ], [ -43.0235288, -22.8543321 ], [ -43.022725, -22.8544089 ], [ -43.0224888, -22.8544435 ], [ -43.0223537, -22.8544688 ], [ -43.0221782, -22.854527 ], [ -43.0219875, -22.854587 ], [ -43.0217841, -22.8546924 ], [ -43.0216059, -22.8548388 ], [ -43.0214581, -22.8549521 ], [ -43.0213697, -22.8550285 ], [ -43.0208837, -22.8556796 ], [ -43.0206305, -22.856009 ], [ -43.0206483, -22.8560409 ], [ -43.0206572, -22.8560569 ], [ -43.0206661, -22.8560729 ], [ -43.0206698, -22.8561221 ], [ -43.0206698, -22.8561528 ], [ -43.0206698, -22.8561835 ], [ -43.0206479, -22.8562302 ], [ -43.0206075, -22.8563342 ], [ -43.0205304, -22.856475 ], [ -43.0204265, -22.8566593 ], [ -43.020393, -22.8568 ], [ -43.0203729, -22.8571351 ], [ -43.0204634, -22.8577919 ], [ -43.0205095, -22.8580683 ], [ -43.0205707, -22.8583441 ], [ -43.0207462, -22.8589864 ], [ -43.0207508, -22.8589958 ], [ -43.0208219, -22.8591423 ], [ -43.0208488, -22.859283 ], [ -43.0208286, -22.859407 ], [ -43.0207884, -22.8595846 ], [ -43.0206745, -22.8598192 ], [ -43.0204859, -22.8602285 ], [ -43.0203009, -22.8607156 ], [ -43.0202795, -22.8607942 ], [ -43.0202791, -22.8607956 ], [ -43.0202733, -22.8608165 ], [ -43.0202674, -22.8608379 ], [ -43.0202602, -22.8608693 ], [ -43.0202456, -22.8609334 ], [ -43.0201802, -22.86124 ], [ -43.020135, -22.8615265 ], [ -43.0201227, -22.8617755 ], [ -43.0200043, -22.8619705 ], [ -43.0197149, -22.8624114 ], [ -43.0196471, -22.8625141 ], [ -43.0195734, -22.862714 ], [ -43.0193844, -22.8631965 ], [ -43.0194325, -22.8633169 ], [ -43.0195516, -22.8636275 ], [ -43.0196561, -22.8639424 ], [ -43.0196965, -22.8641749 ], [ -43.0196799, -22.8643719 ], [ -43.0196273, -22.8644947 ], [ -43.0195737, -22.8646114 ], [ -43.0195363, -22.8646926 ], [ -43.0194047, -22.8648944 ], [ -43.0194509, -22.8648998 ], [ -43.0202221, -22.8646507 ], [ -43.0203806, -22.8645995 ], [ -43.0206893, -22.8645571 ], [ -43.0207554, -22.864548 ], [ -43.0208826, -22.8645786 ], [ -43.0210692, -22.8647022 ], [ -43.0211136, -22.8647181 ], [ -43.0216402, -22.8647251 ], [ -43.0224462, -22.8655349 ], [ -43.0223189, -22.8659179 ], [ -43.0223138, -22.8659604 ], [ -43.0223692, -22.8659697 ], [ -43.0231517, -22.8661759 ], [ -43.0234293, -22.8660915 ], [ -43.0239483, -22.8656328 ], [ -43.024588, -22.8652466 ], [ -43.0252518, -22.8650293 ], [ -43.0260604, -22.8648 ], [ -43.0262777, -22.8643052 ], [ -43.0255836, -22.8639278 ], [ -43.0255304, -22.8637414 ], [ -43.025766, -22.8635538 ], [ -43.0267928, -22.8633651 ], [ -43.0268619, -22.8632688 ], [ -43.026655, -22.8624106 ], [ -43.0266151, -22.862171 ], [ -43.0267615, -22.8619381 ], [ -43.0270077, -22.861805 ], [ -43.0271979, -22.8617474 ], [ -43.0274735, -22.861825 ], [ -43.0276731, -22.8620512 ], [ -43.0280553, -22.862856 ], [ -43.0281551, -22.8631022 ], [ -43.0285677, -22.8637876 ], [ -43.0287407, -22.8638608 ], [ -43.0289403, -22.8637943 ], [ -43.0291327, -22.8635608 ], [ -43.029412, -22.8634377 ], [ -43.0297189, -22.863415 ], [ -43.0301581, -22.8636013 ], [ -43.0304296, -22.8640034 ], [ -43.0305339, -22.8642418 ], [ -43.0307713, -22.8642925 ], [ -43.0316231, -22.8647921 ], [ -43.0322887, -22.865029 ], [ -43.0324579, -22.8653562 ], [ -43.0326385, -22.8662023 ] ] ] } },
{ "type": "Feature", "properties": { "id": 106, "cod_bairro": "3304904107", "nm_bairro": "Venda da Cruz", "area_km2": 0.7734170622115164, "cod_munic": "3304904", "nm_munic": "São Gonçalo", "cod_uf": "33", "sig_uf": "RJ" }, "geometry": { "type": "Polygon", "coordinates": [ [ [ -43.0899853, -22.8620798 ], [ -43.0901929, -22.8621198 ], [ -43.0902886, -22.8620798 ], [ -43.0905019, -22.8618836 ], [ -43.0906918, -22.8617885 ], [ -43.0908515, -22.8617525 ], [ -43.0909265, -22.8617425 ], [ -43.0910311, -22.8617286 ], [ -43.0913185, -22.8616927 ], [ -43.0915061, -22.8616807 ], [ -43.0917496, -22.8617086 ], [ -43.0919364, -22.861697 ], [ -43.0920489, -22.8616527 ], [ -43.0921966, -22.861521 ], [ -43.0923443, -22.8614651 ], [ -43.0925758, -22.8613733 ], [ -43.0927435, -22.8612456 ], [ -43.0928632, -22.8612097 ], [ -43.0929804, -22.8611493 ], [ -43.0931426, -22.8611338 ], [ -43.0933462, -22.8611219 ], [ -43.0933926, -22.8611031 ], [ -43.0935138, -22.861054 ], [ -43.0937853, -22.8610141 ], [ -43.0940846, -22.8609622 ], [ -43.0942534, -22.860928 ], [ -43.0943193, -22.8609146 ], [ -43.09436, -22.8609063 ], [ -43.0945577, -22.860846 ], [ -43.0945955, -22.8608345 ], [ -43.0946094, -22.8608265 ], [ -43.0948725, -22.8606754 ], [ -43.0948229, -22.8606184 ], [ -43.0947475, -22.8605317 ], [ -43.0944851, -22.860525 ], [ -43.0944615, -22.8605206 ], [ -43.0944493, -22.860503 ], [ -43.0944554, -22.8604993 ], [ -43.0944449, -22.8604885 ], [ -43.0944484, -22.8604824 ], [ -43.0945021, -22.8603431 ], [ -43.0943723, -22.8601302 ], [ -43.0942215, -22.8601388 ], [ -43.0941893, -22.8600901 ], [ -43.0942858, -22.8599239 ], [ -43.094013, -22.8595047 ], [ -43.0941189, -22.8592719 ], [ -43.0941678, -22.8592464 ], [ -43.0943324, -22.859325 ], [ -43.0944189, -22.8592784 ], [ -43.0943807, -22.8591323 ], [ -43.0943984, -22.8591071 ], [ -43.0943951, -22.8591051 ], [ -43.0943562, -22.8591019 ], [ -43.0943204, -22.8590991 ], [ -43.0939631, -22.8590658 ], [ -43.0935946, -22.8588234 ], [ -43.0935795, -22.8585563 ], [ -43.0935563, -22.8585323 ], [ -43.0935426, -22.8585182 ], [ -43.0933616, -22.8584317 ], [ -43.0932277, -22.8583886 ], [ -43.0932298, -22.8582784 ], [ -43.0932045, -22.8582476 ], [ -43.0931587, -22.8581698 ], [ -43.0931145, -22.858152 ], [ -43.0930063, -22.8580414 ], [ -43.0928831, -22.8578176 ], [ -43.0927963, -22.8573775 ], [ -43.092737, -22.8571858 ], [ -43.0925401, -22.8570005 ], [ -43.0923246, -22.8568306 ], [ -43.0921672, -22.8566856 ], [ -43.092017, -22.8565085 ], [ -43.091805, -22.8561741 ], [ -43.0919462, -22.8560293 ], [ -43.0919624, -22.8560127 ], [ -43.0917869, -22.8560503 ], [ -43.0916102, -22.8560725 ], [ -43.0915595, -22.8560822 ], [ -43.0890447, -22.8564869 ], [ -43.0889181, -22.8564458 ], [ -43.088773, -22.8564259 ], [ -43.0886659, -22.8563981 ], [ -43.0885388, -22.8563872 ], [ -43.0884027, -22.8563683 ], [ -43.0883057, -22.8563574 ], [ -43.0878184, -22.8563439 ], [ -43.0875352, -22.8563491 ], [ -43.0873891, -22.8563842 ], [ -43.087252, -22.8563824 ], [ -43.0866658, -22.8564114 ], [ -43.0864854, -22.8564586 ], [ -43.0863494, -22.856503 ], [ -43.0861884, -22.8565062 ], [ -43.0859248, -22.8564253 ], [ -43.0856695, -22.8563559 ], [ -43.0854503, -22.856256 ], [ -43.0852144, -22.856206 ], [ -43.0849619, -22.856181 ], [ -43.0846705, -22.8561505 ], [ -43.0845161, -22.8561351 ], [ -43.084292, -22.8561422 ], [ -43.0840879, -22.8561125 ], [ -43.0837066, -22.8561358 ], [ -43.0836096, -22.8561339 ], [ -43.0835025, -22.856106 ], [ -43.0834444, -22.8560961 ], [ -43.0833664, -22.8560951 ], [ -43.0833074, -22.8561132 ], [ -43.0832094, -22.8561662 ], [ -43.0831403, -22.8561922 ], [ -43.0830354, -22.8562086 ], [ -43.0830166, -22.8562116 ], [ -43.0829946, -22.8562223 ], [ -43.0824796, -22.8564733 ], [ -43.0824302, -22.8564974 ], [ -43.082431, -22.8564989 ], [ -43.0823984, -22.8565162 ], [ -43.0823951, -22.8565406 ], [ -43.0822676, -22.8568247 ], [ -43.0813193, -22.8575307 ], [ -43.0808138, -22.8578081 ], [ -43.0805211, -22.8579074 ], [ -43.0801241, -22.8579074 ], [ -43.0798212, -22.8579565 ], [ -43.0796626, -22.8581753 ], [ -43.0797564, -22.860897 ], [ -43.0814614, -22.8609475 ], [ -43.0817337, -22.8607118 ], [ -43.0821531, -22.8604602 ], [ -43.0825605, -22.8604961 ], [ -43.0827522, -22.8606399 ], [ -43.0829199, -22.8609514 ], [ -43.0829534, -22.8610747 ], [ -43.0844258, -22.8609521 ], [ -43.0857635, -22.8618598 ], [ -43.0863225, -22.862547 ], [ -43.0863582, -22.8625448 ], [ -43.0863728, -22.8625881 ], [ -43.0864248, -22.8625748 ], [ -43.0864899, -22.8625559 ], [ -43.0866723, -22.8625029 ], [ -43.0868719, -22.8624431 ], [ -43.0868832, -22.8624395 ], [ -43.0868967, -22.8624352 ], [ -43.0871992, -22.8623393 ], [ -43.0873069, -22.862291 ], [ -43.0875576, -22.8621786 ], [ -43.0875631, -22.8621758 ], [ -43.0880254, -22.8619361 ], [ -43.088253, -22.8618563 ], [ -43.0885164, -22.8617805 ], [ -43.0888237, -22.8617605 ], [ -43.0890273, -22.8617605 ], [ -43.0892508, -22.8618124 ], [ -43.0894424, -22.8618842 ], [ -43.0897019, -22.86198 ], [ -43.0899111, -22.8620537 ], [ -43.0899853, -22.8620798 ] ] ] } },
{ "type": "Feature", "properties": { "id": 107, "cod_bairro": "3304904108", "nm_bairro": "Zumbi", "area_km2": 1.755240861349459, "cod_munic": "3304904", "nm_munic": "São Gonçalo", "cod_uf": "33", "sig_uf": "RJ" }, "geometry": { "type": "Polygon", "coordinates": [ [ [ -43.0681554, -22.8575373 ], [ -43.0685786, -22.8576755 ], [ -43.0694683, -22.857913 ], [ -43.0699303, -22.8580555 ], [ -43.0711913, -22.8584614 ], [ -43.0734888, -22.8596274 ], [ -43.0742575, -22.8600161 ], [ -43.0747498, -22.8605257 ], [ -43.0755098, -22.861654 ], [ -43.0756981, -22.8615684 ], [ -43.0766984, -22.8603655 ], [ -43.0763468, -22.8584533 ], [ -43.0759741, -22.8561438 ], [ -43.0757384, -22.8556892 ], [ -43.0757329, -22.8556671 ], [ -43.075692, -22.8556478 ], [ -43.0756942, -22.855625 ], [ -43.0757255, -22.8553031 ], [ -43.0757484, -22.8549833 ], [ -43.0754515, -22.8539963 ], [ -43.0752942, -22.853778 ], [ -43.07501, -22.85357 ], [ -43.0737421, -22.8533678 ], [ -43.0733274, -22.8529664 ], [ -43.0730362, -22.8528388 ], [ -43.072359, -22.8525632 ], [ -43.0723631, -22.8519246 ], [ -43.0701613, -22.8516873 ], [ -43.0684082, -22.8509695 ], [ -43.0675219, -22.8506359 ], [ -43.0671144, -22.85057 ], [ -43.0671388, -22.8505196 ], [ -43.0672367, -22.8503278 ], [ -43.0673394, -22.8502686 ], [ -43.0673684, -22.8502236 ], [ -43.0673932, -22.8501884 ], [ -43.0673753, -22.8501805 ], [ -43.0669771, -22.8500053 ], [ -43.0669084, -22.8499751 ], [ -43.0667562, -22.8499081 ], [ -43.0651014, -22.8495837 ], [ -43.0629814, -22.84911 ], [ -43.0603789, -22.8481669 ], [ -43.0595289, -22.847872 ], [ -43.0593058, -22.8477946 ], [ -43.0581341, -22.8476741 ], [ -43.0571688, -22.8478318 ], [ -43.057061, -22.8478494 ], [ -43.0565792, -22.8480903 ], [ -43.0559331, -22.8478494 ], [ -43.0551556, -22.8473128 ], [ -43.0549496, -22.8477352 ], [ -43.0549327, -22.8477744 ], [ -43.0548911, -22.8477776 ], [ -43.0547096, -22.8477556 ], [ -43.0545429, -22.8480014 ], [ -43.0547684, -22.8481342 ], [ -43.0547976, -22.8481489 ], [ -43.0547508, -22.8482212 ], [ -43.0539891, -22.8489869 ], [ -43.0539738, -22.8497149 ], [ -43.0545869, -22.8507342 ], [ -43.0549212, -22.8506938 ], [ -43.0549517, -22.8507423 ], [ -43.0549514, -22.8507538 ], [ -43.0549421, -22.8512174 ], [ -43.0543379, -22.8518114 ], [ -43.0542918, -22.8519343 ], [ -43.0543517, -22.8520565 ], [ -43.0557517, -22.8525045 ], [ -43.0562729, -22.8526808 ], [ -43.0568017, -22.8528953 ], [ -43.0571848, -22.8531406 ], [ -43.0574301, -22.8536617 ], [ -43.057709, -22.8537687 ], [ -43.0577071, -22.8537697 ], [ -43.0576947, -22.8537766 ], [ -43.0574652, -22.8543162 ], [ -43.0587112, -22.855341 ], [ -43.0587811, -22.8560281 ], [ -43.059375, -22.8570878 ], [ -43.0596196, -22.8573323 ], [ -43.0600726, -22.8575155 ], [ -43.0604222, -22.8571516 ], [ -43.0608628, -22.8569186 ], [ -43.0613744, -22.8569794 ], [ -43.0618606, -22.8572023 ], [ -43.062124, -22.8574302 ], [ -43.062353, -22.8573179 ], [ -43.0623635, -22.8573128 ], [ -43.0623705, -22.8573158 ], [ -43.063555, -22.8578183 ], [ -43.0657009, -22.8573646 ], [ -43.0660474, -22.8572394 ], [ -43.0662995, -22.8571249 ], [ -43.0666537, -22.8571249 ], [ -43.0674871, -22.857086 ], [ -43.0681554, -22.8575373 ] ] ] } },
{ "type": "Feature", "properties": { "id": 108, "cod_bairro": "3304904109", "nm_bairro": "Jardim Alcântara", "area_km2": 0.60101873598835998, "cod_munic": "3304904", "nm_munic": "São Gonçalo", "cod_uf": "33", "sig_uf": "RJ" }, "geometry": { "type": "Polygon", "coordinates": [ [ [ -43.0100833, -22.8382835 ], [ -43.0103257, -22.8385393 ], [ -43.0104159, -22.8386411 ], [ -43.0105761, -22.8388218 ], [ -43.0106517, -22.8389343 ], [ -43.0108041, -22.839004 ], [ -43.0108107, -22.8389942 ], [ -43.010821, -22.838979 ], [ -43.0108407, -22.8389499 ], [ -43.010919, -22.8388342 ], [ -43.0110722, -22.8385497 ], [ -43.0111597, -22.8384418 ], [ -43.0114364, -22.8382323 ], [ -43.0115443, -22.8380932 ], [ -43.0115459, -22.837976 ], [ -43.0115298, -22.8379142 ], [ -43.0115137, -22.8378525 ], [ -43.0113248, -22.8375849 ], [ -43.0111035, -22.8373053 ], [ -43.0108202, -22.8370661 ], [ -43.0105336, -22.8368281 ], [ -43.0102499, -22.8365627 ], [ -43.0101281, -22.8364503 ], [ -43.0101021, -22.8364263 ], [ -43.0100787, -22.836387 ], [ -43.0100326, -22.8363095 ], [ -43.0099935, -22.8362579 ], [ -43.0098841, -22.836165 ], [ -43.0096304, -22.8359482 ], [ -43.0092107, -22.835584 ], [ -43.0091301, -22.8355131 ], [ -43.0089767, -22.8353752 ], [ -43.0088515, -22.8352564 ], [ -43.008732, -22.835123 ], [ -43.0086303, -22.8350026 ], [ -43.0085193, -22.8348861 ], [ -43.0083823, -22.8347285 ], [ -43.0082432, -22.8345867 ], [ -43.0081007, -22.8344647 ], [ -43.0078928, -22.8342874 ], [ -43.0074716, -22.8338603 ], [ -43.0072859, -22.8336941 ], [ -43.007153, -22.833555 ], [ -43.0070811, -22.8334861 ], [ -43.0068576, -22.8332814 ], [ -43.0067591, -22.8331767 ], [ -43.00667, -22.8330313 ], [ -43.0066168, -22.8329109 ], [ -43.0066028, -22.8327139 ], [ -43.0066387, -22.8324966 ], [ -43.0067137, -22.8323372 ], [ -43.0068654, -22.8321965 ], [ -43.0071468, -22.8319698 ], [ -43.0073187, -22.8317259 ], [ -43.0074313, -22.8314695 ], [ -43.0075235, -22.8312382 ], [ -43.0076971, -22.8308974 ], [ -43.0079315, -22.8304909 ], [ -43.0081916, -22.8301424 ], [ -43.0083415, -22.8298196 ], [ -43.0083943, -22.8295228 ], [ -43.008381, -22.8291161 ], [ -43.0083649, -22.8288813 ], [ -43.0083468, -22.8287555 ], [ -43.0082226, -22.8285637 ], [ -43.0080594, -22.828409 ], [ -43.0079732, -22.8282992 ], [ -43.0078319, -22.8279276 ], [ -43.0078229, -22.8279007 ], [ -43.0077765, -22.8278107 ], [ -43.0075283, -22.8273294 ], [ -43.0074431, -22.8271656 ], [ -43.0072518, -22.826902 ], [ -43.0069144, -22.8266186 ], [ -43.006567, -22.8263711 ], [ -43.0063067, -22.8261515 ], [ -43.0061725, -22.8260148 ], [ -43.0061054, -22.8259319 ], [ -43.0061454, -22.825825 ], [ -43.0062254, -22.825708 ], [ -43.0062392, -22.8254282 ], [ -43.0062584, -22.8252435 ], [ -43.0048529, -22.8250421 ], [ -43.0024023, -22.8247221 ], [ -43.0016946, -22.8246156 ], [ -43.0014761, -22.824583 ], [ -43.0012993, -22.8245804 ], [ -43.0007844, -22.8245679 ], [ -43.0006071, -22.8246085 ], [ -43.00054, -22.8246081 ], [ -43.0004805, -22.8246092 ], [ -43.0004515, -22.8253076 ], [ -43.0004976, -22.8259229 ], [ -43.0005136, -22.8261362 ], [ -43.0005252, -22.8262917 ], [ -43.0006165, -22.8267072 ], [ -43.0006989, -22.8271418 ], [ -43.000736, -22.8272776 ], [ -43.0007731, -22.8274135 ], [ -43.0009906, -22.8278669 ], [ -43.0011208, -22.8281385 ], [ -43.0013603, -22.8286379 ], [ -43.0015607, -22.8289564 ], [ -43.001742, -22.829238 ], [ -43.0018942, -22.8294827 ], [ -43.0025752, -22.8302484 ], [ -43.0026865, -22.8303667 ], [ -43.0029143, -22.8306086 ], [ -43.0037948, -22.8315442 ], [ -43.0047361, -22.8325565 ], [ -43.0052258, -22.8330766 ], [ -43.00611, -22.834007 ], [ -43.0062018, -22.8340967 ], [ -43.0079488, -22.8360093 ], [ -43.008432, -22.8365408 ], [ -43.0100833, -22.8382835 ] ] ] } },
{ "type": "Feature", "properties": { "id": 109, "cod_bairro": "3304904110", "nm_bairro": "Apolo III", "area_km2": 1.6412855212806801, "cod_munic": "3304904", "nm_munic": "São Gonçalo", "cod_uf": "33", "sig_uf": "RJ" }, "geometry": { "type": "Polygon", "coordinates": [ [ [ -42.9462715, -22.7926089 ], [ -42.946682, -22.7927576 ], [ -42.9473837, -22.7930116 ], [ -42.947466, -22.7928522 ], [ -42.9474812, -22.7928229 ], [ -42.9474683, -22.7928035 ], [ -42.9469839, -22.7920736 ], [ -42.947691, -22.790564 ], [ -42.9481069, -22.7904026 ], [ -42.948144, -22.7903813 ], [ -42.9481433, -22.7903407 ], [ -42.9479689, -22.7900747 ], [ -42.9486513, -22.7886819 ], [ -42.9489836, -22.7886757 ], [ -42.9488481, -22.7885895 ], [ -42.9488654, -22.7885487 ], [ -42.9486795, -22.7882873 ], [ -42.9495493, -22.7865533 ], [ -42.9498665, -22.7865085 ], [ -42.9498795, -22.7864839 ], [ -42.950005, -22.786534 ], [ -42.9500104, -22.7865228 ], [ -42.9499043, -22.7862339 ], [ -42.9503928, -22.7854516 ], [ -42.9506445, -22.7854001 ], [ -42.9506641, -22.7853624 ], [ -42.9506058, -22.7852338 ], [ -42.9507909, -22.7848866 ], [ -42.950954, -22.7848057 ], [ -42.9509855, -22.7847622 ], [ -42.9509048, -22.7846521 ], [ -42.9509371, -22.7845858 ], [ -42.9510909, -22.7845722 ], [ -42.9511134, -22.7845446 ], [ -42.9511289, -22.7845241 ], [ -42.9510424, -22.7843156 ], [ -42.9513024, -22.783748 ], [ -42.9515406, -22.7837076 ], [ -42.9515612, -22.7836537 ], [ -42.9514707, -22.7833096 ], [ -42.9520786, -22.7820542 ], [ -42.952458, -22.7819416 ], [ -42.9524811, -22.781914 ], [ -42.9524852, -22.7818906 ], [ -42.9523484, -22.7816348 ], [ -42.9529192, -22.7805638 ], [ -42.9531521, -22.7805105 ], [ -42.9531818, -22.7805152 ], [ -42.9531637, -22.7804893 ], [ -42.9530772, -22.7802145 ], [ -42.9539914, -22.7784825 ], [ -42.954227, -22.7784869 ], [ -42.9543119, -22.7784885 ], [ -42.954338, -22.778489 ], [ -42.9543453, -22.7784756 ], [ -42.9543565, -22.7784552 ], [ -42.9543635, -22.7784423 ], [ -42.9546207, -22.7779706 ], [ -42.9546505, -22.7779173 ], [ -42.9546873, -22.7778485 ], [ -42.9501196, -22.7768468 ], [ -42.9457972, -22.7758578 ], [ -42.9448572, -22.775643 ], [ -42.941841, -22.7750412 ], [ -42.9416622, -22.7750055 ], [ -42.9415211, -22.7749645 ], [ -42.9414779, -22.7750292 ], [ -42.9414727, -22.7750369 ], [ -42.9408271, -22.7760051 ], [ -42.940811, -22.7760292 ], [ -42.9405702, -22.7763904 ], [ -42.9405241, -22.7764528 ], [ -42.9404507, -22.7765521 ], [ -42.9403201, -22.7766719 ], [ -42.9403695, -22.7769616 ], [ -42.9404154, -22.777044 ], [ -42.9405102, -22.7772139 ], [ -42.9407768, -22.7776919 ], [ -42.9408923, -22.7779298 ], [ -42.9409227, -22.7779922 ], [ -42.9411794, -22.7782876 ], [ -42.9415087, -22.778498 ], [ -42.9415621, -22.7786167 ], [ -42.9415703, -22.7786491 ], [ -42.9416112, -22.7788102 ], [ -42.9416255, -22.7792341 ], [ -42.9416274, -22.7792905 ], [ -42.9415777, -22.7795896 ], [ -42.9416004, -22.7798241 ], [ -42.9415893, -22.7798486 ], [ -42.9415367, -22.7799646 ], [ -42.9419409, -22.7803234 ], [ -42.9422673, -22.7806098 ], [ -42.9423135, -22.7807148 ], [ -42.9423992, -22.7819065 ], [ -42.9423276, -22.7823438 ], [ -42.9422887, -22.7825817 ], [ -42.9421813, -22.7827383 ], [ -42.9422064, -22.7829332 ], [ -42.942217, -22.7830396 ], [ -42.9422342, -22.7832136 ], [ -42.9422341, -22.7832172 ], [ -42.9423858, -22.7838895 ], [ -42.9424133, -22.7840076 ], [ -42.9424891, -22.7843322 ], [ -42.9422772, -22.7851155 ], [ -42.9420938, -22.7857933 ], [ -42.9420626, -22.7859182 ], [ -42.942056, -22.7859446 ], [ -42.9415075, -22.7881384 ], [ -42.9414211, -22.7884839 ], [ -42.9414288, -22.7886017 ], [ -42.9418761, -22.7896192 ], [ -42.9422992, -22.7906125 ], [ -42.942365, -22.7908021 ], [ -42.9423951, -22.7908891 ], [ -42.942483, -22.7911423 ], [ -42.9425189, -22.7912458 ], [ -42.9426554, -22.7912924 ], [ -42.942734, -22.79132 ], [ -42.9431028, -22.7914627 ], [ -42.9437474, -22.7917044 ], [ -42.9438448, -22.7917418 ], [ -42.9438959, -22.7917612 ], [ -42.9438972, -22.7917617 ], [ -42.944545, -22.7919973 ], [ -42.9445468, -22.7919979 ], [ -42.9445808, -22.7920099 ], [ -42.9446239, -22.792025 ], [ -42.9447101, -22.7920549 ], [ -42.9449214, -22.7921295 ], [ -42.9462715, -22.7926089 ] ] ] } }
]
}
