{
"type": "FeatureCollection",
"name": "distritos",
"crs": { "type": "name", "properties": { "name": "urn:ogc:def:crs:EPSG::4674" } },
"features": [
{ "type": "Feature", "properties": { "id": 0, "cod_distr": "330490405", "ord_distr": "1º Distrito", "nm_distr": "São Gonçalo", "area_km2": 67.202823078428594, "cod_munic": "3304904", "nm_munic": "São Gonçalo", "cod_uf": "33", "sig_uf": "RJ" }, "geometry": { "type": "MultiPolygon", "coordinates": [ [ [ [ -43.0475487, -22.8395527 ], [ -43.0474083, -22.8391542 ], [ -43.0473712, -22.8390004 ], [ -43.047287, -22.8387646 ], [ -43.0472308, -22.8385569 ], [ -43.0472141, -22.8384242 ], [ -43.0472137, -22.838421 ], [ -43.0471956, -22.8382941 ], [ -43.0471741, -22.8381254 ], [ -43.0471651, -22.8379911 ], [ -43.0471303, -22.8378379 ], [ -43.0470881, -22.8376402 ], [ -43.0470609, -22.8375308 ], [ -43.0470255, -22.8374244 ], [ -43.0469825, -22.8372509 ], [ -43.0469493, -22.8370487 ], [ -43.0469025, -22.8368864 ], [ -43.0468565, -22.8366556 ], [ -43.0468082, -22.83647 ], [ -43.0467554, -22.8362349 ], [ -43.0467095, -22.8359851 ], [ -43.0466479, -22.8356305 ], [ -43.0466543, -22.8355286 ], [ -43.046699, -22.8354532 ], [ -43.0466885, -22.8353678 ], [ -43.0466938, -22.835253 ], [ -43.0467016, -22.8351409 ], [ -43.0467277, -22.8349765 ], [ -43.0468085, -22.8347757 ], [ -43.046905, -22.8345827 ], [ -43.0470042, -22.8343636 ], [ -43.0470954, -22.8341523 ], [ -43.0471998, -22.8338523 ], [ -43.0473641, -22.8334864 ], [ -43.0484281, -22.8334878 ], [ -43.048769, -22.833529 ], [ -43.0489674, -22.8335472 ], [ -43.0499741, -22.8337078 ], [ -43.0501642, -22.8337621 ], [ -43.0507729, -22.8339003 ], [ -43.0508754, -22.8339231 ], [ -43.0517402, -22.8341704 ], [ -43.0523571, -22.8343468 ], [ -43.0529773, -22.8346115 ], [ -43.0536544, -22.8349931 ], [ -43.0538966, -22.8351318 ], [ -43.0543323, -22.8353371 ], [ -43.0548491, -22.8355165 ], [ -43.0556336, -22.8354533 ], [ -43.0563011, -22.8354036 ], [ -43.0564857, -22.8353899 ], [ -43.0567629, -22.835359 ], [ -43.0568929, -22.8353445 ], [ -43.0573338, -22.8351832 ], [ -43.0579062, -22.8348681 ], [ -43.058273, -22.834773 ], [ -43.0586166, -22.8348055 ], [ -43.0588316, -22.8348985 ], [ -43.0594521, -22.8351582 ], [ -43.0594711, -22.8351677 ], [ -43.0608374, -22.8357779 ], [ -43.0609635, -22.8358338 ], [ -43.0612248, -22.8359544 ], [ -43.0608339, -22.8354376 ], [ -43.0606821, -22.8350313 ], [ -43.0605366, -22.8346985 ], [ -43.0604328, -22.834474 ], [ -43.0600877, -22.8337137 ], [ -43.05984, -22.8331407 ], [ -43.0597819, -22.8330064 ], [ -43.0596624, -22.8327289 ], [ -43.0596329, -22.8326723 ], [ -43.0595721, -22.8326116 ], [ -43.0595624, -22.8326018 ], [ -43.0592111, -22.8322484 ], [ -43.0583043, -22.8312803 ], [ -43.0581102, -22.8310887 ], [ -43.0578845, -22.8308406 ], [ -43.0576506, -22.830572 ], [ -43.0566998, -22.8295377 ], [ -43.0565963, -22.8294124 ], [ -43.0558089, -22.8285641 ], [ -43.0557851, -22.8285229 ], [ -43.0557251, -22.828419 ], [ -43.0556971, -22.8283705 ], [ -43.0551249, -22.8284341 ], [ -43.0549817, -22.8284045 ], [ -43.0550155, -22.8282614 ], [ -43.0549884, -22.827908 ], [ -43.0548979, -22.8270805 ], [ -43.0548419, -22.8269717 ], [ -43.054838, -22.8268682 ], [ -43.0548618, -22.826741 ], [ -43.0549056, -22.8267012 ], [ -43.0549533, -22.8266534 ], [ -43.0550433, -22.8265698 ], [ -43.0551122, -22.826505 ], [ -43.0551865, -22.8264119 ], [ -43.0552199, -22.8263757 ], [ -43.0552925, -22.8262971 ], [ -43.0553769, -22.8261783 ], [ -43.0554484, -22.8260838 ], [ -43.0555375, -22.8259285 ], [ -43.055655, -22.825734 ], [ -43.0558102, -22.8254903 ], [ -43.0560534, -22.825133 ], [ -43.0560849, -22.8250867 ], [ -43.0561201, -22.8249884 ], [ -43.0563371, -22.8247295 ], [ -43.056426, -22.8245674 ], [ -43.0564692, -22.8244257 ], [ -43.0564719, -22.8243068 ], [ -43.0564518, -22.8241898 ], [ -43.0563576, -22.8239901 ], [ -43.0562814, -22.8238093 ], [ -43.0561853, -22.8237085 ], [ -43.055955, -22.8234709 ], [ -43.0556874, -22.8232509 ], [ -43.0556024, -22.8231996 ], [ -43.0553026, -22.8231645 ], [ -43.0550433, -22.8232536 ], [ -43.0547919, -22.8230163 ], [ -43.0546277, -22.8229056 ], [ -43.054563, -22.8228209 ], [ -43.0544545, -22.8226789 ], [ -43.0544164, -22.822651 ], [ -43.0543384, -22.8226411 ], [ -43.0540962, -22.8225753 ], [ -43.053873, -22.8224736 ], [ -43.0537378, -22.8223818 ], [ -43.0536698, -22.8223449 ], [ -43.0535546, -22.8222621 ], [ -43.0534104, -22.8221074 ], [ -43.0532952, -22.8219436 ], [ -43.0532101, -22.8217618 ], [ -43.0532048, -22.8214371 ], [ -43.0532148, -22.8214011 ], [ -43.0532448, -22.8213651 ], [ -43.0533538, -22.8212581 ], [ -43.0534244, -22.8211799 ], [ -43.0534818, -22.8211161 ], [ -43.0535018, -22.8210801 ], [ -43.0535617, -22.8209542 ], [ -43.0536227, -22.8208103 ], [ -43.0537126, -22.8206223 ], [ -43.0537248, -22.8205945 ], [ -43.0537835, -22.8204604 ], [ -43.0538535, -22.8203445 ], [ -43.0539625, -22.8202005 ], [ -43.0540424, -22.8200216 ], [ -43.0540643, -22.8198777 ], [ -43.0540852, -22.8197508 ], [ -43.0540764, -22.81964 ], [ -43.0540557, -22.8190474 ], [ -43.0540966, -22.8188765 ], [ -43.0542025, -22.8187097 ], [ -43.0542166, -22.8186875 ], [ -43.0543455, -22.8184996 ], [ -43.0545945, -22.8181417 ], [ -43.0547853, -22.8177468 ], [ -43.0548117, -22.8175535 ], [ -43.0548172, -22.817522 ], [ -43.054821, -22.8172243 ], [ -43.0548919, -22.8170443 ], [ -43.0549125, -22.8169966 ], [ -43.0549418, -22.8169284 ], [ -43.0549507, -22.8167597 ], [ -43.0549464, -22.8166296 ], [ -43.0549676, -22.8164768 ], [ -43.0549995, -22.8163059 ], [ -43.0550804, -22.816081 ], [ -43.0551213, -22.8159551 ], [ -43.0551579, -22.8157921 ], [ -43.0550727, -22.8156104 ], [ -43.0549897, -22.8155073 ], [ -43.0549269, -22.8154108 ], [ -43.0548485, -22.8152135 ], [ -43.0548058, -22.8150274 ], [ -43.0548382, -22.8149394 ], [ -43.0548512, -22.814904 ], [ -43.0548934, -22.8147893 ], [ -43.0549633, -22.8146453 ], [ -43.0549878, -22.8146278 ], [ -43.0550123, -22.8146103 ], [ -43.0550813, -22.8145743 ], [ -43.0551784, -22.8145852 ], [ -43.0552174, -22.8145762 ], [ -43.0552574, -22.8145591 ], [ -43.0553354, -22.8145231 ], [ -43.0555505, -22.814454 ], [ -43.0558846, -22.8143038 ], [ -43.0561197, -22.8141897 ], [ -43.0561507, -22.8140817 ], [ -43.0561625, -22.8138829 ], [ -43.0562444, -22.813641 ], [ -43.0563653, -22.8132992 ], [ -43.0564861, -22.8130293 ], [ -43.0565561, -22.8128684 ], [ -43.056627, -22.8126885 ], [ -43.0566689, -22.8125176 ], [ -43.0566889, -22.8124816 ], [ -43.0567389, -22.8123647 ], [ -43.0568398, -22.8121318 ], [ -43.0569197, -22.8119429 ], [ -43.0570096, -22.8117639 ], [ -43.0570905, -22.811584 ], [ -43.0571914, -22.8113501 ], [ -43.0573532, -22.8108924 ], [ -43.057544, -22.8104436 ], [ -43.0576349, -22.8102097 ], [ -43.0577768, -22.8098689 ], [ -43.0577896, -22.8096251 ], [ -43.0577816, -22.8095172 ], [ -43.0577593, -22.8094652 ], [ -43.0577154, -22.8093624 ], [ -43.0576902, -22.8090377 ], [ -43.0576636, -22.8086379 ], [ -43.0576578, -22.8085501 ], [ -43.0576255, -22.8080895 ], [ -43.0576112, -22.8076919 ], [ -43.057595, -22.8074581 ], [ -43.0575808, -22.8073371 ], [ -43.0575794, -22.8073135 ], [ -43.0575617, -22.8069975 ], [ -43.0575627, -22.8069516 ], [ -43.0575465, -22.8066988 ], [ -43.0575013, -22.806464 ], [ -43.0574641, -22.8062652 ], [ -43.0574397, -22.8060613 ], [ -43.0574353, -22.8060241 ], [ -43.0574209, -22.8059036 ], [ -43.0573205, -22.8054151 ], [ -43.0572543, -22.8052073 ], [ -43.05725, -22.8048556 ], [ -43.0573147, -22.804369 ], [ -43.0573133, -22.8037286 ], [ -43.0573961, -22.8033868 ], [ -43.0576231, -22.8032087 ], [ -43.0577887, -22.8031496 ], [ -43.0578672, -22.8031216 ], [ -43.0579389, -22.8030996 ], [ -43.0581804, -22.8030254 ], [ -43.0592597, -22.8025318 ], [ -43.0608282, -22.80181 ], [ -43.0628298, -22.80084 ], [ -43.0630603, -22.8007254 ], [ -43.0632909, -22.8006108 ], [ -43.063495, -22.8006036 ], [ -43.0638296, -22.8011129 ], [ -43.0643093, -22.8017049 ], [ -43.0648199, -22.8020892 ], [ -43.0651542, -22.8022557 ], [ -43.0654333, -22.8024168 ], [ -43.0656265, -22.8021358 ], [ -43.0657494, -22.8021044 ], [ -43.0663618, -22.801948 ], [ -43.0664128, -22.801935 ], [ -43.0670406, -22.8016694 ], [ -43.0671594, -22.8016192 ], [ -43.0678025, -22.8012135 ], [ -43.0679321, -22.8011316 ], [ -43.0681145, -22.801023 ], [ -43.0681336, -22.8010116 ], [ -43.0682433, -22.8010064 ], [ -43.0685816, -22.8009902 ], [ -43.0692975, -22.8009332 ], [ -43.0700766, -22.8009635 ], [ -43.0701575, -22.8010156 ], [ -43.0701947, -22.8010396 ], [ -43.0702238, -22.8012639 ], [ -43.0702048, -22.8013496 ], [ -43.070171, -22.8015027 ], [ -43.0703274, -22.8016863 ], [ -43.0706025, -22.801821 ], [ -43.0708982, -22.8018664 ], [ -43.0717706, -22.8016975 ], [ -43.0718796, -22.8016763 ], [ -43.0721107, -22.8015466 ], [ -43.0723065, -22.8014906 ], [ -43.0725636, -22.801417 ], [ -43.0730345, -22.8009067 ], [ -43.0732092, -22.8007832 ], [ -43.0732297, -22.8007687 ], [ -43.0732506, -22.8007681 ], [ -43.0734194, -22.8007636 ], [ -43.0734585, -22.8007625 ], [ -43.0736355, -22.8007766 ], [ -43.0737634, -22.8006846 ], [ -43.0738112, -22.8006503 ], [ -43.0741428, -22.8004363 ], [ -43.0745471, -22.8005487 ], [ -43.0749036, -22.8006807 ], [ -43.0750412, -22.8006831 ], [ -43.075338, -22.8005713 ], [ -43.0756324, -22.8005648 ], [ -43.0757979, -22.8004802 ], [ -43.0760818, -22.7999908 ], [ -43.0764916, -22.7994761 ], [ -43.0769356, -22.7992843 ], [ -43.0774272, -22.7991469 ], [ -43.0775659, -22.7991376 ], [ -43.0778399, -22.799119 ], [ -43.0779484, -22.7992522 ], [ -43.0780046, -22.7993211 ], [ -43.0781291, -22.7993973 ], [ -43.0783189, -22.7994175 ], [ -43.078645, -22.7993587 ], [ -43.0789438, -22.7991317 ], [ -43.0789594, -22.7991023 ], [ -43.0790599, -22.798913 ], [ -43.0790638, -22.7989058 ], [ -43.0793301, -22.7980843 ], [ -43.0795216, -22.7974937 ], [ -43.0797964, -22.7967325 ], [ -43.079917, -22.7964024 ], [ -43.079776, -22.796117 ], [ -43.0797322, -22.7959414 ], [ -43.0797786, -22.7957222 ], [ -43.0798024, -22.7956096 ], [ -43.0797766, -22.7955688 ], [ -43.0797205, -22.7954802 ], [ -43.0797249, -22.7950342 ], [ -43.0797261, -22.7949092 ], [ -43.0797131, -22.794399 ], [ -43.0797863, -22.7938693 ], [ -43.0798568, -22.793667 ], [ -43.0802286, -22.7925998 ], [ -43.0803151, -22.7923515 ], [ -43.0806237, -22.7916118 ], [ -43.0809151, -22.7909133 ], [ -43.081259, -22.7901225 ], [ -43.081401, -22.7897962 ], [ -43.081464, -22.7895991 ], [ -43.0815236, -22.7894128 ], [ -43.0815323, -22.7893856 ], [ -43.0814984, -22.7892777 ], [ -43.0814336, -22.7892629 ], [ -43.0814021, -22.7892556 ], [ -43.0811955, -22.789286 ], [ -43.0811452, -22.7892809 ], [ -43.0811031, -22.7892766 ], [ -43.0809961, -22.7892657 ], [ -43.0809782, -22.7892434 ], [ -43.0809196, -22.7891703 ], [ -43.0808177, -22.789036 ], [ -43.0807999, -22.7890125 ], [ -43.0807482, -22.7887998 ], [ -43.0807459, -22.7883272 ], [ -43.0806981, -22.7877748 ], [ -43.0806183, -22.7875461 ], [ -43.0805464, -22.7873399 ], [ -43.0804641, -22.7872146 ], [ -43.0804413, -22.7871798 ], [ -43.0803666, -22.787066 ], [ -43.0802898, -22.7870051 ], [ -43.0792931, -22.7862139 ], [ -43.078867, -22.7855935 ], [ -43.0787254, -22.7851229 ], [ -43.0786386, -22.7848829 ], [ -43.0784854, -22.784885 ], [ -43.0779361, -22.7849044 ], [ -43.0776174, -22.7848916 ], [ -43.0768592, -22.784754 ], [ -43.0765482, -22.7846577 ], [ -43.0764734, -22.7846153 ], [ -43.076307, -22.7845209 ], [ -43.0762441, -22.7844853 ], [ -43.0758243, -22.7841702 ], [ -43.0757353, -22.7841034 ], [ -43.0753249, -22.7840163 ], [ -43.0752567, -22.7839586 ], [ -43.0751493, -22.7838677 ], [ -43.0745758, -22.7833823 ], [ -43.0742129, -22.783075 ], [ -43.0738007, -22.7828253 ], [ -43.0732329, -22.7824814 ], [ -43.0722604, -22.7820097 ], [ -43.0712599, -22.781472 ], [ -43.0702582, -22.7807879 ], [ -43.0702364, -22.7807708 ], [ -43.0698871, -22.7804968 ], [ -43.0696975, -22.7803481 ], [ -43.0696383, -22.7802553 ], [ -43.0696246, -22.7802337 ], [ -43.0693036, -22.7797311 ], [ -43.0687961, -22.7791784 ], [ -43.0687481, -22.7791174 ], [ -43.0686592, -22.7790044 ], [ -43.0683784, -22.7786477 ], [ -43.0681777, -22.778269 ], [ -43.0680119, -22.7778049 ], [ -43.0680041, -22.7777831 ], [ -43.0678429, -22.7771121 ], [ -43.0677886, -22.7767409 ], [ -43.0677737, -22.7766389 ], [ -43.0677606, -22.7765497 ], [ -43.0677601, -22.7763806 ], [ -43.0677582, -22.775806 ], [ -43.067801, -22.7751203 ], [ -43.0678081, -22.7750062 ], [ -43.0678116, -22.7749841 ], [ -43.067985, -22.7738795 ], [ -43.0679171, -22.7738018 ], [ -43.0678424, -22.7737165 ], [ -43.0677707, -22.7735454 ], [ -43.0677095, -22.7731252 ], [ -43.0676401, -22.7726486 ], [ -43.0676151, -22.7724773 ], [ -43.067775, -22.7721005 ], [ -43.0678235, -22.7716848 ], [ -43.0679584, -22.7714397 ], [ -43.0679661, -22.7714255 ], [ -43.0679724, -22.7713039 ], [ -43.067998, -22.7708059 ], [ -43.0682165, -22.7703432 ], [ -43.068423, -22.7703129 ], [ -43.0685947, -22.7702403 ], [ -43.068721, -22.7701368 ], [ -43.0687707, -22.7700961 ], [ -43.0687703, -22.769893 ], [ -43.0686339, -22.7697891 ], [ -43.068611, -22.7697716 ], [ -43.0685541, -22.7697694 ], [ -43.0685512, -22.7697693 ], [ -43.0683857, -22.7697629 ], [ -43.0683183, -22.7698273 ], [ -43.0682623, -22.7698809 ], [ -43.0679772, -22.7698129 ], [ -43.0679503, -22.7697711 ], [ -43.0679056, -22.7697016 ], [ -43.0678401, -22.7695998 ], [ -43.0678775, -22.7694139 ], [ -43.0678489, -22.7692487 ], [ -43.0677901, -22.7691716 ], [ -43.0677588, -22.7691305 ], [ -43.0677358, -22.7691272 ], [ -43.0676421, -22.7691136 ], [ -43.0675216, -22.7691623 ], [ -43.0673433, -22.7691421 ], [ -43.0673094, -22.7691382 ], [ -43.0671007, -22.7693923 ], [ -43.0670014, -22.7695132 ], [ -43.0667034, -22.7694522 ], [ -43.0664284, -22.7692195 ], [ -43.0661455, -22.7688243 ], [ -43.0659676, -22.768696 ], [ -43.065768, -22.7685521 ], [ -43.0655244, -22.7683321 ], [ -43.0653711, -22.7681937 ], [ -43.0653365, -22.7679665 ], [ -43.0653004, -22.7677293 ], [ -43.0650872, -22.7674637 ], [ -43.0648828, -22.7673755 ], [ -43.0647248, -22.7668909 ], [ -43.0644958, -22.7660189 ], [ -43.0644958, -22.7660171 ], [ -43.064495, -22.7659383 ], [ -43.0645207, -22.7658691 ], [ -43.0645722, -22.765867 ], [ -43.0645842, -22.7657655 ], [ -43.0643503, -22.7656787 ], [ -43.0643051, -22.7656619 ], [ -43.0643056, -22.7655746 ], [ -43.0643061, -22.7654566 ], [ -43.0643644, -22.7654221 ], [ -43.0644318, -22.7653309 ], [ -43.0643002, -22.7651386 ], [ -43.064187, -22.7650914 ], [ -43.0639962, -22.7649724 ], [ -43.0639597, -22.7649827 ], [ -43.0639291, -22.7649913 ], [ -43.0638355, -22.7649219 ], [ -43.0638326, -22.7648764 ], [ -43.0638281, -22.7648069 ], [ -43.0636984, -22.7647642 ], [ -43.0635318, -22.7647093 ], [ -43.0634893, -22.7646954 ], [ -43.0634417, -22.7646797 ], [ -43.0633206, -22.7647992 ], [ -43.0632073, -22.764911 ], [ -43.0629665, -22.7648353 ], [ -43.0628291, -22.7647922 ], [ -43.0626389, -22.7647325 ], [ -43.062544, -22.7647367 ], [ -43.0623618, -22.7646326 ], [ -43.0621594, -22.7645207 ], [ -43.0619188, -22.7643876 ], [ -43.0619097, -22.7643826 ], [ -43.0616232, -22.7641282 ], [ -43.0614213, -22.7638242 ], [ -43.0612296, -22.7635357 ], [ -43.0611208, -22.763484 ], [ -43.0594641, -22.7626975 ], [ -43.0589394, -22.7624484 ], [ -43.0588026, -22.7623761 ], [ -43.0576919, -22.7617885 ], [ -43.0574972, -22.7616854 ], [ -43.0568794, -22.7614981 ], [ -43.0558085, -22.7611734 ], [ -43.0555271, -22.761088 ], [ -43.0551893, -22.76084 ], [ -43.0545428, -22.7603651 ], [ -43.0539361, -22.759752 ], [ -43.0531755, -22.7592458 ], [ -43.0531378, -22.7592336 ], [ -43.05216, -22.758918 ], [ -43.0518713, -22.7586241 ], [ -43.0518654, -22.7586182 ], [ -43.0514617, -22.7583887 ], [ -43.0513418, -22.7583898 ], [ -43.0510185, -22.7583928 ], [ -43.0498699, -22.7577431 ], [ -43.0496813, -22.7576364 ], [ -43.0493522, -22.7574502 ], [ -43.0481359, -22.7570973 ], [ -43.047622, -22.7570816 ], [ -43.0472864, -22.7570714 ], [ -43.0469569, -22.7571206 ], [ -43.0466358, -22.7571685 ], [ -43.0405976, -22.7512483 ], [ -43.0394146, -22.7503377 ], [ -43.0385521, -22.7501264 ], [ -43.0379053, -22.7499707 ], [ -43.0376822, -22.7499832 ], [ -43.0376189, -22.7501792 ], [ -43.0376307, -22.750372 ], [ -43.0373428, -22.750439 ], [ -43.0371495, -22.7502848 ], [ -43.0360693, -22.7497878 ], [ -43.0355789, -22.7494372 ], [ -43.0351921, -22.7491606 ], [ -43.0338597, -22.7481637 ], [ -43.0335559, -22.7479363 ], [ -43.0331838, -22.7477681 ], [ -43.033023, -22.7476955 ], [ -43.0326849, -22.7475959 ], [ -43.0326754, -22.7475985 ], [ -43.0316609, -22.74787 ], [ -43.0316569, -22.7478702 ], [ -43.0310673, -22.7479064 ], [ -43.0299882, -22.7477538 ], [ -43.0294023, -22.7476182 ], [ -43.0287633, -22.7470434 ], [ -43.028224, -22.7466569 ], [ -43.0279775, -22.7466037 ], [ -43.0273122, -22.7455741 ], [ -43.0268081, -22.7446289 ], [ -43.0262372, -22.7434822 ], [ -43.0266258, -22.7430911 ], [ -43.0266047, -22.7430688 ], [ -43.0262933, -22.7427104 ], [ -43.02622, -22.742626 ], [ -43.0260301, -22.7423575 ], [ -43.0258294, -22.7419627 ], [ -43.0257254, -22.7418474 ], [ -43.0256311, -22.7417013 ], [ -43.0253507, -22.7412791 ], [ -43.0250054, -22.7409807 ], [ -43.0247918, -22.7408168 ], [ -43.0242856, -22.7405121 ], [ -43.0239276, -22.7402314 ], [ -43.0234815, -22.7400561 ], [ -43.0226885, -22.7399862 ], [ -43.0223073, -22.7399692 ], [ -43.0219443, -22.740095 ], [ -43.0216561, -22.7402477 ], [ -43.0212383, -22.7405589 ], [ -43.0211061, -22.7406242 ], [ -43.0206044, -22.7410587 ], [ -43.0204586, -22.7412451 ], [ -43.0202572, -22.7414881 ], [ -43.0200906, -22.7417375 ], [ -43.0195609, -22.7425612 ], [ -43.0192041, -22.7430826 ], [ -43.0190878, -22.7432032 ], [ -43.0189805, -22.743328 ], [ -43.0187212, -22.7435635 ], [ -43.0185309, -22.7436485 ], [ -43.0182933, -22.7437097 ], [ -43.0180107, -22.7437565 ], [ -43.0178564, -22.7437773 ], [ -43.0178379, -22.7437797 ], [ -43.0176544, -22.7437146 ], [ -43.0174993, -22.7436301 ], [ -43.0172981, -22.7434893 ], [ -43.0165634, -22.7429408 ], [ -43.0163714, -22.7428022 ], [ -43.0159964, -22.7425021 ], [ -43.0158457, -22.7423938 ], [ -43.0157405, -22.7423525 ], [ -43.0155412, -22.7422571 ], [ -43.0153332, -22.7420886 ], [ -43.014949, -22.7418822 ], [ -43.0144653, -22.7418055 ], [ -43.0140294, -22.7416876 ], [ -43.0136736, -22.7416718 ], [ -43.0132573, -22.7415941 ], [ -43.0131842, -22.741578 ], [ -43.0128544, -22.7415052 ], [ -43.0126017, -22.7414071 ], [ -43.0124678, -22.7413462 ], [ -43.0123585, -22.7412669 ], [ -43.0118172, -22.7403831 ], [ -43.0117177, -22.7395983 ], [ -43.0116686, -22.7385794 ], [ -43.0115244, -22.7379227 ], [ -43.0112313, -22.7373688 ], [ -43.0111824, -22.7372763 ], [ -43.0110951, -22.7371114 ], [ -43.0109047, -22.7368547 ], [ -43.0106773, -22.7365727 ], [ -43.0102824, -22.7363305 ], [ -43.0095606, -22.736251 ], [ -43.0091509, -22.7362918 ], [ -43.0088259, -22.7364193 ], [ -43.0084041, -22.736696 ], [ -43.0081315, -22.7369734 ], [ -43.0078084, -22.7371761 ], [ -43.0074987, -22.737397 ], [ -43.0072298, -22.7374831 ], [ -43.0068395, -22.737643 ], [ -43.0065519, -22.737784 ], [ -43.0062021, -22.7378984 ], [ -43.0059564, -22.7379703 ], [ -43.0057216, -22.7380781 ], [ -43.0056048, -22.7381201 ], [ -43.0053356, -22.7381553 ], [ -43.0049132, -22.7381956 ], [ -43.00463, -22.738254 ], [ -43.0042954, -22.7383386 ], [ -43.0039032, -22.7383733 ], [ -43.0035098, -22.7383892 ], [ -43.0031199, -22.738336 ], [ -43.0027295, -22.7383516 ], [ -43.0023424, -22.7383959 ], [ -43.0019565, -22.7384599 ], [ -43.0015708, -22.7385338 ], [ -43.001194, -22.7386485 ], [ -43.0008523, -22.7386178 ], [ -43.0008043, -22.7386135 ], [ -43.0002224, -22.7385185 ], [ -42.9999012, -22.7383268 ], [ -42.999738, -22.7380358 ], [ -42.9996818, -22.7377178 ], [ -42.9996199, -22.737359 ], [ -42.9997882, -22.7370686 ], [ -43.0000564, -22.7368086 ], [ -43.0003417, -22.7364666 ], [ -43.0006141, -22.7361241 ], [ -43.0007704, -22.7358118 ], [ -43.0009, -22.735522 ], [ -43.0008847, -22.7351254 ], [ -43.000802, -22.7347707 ], [ -43.0005886, -22.7345357 ], [ -43.0005499, -22.734493 ], [ -43.0001984, -22.7343368 ], [ -42.9998146, -22.7342698 ], [ -42.9994359, -22.7341706 ], [ -42.999049, -22.7340978 ], [ -42.9986541, -22.7340983 ], [ -42.9982644, -22.7340701 ], [ -42.9978747, -22.7340868 ], [ -42.9974882, -22.7341461 ], [ -42.9970847, -22.7341932 ], [ -42.9964956, -22.7345499 ], [ -42.9963082, -22.7346843 ], [ -42.9960263, -22.7349375 ], [ -42.995808, -22.7352382 ], [ -42.9955624, -22.7355188 ], [ -42.9953145, -22.7357977 ], [ -42.9949828, -22.7359886 ], [ -42.9946351, -22.7361588 ], [ -42.9942586, -22.7362721 ], [ -42.9940223, -22.73634 ], [ -42.994018, -22.7363412 ], [ -42.993883, -22.73638 ], [ -42.9935097, -22.7364991 ], [ -42.9932769, -22.7366476 ], [ -42.993115, -22.737066 ], [ -42.9930616, -22.7373592 ], [ -42.993138, -22.7377301 ], [ -42.9933008, -22.7380618 ], [ -42.9935187, -22.7383648 ], [ -42.9937752, -22.7386411 ], [ -42.9940834, -22.738867 ], [ -42.994324, -22.7390472 ], [ -42.9946597, -22.739204 ], [ -42.9950983, -22.7393418 ], [ -42.9954746, -22.7394533 ], [ -42.9958794, -22.7395068 ], [ -42.9962956, -22.7395845 ], [ -42.9966432, -22.739688 ], [ -42.9969379, -22.7399256 ], [ -42.9972312, -22.7402056 ], [ -42.9974596, -22.7407124 ], [ -42.9973606, -22.7413937 ], [ -42.9969476, -22.74199 ], [ -42.996548, -22.7423269 ], [ -42.9959665, -22.7424901 ], [ -42.9951514, -22.7424892 ], [ -42.9943528, -22.742418 ], [ -42.9936146, -22.7424087 ], [ -42.9933289, -22.7425142 ], [ -42.992701, -22.7429244 ], [ -42.9925735, -22.7430076 ], [ -42.9925101, -22.7430631 ], [ -42.9924523, -22.7431104 ], [ -42.9923924, -22.7431569 ], [ -42.992207, -22.7434876 ], [ -42.9920194, -22.7438068 ], [ -42.9918907, -22.7440227 ], [ -42.9918115, -22.7441559 ], [ -42.9916719, -22.7445102 ], [ -42.9916077, -22.7446935 ], [ -42.9915589, -22.7449149 ], [ -42.9915919, -22.7450614 ], [ -42.9916324, -22.7452642 ], [ -42.9917448, -22.745455 ], [ -42.9917603, -22.7454813 ], [ -42.991652, -22.7456342 ], [ -42.9916321, -22.7456621 ], [ -42.9916194, -22.7456799 ], [ -42.9916166, -22.7456838 ], [ -42.9916134, -22.7456882 ], [ -42.9923521, -22.745821 ], [ -42.9925347, -22.7457756 ], [ -42.9937407, -22.745476 ], [ -42.9948423, -22.7453811 ], [ -42.995558, -22.7457501 ], [ -42.9959887, -22.7462693 ], [ -42.9962533, -22.7468855 ], [ -42.9961138, -22.7470915 ], [ -42.9959744, -22.7472974 ], [ -42.9956394, -22.7476005 ], [ -42.9949741, -22.7477909 ], [ -42.9940975, -22.7477807 ], [ -42.9935384, -22.7480809 ], [ -42.9933114, -22.748286 ], [ -42.9929913, -22.7488362 ], [ -42.992802, -22.7494199 ], [ -42.9928494, -22.7501614 ], [ -42.9931018, -22.7509976 ], [ -42.9934489, -22.7520704 ], [ -42.9938906, -22.752875 ], [ -42.9945217, -22.7536165 ], [ -42.9952718, -22.75439 ], [ -42.9960204, -22.7548313 ], [ -42.9967146, -22.7551152 ], [ -42.9974877, -22.7551468 ], [ -42.9980714, -22.7552257 ], [ -42.9981927, -22.7554692 ], [ -42.9981155, -22.7558481 ], [ -42.9976706, -22.7563481 ], [ -42.9968864, -22.7566995 ], [ -42.9962292, -22.7569989 ], [ -42.9956681, -22.757453 ], [ -42.9948929, -22.7578583 ], [ -42.9943356, -22.7579508 ], [ -42.9935661, -22.7579425 ], [ -42.993124, -22.7581987 ], [ -42.9927871, -22.7586546 ], [ -42.9928275, -22.7592151 ], [ -42.9929851, -22.7598304 ], [ -42.9930926, -22.7604987 ], [ -42.9930721, -22.7612201 ], [ -42.9927785, -22.7620747 ], [ -42.9924015, -22.7624936 ], [ -42.9920636, -22.7629955 ], [ -42.9920327, -22.7631574 ], [ -42.9919689, -22.7634992 ], [ -42.9921264, -22.7641145 ], [ -42.9921345, -22.7642324 ], [ -42.9921526, -22.7643043 ], [ -42.9923339, -22.7645679 ], [ -42.9926755, -22.7652131 ], [ -42.9930462, -22.7658931 ], [ -42.9937805, -22.7670295 ], [ -42.994094, -22.7675837 ], [ -42.9943244, -22.7678393 ], [ -42.9948759, -22.7681256 ], [ -42.9966476, -22.7689213 ], [ -42.9985163, -22.7697918 ], [ -43.0004231, -22.7706614 ], [ -43.001343, -22.7710872 ], [ -43.0022438, -22.771459 ], [ -43.0025831, -22.7715976 ], [ -43.0030566, -22.771838 ], [ -43.0036281, -22.7720883 ], [ -43.0041706, -22.7723196 ], [ -43.0048482, -22.7726527 ], [ -43.0053807, -22.772848 ], [ -43.0060013, -22.7731172 ], [ -43.0066009, -22.7734304 ], [ -43.0072295, -22.7737266 ], [ -43.0078881, -22.7740048 ], [ -43.0084496, -22.774264 ], [ -43.0093604, -22.7746629 ], [ -43.0107557, -22.7752471 ], [ -43.0116365, -22.775636 ], [ -43.0128357, -22.7762543 ], [ -43.0128657, -22.7762643 ], [ -43.0137075, -22.7766342 ], [ -43.0144823, -22.7770132 ], [ -43.015305, -22.7773562 ], [ -43.01593, -22.7775916 ], [ -43.0159746, -22.7776083 ], [ -43.0162168, -22.77771 ], [ -43.016409, -22.7778657 ], [ -43.0165142, -22.7780205 ], [ -43.0165485, -22.7783452 ], [ -43.0166427, -22.7800157 ], [ -43.0166523, -22.7803951 ], [ -43.016655, -22.7805033 ], [ -43.0166888, -22.7815763 ], [ -43.0167083, -22.7823436 ], [ -43.0167158, -22.7831559 ], [ -43.0167454, -22.7838693 ], [ -43.0167948, -22.7845097 ], [ -43.0168162, -22.7850512 ], [ -43.0167805, -22.7855298 ], [ -43.0168119, -22.7860803 ], [ -43.01683, -22.7862152 ], [ -43.0168642, -22.7865139 ], [ -43.0169466, -22.7869025 ], [ -43.0170027, -22.7871383 ], [ -43.0169699, -22.7873361 ], [ -43.0168519, -22.7874341 ], [ -43.0167829, -22.7875101 ], [ -43.0166049, -22.7876931 ], [ -43.0162998, -22.7878962 ], [ -43.0159658, -22.7881094 ], [ -43.0157797, -22.7881885 ], [ -43.0155437, -22.7883296 ], [ -43.0153466, -22.7884536 ], [ -43.0151315, -22.7885418 ], [ -43.0149055, -22.7886838 ], [ -43.0147965, -22.7887998 ], [ -43.0147546, -22.7889977 ], [ -43.014806, -22.7895482 ], [ -43.0147912, -22.7898729 ], [ -43.0148055, -22.7902975 ], [ -43.0147617, -22.7906123 ], [ -43.0147179, -22.7909461 ], [ -43.0147058, -22.7909771 ], [ -43.0146931, -22.7910099 ], [ -43.0146843, -22.7910326 ], [ -43.0146674, -22.791076 ], [ -43.014648, -22.791126 ], [ -43.014627, -22.79117 ], [ -43.014529, -22.791232 ], [ -43.0143819, -22.7912851 ], [ -43.0142249, -22.7913642 ], [ -43.0139989, -22.7915152 ], [ -43.0137338, -22.7916923 ], [ -43.0134378, -22.7919144 ], [ -43.0131327, -22.7921365 ], [ -43.0128667, -22.7923405 ], [ -43.0126507, -22.7924736 ], [ -43.0124537, -22.7926427 ], [ -43.0122366, -22.7928117 ], [ -43.0118036, -22.7931498 ], [ -43.0114786, -22.7933989 ], [ -43.0111145, -22.793674 ], [ -43.0107705, -22.7938771 ], [ -43.0103764, -22.7941612 ], [ -43.0101694, -22.7943573 ], [ -43.0100885, -22.7945462 ], [ -43.0101075, -22.7946011 ], [ -43.0100276, -22.7946991 ], [ -43.0100076, -22.7947621 ], [ -43.0099757, -22.7949419 ], [ -43.0099728, -22.7951677 ], [ -43.0100171, -22.7954655 ], [ -43.0101023, -22.7956742 ], [ -43.0103116, -22.7960377 ], [ -43.010482, -22.7963643 ], [ -43.0106252, -22.7966009 ], [ -43.0107785, -22.7968186 ], [ -43.0109988, -22.7970652 ], [ -43.0110178, -22.7970922 ], [ -43.011123, -22.7972739 ], [ -43.0114304, -22.7975844 ], [ -43.0115936, -22.797775 ], [ -43.0117078, -22.7979568 ], [ -43.011823, -22.7980846 ], [ -43.0118501, -22.7982114 ], [ -43.0118382, -22.7983913 ], [ -43.0117844, -22.798743 ], [ -43.0117106, -22.7991388 ], [ -43.0116592, -22.7994486 ], [ -43.011624, -22.7998053 ], [ -43.0115512, -22.8000751 ], [ -43.0115493, -22.800256 ], [ -43.0114593, -22.8003899 ], [ -43.0114094, -22.8004889 ], [ -43.0112714, -22.8006229 ], [ -43.0111224, -22.8007829 ], [ -43.0109111, -22.8009959 ], [ -43.0106884, -22.8012199 ], [ -43.0105494, -22.8013359 ], [ -43.0104516, -22.8014303 ], [ -43.0103444, -22.8015236 ], [ -43.0101554, -22.801674 ], [ -43.0100074, -22.8017811 ], [ -43.0097613, -22.8019491 ], [ -43.0095653, -22.8020732 ], [ -43.0094573, -22.8021173 ], [ -43.0093392, -22.8021883 ], [ -43.0092122, -22.8022594 ], [ -43.0090742, -22.8023294 ], [ -43.0088981, -22.8023905 ], [ -43.008614, -22.8025227 ], [ -43.008427, -22.8026467 ], [ -43.00825, -22.8027618 ], [ -43.008091, -22.8029408 ], [ -43.008001, -22.8031287 ], [ -43.0079511, -22.8032187 ], [ -43.0079011, -22.8032997 ], [ -43.0077612, -22.8035865 ], [ -43.0075894, -22.8040263 ], [ -43.0075175, -22.8042332 ], [ -43.0074276, -22.8044301 ], [ -43.0074191, -22.8044527 ], [ -43.0073257, -22.804709 ], [ -43.0072248, -22.8050058 ], [ -43.0070859, -22.8051758 ], [ -43.007024, -22.8054007 ], [ -43.0069631, -22.8055886 ], [ -43.0068241, -22.8057765 ], [ -43.006808, -22.8058374 ], [ -43.0067821, -22.8059305 ], [ -43.0066043, -22.8061804 ], [ -43.006515, -22.8063405 ], [ -43.0063644, -22.8066012 ], [ -43.0062654, -22.8067352 ], [ -43.0061664, -22.8068432 ], [ -43.0061517, -22.8071949 ], [ -43.006194, -22.8076465 ], [ -43.00636, -22.8090102 ], [ -43.0063972, -22.809146 ], [ -43.0064333, -22.8093718 ], [ -43.0065399, -22.810131 ], [ -43.006567, -22.8102759 ], [ -43.0065822, -22.8105556 ], [ -43.0066436, -22.8110432 ], [ -43.0066617, -22.811188 ], [ -43.0066879, -22.8113599 ], [ -43.0067159, -22.8114777 ], [ -43.0068092, -22.8117944 ], [ -43.0069415, -22.812093 ], [ -43.0069696, -22.8121389 ], [ -43.0071589, -22.8125204 ], [ -43.0073864, -22.8129738 ], [ -43.0075477, -22.8133274 ], [ -43.007669, -22.813672 ], [ -43.0077742, -22.8138358 ], [ -43.0079855, -22.8140634 ], [ -43.0082527, -22.8144904 ], [ -43.0083281, -22.8146625 ], [ -43.0083453, -22.8148434 ], [ -43.0083534, -22.8149793 ], [ -43.0083595, -22.815231 ], [ -43.0082577, -22.8155009 ], [ -43.0081087, -22.8157608 ], [ -43.007968, -22.8158978 ], [ -43.0078218, -22.8160368 ], [ -43.0074477, -22.816277 ], [ -43.0073065, -22.8163571 ], [ -43.0068585, -22.8166032 ], [ -43.0065885, -22.8167503 ], [ -43.0063874, -22.8168594 ], [ -43.0060434, -22.8171085 ], [ -43.0060165, -22.8171307 ], [ -43.0056752, -22.8169844 ], [ -43.0056505, -22.8169737 ], [ -43.0013215, -22.8151174 ], [ -43.0007258, -22.8148619 ], [ -43.0009299, -22.8150632 ], [ -43.0012032, -22.8154194 ], [ -43.0012873, -22.8155425 ], [ -43.0014887, -22.8159007 ], [ -43.0015584, -22.816167 ], [ -43.0016372, -22.8164531 ], [ -43.0016086, -22.8170836 ], [ -43.001528, -22.8175685 ], [ -43.0014701, -22.817912 ], [ -43.0012987, -22.8190651 ], [ -43.0012943, -22.8191076 ], [ -43.0012828, -22.8192156 ], [ -43.0011466, -22.8201769 ], [ -43.0011026, -22.8205061 ], [ -43.000986, -22.8212176 ], [ -43.0009754, -22.8213094 ], [ -43.0007799, -22.8227395 ], [ -43.0006436, -22.8236949 ], [ -43.0006385, -22.8237577 ], [ -43.0005686, -22.8239107 ], [ -43.0005058, -22.8241895 ], [ -43.000482, -22.8245142 ], [ -43.0004805, -22.8246092 ], [ -43.0004515, -22.8253076 ], [ -43.0004976, -22.8259229 ], [ -43.0005136, -22.8261362 ], [ -43.0005252, -22.8262917 ], [ -43.0006165, -22.8267072 ], [ -43.0006989, -22.8271418 ], [ -43.000736, -22.8272776 ], [ -43.0007731, -22.8274135 ], [ -43.0009906, -22.8278669 ], [ -43.0011208, -22.8281385 ], [ -43.0013603, -22.8286379 ], [ -43.0015607, -22.8289564 ], [ -43.001742, -22.829238 ], [ -43.0018942, -22.8294827 ], [ -43.0025752, -22.8302484 ], [ -43.0026865, -22.8303667 ], [ -43.0029143, -22.8306086 ], [ -43.0037948, -22.8315442 ], [ -43.0047361, -22.8325565 ], [ -43.0052258, -22.8330766 ], [ -43.00611, -22.834007 ], [ -43.0062018, -22.8340967 ], [ -43.0079488, -22.8360093 ], [ -43.008432, -22.8365408 ], [ -43.0100833, -22.8382835 ], [ -43.0103257, -22.8385393 ], [ -43.0104159, -22.8386411 ], [ -43.0105761, -22.8388218 ], [ -43.0106517, -22.8389343 ], [ -43.0106102, -22.8390496 ], [ -43.0107155, -22.8393113 ], [ -43.0105665, -22.8395172 ], [ -43.0104375, -22.8396682 ], [ -43.0103476, -22.8397852 ], [ -43.0102103, -22.8399392 ], [ -43.0101786, -22.8400531 ], [ -43.0100696, -22.8401422 ], [ -43.0099707, -22.8402771 ], [ -43.0098127, -22.8404371 ], [ -43.0097127, -22.8406171 ], [ -43.0095938, -22.8407591 ], [ -43.0095128, -22.840921 ], [ -43.0093403, -22.8411667 ], [ -43.0092776, -22.8412065 ], [ -43.009121, -22.8413418 ], [ -43.0089501, -22.84147 ], [ -43.0088309, -22.841599 ], [ -43.0087819, -22.841652 ], [ -43.0087519, -22.841688 ], [ -43.0087419, -22.841724 ], [ -43.0086123, -22.8421424 ], [ -43.0084882, -22.8424426 ], [ -43.0083973, -22.8426405 ], [ -43.0083474, -22.8427755 ], [ -43.0083164, -22.8428834 ], [ -43.0082955, -22.8429733 ], [ -43.0081865, -22.8431253 ], [ -43.0080956, -22.8433042 ], [ -43.0080147, -22.8435291 ], [ -43.0080028, -22.843682 ], [ -43.0079009, -22.8440148 ], [ -43.0078191, -22.8443026 ], [ -43.0077073, -22.8446244 ], [ -43.0076972, -22.8446534 ], [ -43.0075963, -22.8448773 ], [ -43.0075164, -22.8450123 ], [ -43.0073883, -22.8450913 ], [ -43.0072894, -22.8452163 ], [ -43.0072584, -22.8453153 ], [ -43.0072275, -22.8454412 ], [ -43.0072363, -22.8455993 ], [ -43.0072318, -22.8456855 ], [ -43.0071909, -22.8457832 ], [ -43.0071818, -22.8459013 ], [ -43.00715, -22.8460307 ], [ -43.0071477, -22.8461738 ], [ -43.0071909, -22.84626 ], [ -43.0072318, -22.84636 ], [ -43.0072976, -22.8464599 ], [ -43.0073158, -22.8464894 ], [ -43.0075124, -22.8468054 ], [ -43.0075306, -22.8468347 ], [ -43.0077699, -22.8472501 ], [ -43.0079039, -22.8475158 ], [ -43.0079475, -22.8476606 ], [ -43.0079846, -22.8477775 ], [ -43.0079515, -22.8478554 ], [ -43.0078789, -22.8479381 ], [ -43.0078063, -22.8480221 ], [ -43.0078857, -22.8481402 ], [ -43.0079493, -22.8482515 ], [ -43.0080921, -22.8484558 ], [ -43.0083605, -22.8487923 ], [ -43.0084666, -22.8489021 ], [ -43.0084847, -22.848984 ], [ -43.0085318, -22.8490929 ], [ -43.0086289, -22.8491747 ], [ -43.0088074, -22.8492556 ], [ -43.0090163, -22.8493502 ], [ -43.009126, -22.8493643 ], [ -43.0092892, -22.849439 ], [ -43.0094036, -22.8495267 ], [ -43.0095288, -22.8496095 ], [ -43.0095959, -22.8496824 ], [ -43.0098843, -22.8500279 ], [ -43.0100309, -22.8501247 ], [ -43.0101615, -22.8502133 ], [ -43.0103078, -22.8503582 ], [ -43.0104607, -22.8504482 ], [ -43.0105347, -22.8505492 ], [ -43.0106374, -22.8506238 ], [ -43.0106607, -22.8507451 ], [ -43.0107027, -22.8508011 ], [ -43.0107493, -22.8508804 ], [ -43.0107306, -22.8510063 ], [ -43.0107633, -22.8511556 ], [ -43.0108969, -22.8514927 ], [ -43.0109431, -22.8517095 ], [ -43.0110663, -22.8519362 ], [ -43.0111234, -22.852018 ], [ -43.0111905, -22.8521279 ], [ -43.0112076, -22.8522627 ], [ -43.0111598, -22.8523591 ], [ -43.0112133, -22.8525655 ], [ -43.0112218, -22.852699 ], [ -43.0112559, -22.8527842 ], [ -43.0113809, -22.8528466 ], [ -43.0114973, -22.8529432 ], [ -43.0116194, -22.8530511 ], [ -43.0117302, -22.8531761 ], [ -43.0118097, -22.853301 ], [ -43.0118352, -22.8535339 ], [ -43.011892, -22.8536872 ], [ -43.0119545, -22.8538207 ], [ -43.0120681, -22.8539371 ], [ -43.0120936, -22.8539655 ], [ -43.0121334, -22.8539996 ], [ -43.0121684, -22.8540244 ], [ -43.0122265, -22.8540433 ], [ -43.0123236, -22.8540712 ], [ -43.0124207, -22.8540991 ], [ -43.0124697, -22.854091 ], [ -43.0126067, -22.854039 ], [ -43.0126848, -22.8540029 ], [ -43.0128109, -22.8540678 ], [ -43.012906, -22.8542225 ], [ -43.0129851, -22.8541785 ], [ -43.013016, -22.8540436 ], [ -43.013046, -22.8539896 ], [ -43.013164, -22.8539006 ], [ -43.013214, -22.8538466 ], [ -43.013332, -22.8537675 ], [ -43.013449, -22.8537145 ], [ -43.0135181, -22.8537064 ], [ -43.0136642, -22.8537083 ], [ -43.0138483, -22.8537551 ], [ -43.0139554, -22.853793 ], [ -43.0140725, -22.8538118 ], [ -43.0141305, -22.8538038 ], [ -43.0142776, -22.8537687 ], [ -43.0143286, -22.8537693 ], [ -43.0143947, -22.8537616 ], [ -43.0145206, -22.8537913 ], [ -43.0146178, -22.8538093 ], [ -43.0146365, -22.853808 ], [ -43.0147349, -22.8538012 ], [ -43.0147839, -22.8537662 ], [ -43.0148439, -22.8536852 ], [ -43.0149809, -22.8536511 ], [ -43.015029, -22.8536691 ], [ -43.015087, -22.853697 ], [ -43.0153012, -22.8537538 ], [ -43.0154283, -22.8537287 ], [ -43.0155263, -22.8536756 ], [ -43.0155953, -22.8536126 ], [ -43.0158404, -22.8535075 ], [ -43.0161854, -22.8532494 ], [ -43.0163072, -22.8531197 ], [ -43.0163276, -22.8530385 ], [ -43.0164748, -22.8530029 ], [ -43.0165815, -22.8530436 ], [ -43.016749, -22.8529304 ], [ -43.0167694, -22.8529166 ], [ -43.0170183, -22.8528912 ], [ -43.0172265, -22.8527795 ], [ -43.0174703, -22.8527033 ], [ -43.017902, -22.8526627 ], [ -43.0182778, -22.8526068 ], [ -43.0183946, -22.8525916 ], [ -43.0184657, -22.8525712 ], [ -43.0185114, -22.8525306 ], [ -43.0185368, -22.8524544 ], [ -43.018552, -22.852363 ], [ -43.0185876, -22.8522107 ], [ -43.0186485, -22.8520735 ], [ -43.0187958, -22.8519466 ], [ -43.0188492, -22.8519288 ], [ -43.0189025, -22.851911 ], [ -43.0189837, -22.8519059 ], [ -43.0190693, -22.8519479 ], [ -43.0191374, -22.8519848 ], [ -43.0192526, -22.8520946 ], [ -43.0193487, -22.8522214 ], [ -43.0193858, -22.8523663 ], [ -43.0193839, -22.8524752 ], [ -43.019401, -22.852637 ], [ -43.0194281, -22.8527909 ], [ -43.0194472, -22.8528368 ], [ -43.0194862, -22.8528727 ], [ -43.0195633, -22.8529096 ], [ -43.0196785, -22.8530194 ], [ -43.0197175, -22.8530474 ], [ -43.0197855, -22.8530563 ], [ -43.0198546, -22.8530303 ], [ -43.0199036, -22.8529863 ], [ -43.0199435, -22.8528963 ], [ -43.0199545, -22.8528333 ], [ -43.0200325, -22.8528163 ], [ -43.0201986, -22.8527912 ], [ -43.0202966, -22.8527291 ], [ -43.0203857, -22.8526761 ], [ -43.0205236, -22.8525241 ], [ -43.0206716, -22.8523901 ], [ -43.0207807, -22.852328 ], [ -43.0208487, -22.85232 ], [ -43.0209068, -22.8523389 ], [ -43.0209939, -22.8524208 ], [ -43.0210803, -22.8524892 ], [ -43.0211516, -22.8525678 ], [ -43.0212204, -22.8526563 ], [ -43.0212499, -22.8527128 ], [ -43.0213114, -22.8528185 ], [ -43.0213335, -22.8528874 ], [ -43.021417, -22.8530398 ], [ -43.0214997, -22.8531487 ], [ -43.0216148, -22.8532765 ], [ -43.0217791, -22.8534402 ], [ -43.0220093, -22.8536508 ], [ -43.0221815, -22.8537624 ], [ -43.0222605, -22.853799 ], [ -43.0224631, -22.8539106 ], [ -43.0226656, -22.8540222 ], [ -43.023025, -22.8542151 ], [ -43.0233383, -22.8543027 ], [ -43.0235288, -22.8543321 ], [ -43.0235401, -22.8543443 ], [ -43.0235829, -22.8543907 ], [ -43.0236856, -22.8545018 ], [ -43.0252338, -22.8562238 ], [ -43.0261456, -22.8558279 ], [ -43.026234, -22.8557895 ], [ -43.0264418, -22.8556998 ], [ -43.0270967, -22.8554662 ], [ -43.0275468, -22.8553016 ], [ -43.0279442, -22.8551603 ], [ -43.028242, -22.8549518 ], [ -43.0284155, -22.8547862 ], [ -43.0285473, -22.8546969 ], [ -43.0288691, -22.8544611 ], [ -43.0291072, -22.8543008 ], [ -43.0294864, -22.8540362 ], [ -43.0297283, -22.8538656 ], [ -43.0300194, -22.8536555 ], [ -43.0302003, -22.8535253 ], [ -43.0303233, -22.8534402 ], [ -43.0304014, -22.8533861 ], [ -43.0306343, -22.8532249 ], [ -43.0307743, -22.8531029 ], [ -43.0309694, -22.8529143 ], [ -43.0310784, -22.8527713 ], [ -43.0311084, -22.8526994 ], [ -43.0311293, -22.8526094 ], [ -43.0310756, -22.8525519 ], [ -43.0310019, -22.8522964 ], [ -43.0309888, -22.852113 ], [ -43.0310919, -22.8518494 ], [ -43.031174, -22.8517487 ], [ -43.0311752, -22.8517472 ], [ -43.0319431, -22.8516534 ], [ -43.0321907, -22.8513772 ], [ -43.032305, -22.8511202 ], [ -43.0324169, -22.8508392 ], [ -43.032316, -22.8505086 ], [ -43.0323106, -22.850491 ], [ -43.0323714, -22.8502187 ], [ -43.0323806, -22.8501776 ], [ -43.0324699, -22.8502668 ], [ -43.0325736, -22.8503075 ], [ -43.0327008, -22.8503269 ], [ -43.0330184, -22.8502807 ], [ -43.0332902, -22.8501784 ], [ -43.0333483, -22.8501194 ], [ -43.033605, -22.8498415 ], [ -43.033657, -22.8498059 ], [ -43.033841, -22.8496994 ], [ -43.0339927, -22.849593 ], [ -43.0340353, -22.8495643 ], [ -43.0343202, -22.8493908 ], [ -43.0344348, -22.8493253 ], [ -43.0345478, -22.8492532 ], [ -43.0346931, -22.8491664 ], [ -43.0347918, -22.8491026 ], [ -43.0348979, -22.8490379 ], [ -43.0349783, -22.8489794 ], [ -43.0350587, -22.8489208 ], [ -43.0351491, -22.8488638 ], [ -43.035246, -22.8488014 ], [ -43.0353976, -22.8487112 ], [ -43.0355421, -22.8486283 ], [ -43.0356501, -22.8485724 ], [ -43.0357674, -22.8485091 ], [ -43.0357761, -22.8485052 ], [ -43.0359294, -22.8484365 ], [ -43.0360523, -22.8484235 ], [ -43.0361771, -22.8484263 ], [ -43.0363737, -22.8484113 ], [ -43.0364685, -22.8483805 ], [ -43.0366088, -22.8483331 ], [ -43.0367739, -22.848326 ], [ -43.0369516, -22.848315 ], [ -43.0372856, -22.8485475 ], [ -43.0374035, -22.8486228 ], [ -43.0374985, -22.8486785 ], [ -43.0376475, -22.8487243 ], [ -43.0378407, -22.848744 ], [ -43.0384353, -22.8487871 ], [ -43.0391392, -22.8487898 ], [ -43.0394241, -22.8487734 ], [ -43.0398057, -22.8487309 ], [ -43.0401086, -22.8487243 ], [ -43.0404508, -22.8487129 ], [ -43.0407177, -22.8487145 ], [ -43.040965, -22.8487096 ], [ -43.0410571, -22.8487096 ], [ -43.0410663, -22.8487096 ], [ -43.0410681, -22.8487096 ], [ -43.0412833, -22.8486788 ], [ -43.0413471, -22.848669 ], [ -43.0414866, -22.8486403 ], [ -43.0416077, -22.8485965 ], [ -43.0416822, -22.8485211 ], [ -43.0417851, -22.8483464 ], [ -43.0418348, -22.8482036 ], [ -43.0418413, -22.8480286 ], [ -43.0418534, -22.8478331 ], [ -43.0418674, -22.8476497 ], [ -43.0418745, -22.8474641 ], [ -43.0419064, -22.8472832 ], [ -43.0419573, -22.8470943 ], [ -43.0420089, -22.8469413 ], [ -43.0420629, -22.8468891 ], [ -43.0421163, -22.8468714 ], [ -43.0422053, -22.8468453 ], [ -43.042507, -22.8468295 ], [ -43.0428794, -22.8468202 ], [ -43.0431745, -22.8468202 ], [ -43.0434721, -22.8468322 ], [ -43.0434974, -22.8468303 ], [ -43.043576, -22.8468243 ], [ -43.0435778, -22.8462596 ], [ -43.0435834, -22.8459393 ], [ -43.0435831, -22.8458612 ], [ -43.0446816, -22.8455179 ], [ -43.044947, -22.8454364 ], [ -43.0451919, -22.8454083 ], [ -43.0456448, -22.8454316 ], [ -43.0457975, -22.8454264 ], [ -43.0464834, -22.8454497 ], [ -43.0468017, -22.8455222 ], [ -43.0475316, -22.8457163 ], [ -43.0482433, -22.8458845 ], [ -43.0484737, -22.8459415 ], [ -43.0485927, -22.8457241 ], [ -43.0486807, -22.8455895 ], [ -43.048748, -22.8454834 ], [ -43.0487894, -22.8454109 ], [ -43.0488929, -22.8452245 ], [ -43.0489758, -22.8450408 ], [ -43.0490198, -22.84487 ], [ -43.0490301, -22.8446888 ], [ -43.0490068, -22.8445801 ], [ -43.0489292, -22.8444533 ], [ -43.0488153, -22.8443342 ], [ -43.0486678, -22.844166 ], [ -43.0485746, -22.8440702 ], [ -43.0484866, -22.8439589 ], [ -43.0484261, -22.8439062 ], [ -43.0483149, -22.8438095 ], [ -43.0481528, -22.8437365 ], [ -43.0480548, -22.843535 ], [ -43.0480488, -22.8434808 ], [ -43.0480307, -22.8434176 ], [ -43.0480277, -22.8433334 ], [ -43.0480355, -22.8432032 ], [ -43.0480764, -22.8430413 ], [ -43.0481592, -22.8426995 ], [ -43.0481902, -22.8425421 ], [ -43.0482293, -22.8424639 ], [ -43.048281, -22.8423307 ], [ -43.048293, -22.8422048 ], [ -43.0482749, -22.8421049 ], [ -43.0482568, -22.841997 ], [ -43.0481383, -22.8413726 ], [ -43.0480441, -22.8411279 ], [ -43.0479608, -22.8408293 ], [ -43.0478285, -22.8404847 ], [ -43.0476413, -22.8402977 ], [ -43.047534, -22.8401905 ], [ -43.0475929, -22.8400433 ], [ -43.0476519, -22.8398244 ], [ -43.0475487, -22.8395527 ] ] ], [ [ [ -43.0724667, -22.7744241 ], [ -43.0726277, -22.7746984 ], [ -43.0728645, -22.7745651 ], [ -43.0726628, -22.774246 ], [ -43.0723496, -22.7743223 ], [ -43.0724667, -22.7744241 ] ] ], [ [ [ -43.0731919, -22.7743831 ], [ -43.0733623, -22.7744525 ], [ -43.0735639, -22.7745453 ], [ -43.0736614, -22.7745266 ], [ -43.0737845, -22.7744753 ], [ -43.0738521, -22.7744034 ], [ -43.0739214, -22.7742907 ], [ -43.0739299, -22.7742799 ], [ -43.0740264, -22.7741905 ], [ -43.0740306, -22.7741869 ], [ -43.0742128, -22.7741676 ], [ -43.0743116, -22.7741191 ], [ -43.0743119, -22.7741117 ], [ -43.074235, -22.7740271 ], [ -43.0740578, -22.7739278 ], [ -43.0740387, -22.7739048 ], [ -43.07398, -22.7738618 ], [ -43.0739855, -22.7737356 ], [ -43.074023, -22.7736106 ], [ -43.0739842, -22.7734829 ], [ -43.0739041, -22.7733759 ], [ -43.0737975, -22.7733237 ], [ -43.0737329, -22.7734217 ], [ -43.0737244, -22.7734325 ], [ -43.0735724, -22.7734976 ], [ -43.0735602, -22.7735009 ], [ -43.0734115, -22.7735847 ], [ -43.0732606, -22.7736275 ], [ -43.0731435, -22.7735377 ], [ -43.0730299, -22.7735559 ], [ -43.0728482, -22.7736571 ], [ -43.07277, -22.773788 ], [ -43.0728136, -22.7739011 ], [ -43.0729279, -22.7740539 ], [ -43.0731206, -22.7742616 ], [ -43.0731919, -22.7743831 ] ] ], [ [ [ -43.0695944, -22.7606437 ], [ -43.0697383, -22.7607176 ], [ -43.0698784, -22.7606651 ], [ -43.0698588, -22.7605835 ], [ -43.0698386, -22.760502 ], [ -43.0698131, -22.7603211 ], [ -43.0697439, -22.7602119 ], [ -43.0696574, -22.7602199 ], [ -43.0695801, -22.7602642 ], [ -43.0695747, -22.7603454 ], [ -43.0695944, -22.7606437 ] ] ] ] } },
{ "type": "Feature", "properties": { "id": 1, "cod_distr": "330490410", "ord_distr": "2º Distrito", "nm_distr": "Ipiíba", "area_km2": 86.942417045502353, "cod_munic": "3304904", "nm_munic": "São Gonçalo", "cod_uf": "33", "sig_uf": "RJ" }, "geometry": { "type": "Polygon", "coordinates": [ [ [ -43.0099898, -22.8905621 ], [ -43.010014, -22.8905319 ], [ -43.0102732, -22.8902071 ], [ -43.0103372, -22.8901283 ], [ -43.0103763, -22.8900801 ], [ -43.0104131, -22.8900349 ], [ -43.0105529, -22.8898628 ], [ -43.0106795, -22.8896904 ], [ -43.0108506, -22.8894575 ], [ -43.011342, -22.8887653 ], [ -43.0115141, -22.8885358 ], [ -43.0117472, -22.888256 ], [ -43.0119875, -22.8879763 ], [ -43.0121018, -22.8878659 ], [ -43.0122027, -22.8877683 ], [ -43.0122239, -22.8877526 ], [ -43.0123763, -22.8876402 ], [ -43.0124362, -22.8876103 ], [ -43.0125578, -22.8875495 ], [ -43.0127514, -22.8874706 ], [ -43.0130527, -22.8873737 ], [ -43.0133002, -22.88732 ], [ -43.013458, -22.8872913 ], [ -43.0136158, -22.8872626 ], [ -43.0140498, -22.8871908 ], [ -43.0144712, -22.8871119 ], [ -43.014776, -22.8870492 ], [ -43.0149607, -22.8870008 ], [ -43.0149985, -22.886985 ], [ -43.0151239, -22.8869326 ], [ -43.0152674, -22.8868483 ], [ -43.0153911, -22.8867623 ], [ -43.0154933, -22.8866708 ], [ -43.0156153, -22.8865506 ], [ -43.0157408, -22.8864144 ], [ -43.0158807, -22.8862691 ], [ -43.0160152, -22.8861131 ], [ -43.0160887, -22.8860396 ], [ -43.0161622, -22.885966 ], [ -43.0163397, -22.8858495 ], [ -43.0165406, -22.8857491 ], [ -43.0167038, -22.8856899 ], [ -43.0169423, -22.8856325 ], [ -43.0172238, -22.8855769 ], [ -43.0174623, -22.8855141 ], [ -43.017708, -22.8854388 ], [ -43.0179555, -22.8853348 ], [ -43.0181473, -22.8852236 ], [ -43.0183654, -22.885083 ], [ -43.0185185, -22.8849547 ], [ -43.0187499, -22.8847646 ], [ -43.0189973, -22.8845422 ], [ -43.0192036, -22.8843593 ], [ -43.0194367, -22.884162 ], [ -43.019625, -22.884015 ], [ -43.01971, -22.8839379 ], [ -43.0197392, -22.8839114 ], [ -43.0197427, -22.8839082 ], [ -43.0197792, -22.8838751 ], [ -43.0199244, -22.8837388 ], [ -43.0201271, -22.8835308 ], [ -43.02024, -22.8833889 ], [ -43.0202845, -22.8833329 ], [ -43.0203154, -22.8832941 ], [ -43.0204654, -22.88309 ], [ -43.0204947, -22.8830502 ], [ -43.0205342, -22.8829929 ], [ -43.0207601, -22.8826647 ], [ -43.0208026, -22.882606 ], [ -43.0208445, -22.8825482 ], [ -43.020962, -22.8823862 ], [ -43.0210058, -22.8823258 ], [ -43.0211672, -22.882107 ], [ -43.0212082, -22.8820608 ], [ -43.0212452, -22.8820191 ], [ -43.0212529, -22.8820104 ], [ -43.0213232, -22.8819312 ], [ -43.0215276, -22.881725 ], [ -43.0215661, -22.8816905 ], [ -43.0217213, -22.8815511 ], [ -43.0217698, -22.8815122 ], [ -43.0219472, -22.88137 ], [ -43.0222198, -22.8811727 ], [ -43.0224942, -22.8810095 ], [ -43.0225428, -22.8809819 ], [ -43.0227972, -22.8808374 ], [ -43.0228894, -22.8807891 ], [ -43.0229927, -22.8807351 ], [ -43.0231882, -22.8806329 ], [ -43.0234663, -22.8804827 ], [ -43.0237028, -22.880355 ], [ -43.0240525, -22.8801308 ], [ -43.0245223, -22.8798009 ], [ -43.0246558, -22.8796974 ], [ -43.0247537, -22.8796215 ], [ -43.0247634, -22.8796127 ], [ -43.0249491, -22.8794386 ], [ -43.0250782, -22.8792898 ], [ -43.0255552, -22.8787697 ], [ -43.0255764, -22.8787468 ], [ -43.0256648, -22.8786509 ], [ -43.0258314, -22.8784703 ], [ -43.0261345, -22.8781242 ], [ -43.0263974, -22.8778081 ], [ -43.0265864, -22.8775808 ], [ -43.0268267, -22.8772903 ], [ -43.0272266, -22.8767972 ], [ -43.0273834, -22.8765605 ], [ -43.0274517, -22.876453 ], [ -43.0275459, -22.8763048 ], [ -43.0275691, -22.8762703 ], [ -43.0275924, -22.8762359 ], [ -43.0276534, -22.876148 ], [ -43.0277484, -22.8760494 ], [ -43.0278614, -22.8759756 ], [ -43.0279188, -22.8759382 ], [ -43.0281519, -22.8758414 ], [ -43.0281985, -22.8758234 ], [ -43.0282451, -22.8758055 ], [ -43.0285679, -22.8756836 ], [ -43.0288423, -22.8755849 ], [ -43.0290761, -22.8755056 ], [ -43.0287775, -22.8750115 ], [ -43.028717, -22.8749109 ], [ -43.0285076, -22.8745618 ], [ -43.0284266, -22.874437 ], [ -43.0282197, -22.8741047 ], [ -43.0280879, -22.873839 ], [ -43.0280311, -22.8737423 ], [ -43.0277724, -22.8733883 ], [ -43.0277181, -22.8733327 ], [ -43.0276221, -22.8732658 ], [ -43.0275507, -22.8732281 ], [ -43.0272188, -22.8730563 ], [ -43.0270177, -22.8729427 ], [ -43.0268882, -22.8728553 ], [ -43.0266532, -22.872662 ], [ -43.0262839, -22.8724478 ], [ -43.0260216, -22.8723614 ], [ -43.0256604, -22.8721719 ], [ -43.0249917, -22.8718553 ], [ -43.0243485, -22.8715521 ], [ -43.0239015, -22.8713325 ], [ -43.0237655, -22.8712713 ], [ -43.0232437, -22.871076 ], [ -43.0232309, -22.8710703 ], [ -43.0229345, -22.8709391 ], [ -43.0226263, -22.8707698 ], [ -43.0221923, -22.8705115 ], [ -43.0219745, -22.8703807 ], [ -43.0218279, -22.87031 ], [ -43.021759, -22.870279 ], [ -43.0216309, -22.8702216 ], [ -43.0213732, -22.8701083 ], [ -43.0212181, -22.8700435 ], [ -43.0210439, -22.8699607 ], [ -43.0208307, -22.869859 ], [ -43.0206755, -22.8697752 ], [ -43.0205712, -22.8697168 ], [ -43.0204823, -22.8696195 ], [ -43.0204443, -22.8695836 ], [ -43.0204152, -22.8695466 ], [ -43.0203406, -22.8694322 ], [ -43.0202377, -22.8689763 ], [ -43.0201544, -22.8686686 ], [ -43.0201048, -22.8685189 ], [ -43.020074, -22.8684642 ], [ -43.0200541, -22.8684288 ], [ -43.0200478, -22.8684175 ], [ -43.0200317, -22.8683889 ], [ -43.0200142, -22.8683555 ], [ -43.019927, -22.8681882 ], [ -43.0198206, -22.8680246 ], [ -43.0196928, -22.8677245 ], [ -43.0196634, -22.867544 ], [ -43.0195811, -22.8671644 ], [ -43.0195407, -22.8669911 ], [ -43.0194038, -22.8663744 ], [ -43.0193497, -22.8661184 ], [ -43.0193106, -22.8659197 ], [ -43.0192989, -22.8658602 ], [ -43.0192482, -22.8657339 ], [ -43.0192087, -22.8656425 ], [ -43.0191828, -22.8655376 ], [ -43.0191692, -22.8654609 ], [ -43.0191786, -22.8654032 ], [ -43.0191908, -22.8653276 ], [ -43.0191965, -22.8652924 ], [ -43.0192413, -22.8652011 ], [ -43.0192975, -22.8650864 ], [ -43.0194047, -22.8648944 ], [ -43.0195363, -22.8646926 ], [ -43.0195737, -22.8646114 ], [ -43.0196273, -22.8644947 ], [ -43.0196799, -22.8643719 ], [ -43.0196965, -22.8641749 ], [ -43.0196561, -22.8639424 ], [ -43.0195516, -22.8636275 ], [ -43.0194325, -22.8633169 ], [ -43.0193844, -22.8631965 ], [ -43.0195734, -22.862714 ], [ -43.0196471, -22.8625141 ], [ -43.0197149, -22.8624114 ], [ -43.0200043, -22.8619705 ], [ -43.0201227, -22.8617755 ], [ -43.020135, -22.8615265 ], [ -43.0201802, -22.86124 ], [ -43.0202456, -22.8609334 ], [ -43.0202602, -22.8608693 ], [ -43.0202674, -22.8608379 ], [ -43.0202733, -22.8608165 ], [ -43.0202791, -22.8607956 ], [ -43.0202795, -22.8607942 ], [ -43.0203009, -22.8607156 ], [ -43.0204859, -22.8602285 ], [ -43.0206745, -22.8598192 ], [ -43.0207884, -22.8595846 ], [ -43.0208286, -22.859407 ], [ -43.0208488, -22.859283 ], [ -43.0208219, -22.8591423 ], [ -43.0207508, -22.8589958 ], [ -43.0207462, -22.8589864 ], [ -43.0205707, -22.8583441 ], [ -43.0205095, -22.8580683 ], [ -43.0204634, -22.8577919 ], [ -43.0203729, -22.8571351 ], [ -43.020393, -22.8568 ], [ -43.0204265, -22.8566593 ], [ -43.0205304, -22.856475 ], [ -43.0206075, -22.8563342 ], [ -43.0206479, -22.8562302 ], [ -43.0206698, -22.8561835 ], [ -43.0206698, -22.8561528 ], [ -43.0206698, -22.8561221 ], [ -43.0206661, -22.8560729 ], [ -43.0206572, -22.8560569 ], [ -43.0206483, -22.8560409 ], [ -43.0206305, -22.856009 ], [ -43.0208837, -22.8556796 ], [ -43.0213697, -22.8550285 ], [ -43.0214581, -22.8549521 ], [ -43.0216059, -22.8548388 ], [ -43.0217841, -22.8546924 ], [ -43.0219875, -22.854587 ], [ -43.0221782, -22.854527 ], [ -43.0223537, -22.8544688 ], [ -43.0224888, -22.8544435 ], [ -43.022725, -22.8544089 ], [ -43.0235288, -22.8543321 ], [ -43.0233383, -22.8543027 ], [ -43.023025, -22.8542151 ], [ -43.0226656, -22.8540222 ], [ -43.0224631, -22.8539106 ], [ -43.0222605, -22.853799 ], [ -43.0221815, -22.8537624 ], [ -43.0220093, -22.8536508 ], [ -43.0217791, -22.8534402 ], [ -43.0216148, -22.8532765 ], [ -43.0214997, -22.8531487 ], [ -43.021417, -22.8530398 ], [ -43.0213335, -22.8528874 ], [ -43.0213114, -22.8528185 ], [ -43.0212499, -22.8527128 ], [ -43.0212204, -22.8526563 ], [ -43.0211516, -22.8525678 ], [ -43.0210803, -22.8524892 ], [ -43.0209939, -22.8524208 ], [ -43.0209068, -22.8523389 ], [ -43.0208487, -22.85232 ], [ -43.0207807, -22.852328 ], [ -43.0206716, -22.8523901 ], [ -43.0205236, -22.8525241 ], [ -43.0203857, -22.8526761 ], [ -43.0202966, -22.8527291 ], [ -43.0201986, -22.8527912 ], [ -43.0200325, -22.8528163 ], [ -43.0199545, -22.8528333 ], [ -43.0199435, -22.8528963 ], [ -43.0199036, -22.8529863 ], [ -43.0198546, -22.8530303 ], [ -43.0197855, -22.8530563 ], [ -43.0197175, -22.8530474 ], [ -43.0196785, -22.8530194 ], [ -43.0195633, -22.8529096 ], [ -43.0194862, -22.8528727 ], [ -43.0194472, -22.8528368 ], [ -43.0194281, -22.8527909 ], [ -43.019401, -22.852637 ], [ -43.0193839, -22.8524752 ], [ -43.0193858, -22.8523663 ], [ -43.0193487, -22.8522214 ], [ -43.0192526, -22.8520946 ], [ -43.0191374, -22.8519848 ], [ -43.0190693, -22.8519479 ], [ -43.0189837, -22.8519059 ], [ -43.0189025, -22.851911 ], [ -43.0188492, -22.8519288 ], [ -43.0187958, -22.8519466 ], [ -43.0186485, -22.8520735 ], [ -43.0185876, -22.8522107 ], [ -43.018552, -22.852363 ], [ -43.0185368, -22.8524544 ], [ -43.0185114, -22.8525306 ], [ -43.0184657, -22.8525712 ], [ -43.0183946, -22.8525916 ], [ -43.0182778, -22.8526068 ], [ -43.017902, -22.8526627 ], [ -43.0174703, -22.8527033 ], [ -43.0172265, -22.8527795 ], [ -43.0170183, -22.8528912 ], [ -43.0167694, -22.8529166 ], [ -43.016749, -22.8529304 ], [ -43.0165815, -22.8530436 ], [ -43.0164748, -22.8530029 ], [ -43.0163276, -22.8530385 ], [ -43.0163072, -22.8531197 ], [ -43.0161854, -22.8532494 ], [ -43.0158404, -22.8535075 ], [ -43.0155953, -22.8536126 ], [ -43.0155263, -22.8536756 ], [ -43.0154283, -22.8537287 ], [ -43.0153012, -22.8537538 ], [ -43.015087, -22.853697 ], [ -43.015029, -22.8536691 ], [ -43.0149809, -22.8536511 ], [ -43.0148439, -22.8536852 ], [ -43.0147839, -22.8537662 ], [ -43.0147349, -22.8538012 ], [ -43.0146365, -22.853808 ], [ -43.0146178, -22.8538093 ], [ -43.0145206, -22.8537913 ], [ -43.0143947, -22.8537616 ], [ -43.0143286, -22.8537693 ], [ -43.0142776, -22.8537687 ], [ -43.0141305, -22.8538038 ], [ -43.0140725, -22.8538118 ], [ -43.0139554, -22.853793 ], [ -43.0138483, -22.8537551 ], [ -43.0136642, -22.8537083 ], [ -43.0135181, -22.8537064 ], [ -43.013449, -22.8537145 ], [ -43.013332, -22.8537675 ], [ -43.013214, -22.8538466 ], [ -43.013164, -22.8539006 ], [ -43.013046, -22.8539896 ], [ -43.013016, -22.8540436 ], [ -43.0129851, -22.8541785 ], [ -43.012906, -22.8542225 ], [ -43.0128109, -22.8540678 ], [ -43.0126848, -22.8540029 ], [ -43.0126067, -22.854039 ], [ -43.0124697, -22.854091 ], [ -43.0124207, -22.8540991 ], [ -43.0123236, -22.8540712 ], [ -43.0122265, -22.8540433 ], [ -43.0121684, -22.8540244 ], [ -43.0121334, -22.8539996 ], [ -43.0120936, -22.8539655 ], [ -43.0120681, -22.8539371 ], [ -43.0119545, -22.8538207 ], [ -43.011892, -22.8536872 ], [ -43.0118352, -22.8535339 ], [ -43.0118097, -22.853301 ], [ -43.0117302, -22.8531761 ], [ -43.0116194, -22.8530511 ], [ -43.0114973, -22.8529432 ], [ -43.0113809, -22.8528466 ], [ -43.0112559, -22.8527842 ], [ -43.0112218, -22.852699 ], [ -43.0112133, -22.8525655 ], [ -43.0111598, -22.8523591 ], [ -43.0112076, -22.8522627 ], [ -43.0111905, -22.8521279 ], [ -43.0111234, -22.852018 ], [ -43.0110663, -22.8519362 ], [ -43.0109431, -22.8517095 ], [ -43.0108969, -22.8514927 ], [ -43.0107633, -22.8511556 ], [ -43.0107306, -22.8510063 ], [ -43.0107493, -22.8508804 ], [ -43.0107027, -22.8508011 ], [ -43.0106607, -22.8507451 ], [ -43.0106374, -22.8506238 ], [ -43.0105347, -22.8505492 ], [ -43.0104607, -22.8504482 ], [ -43.0103078, -22.8503582 ], [ -43.0101615, -22.8502133 ], [ -43.0100309, -22.8501247 ], [ -43.0098843, -22.8500279 ], [ -43.0095959, -22.8496824 ], [ -43.0095288, -22.8496095 ], [ -43.0094036, -22.8495267 ], [ -43.0092892, -22.849439 ], [ -43.009126, -22.8493643 ], [ -43.0090163, -22.8493502 ], [ -43.0088074, -22.8492556 ], [ -43.0086289, -22.8491747 ], [ -43.0085318, -22.8490929 ], [ -43.0084847, -22.848984 ], [ -43.0084666, -22.8489021 ], [ -43.0083605, -22.8487923 ], [ -43.0080921, -22.8484558 ], [ -43.0079493, -22.8482515 ], [ -43.0078857, -22.8481402 ], [ -43.0078063, -22.8480221 ], [ -43.0078789, -22.8479381 ], [ -43.0079515, -22.8478554 ], [ -43.0079846, -22.8477775 ], [ -43.0079475, -22.8476606 ], [ -43.0079039, -22.8475158 ], [ -43.0077699, -22.8472501 ], [ -43.0075306, -22.8468347 ], [ -43.0075124, -22.8468054 ], [ -43.0073158, -22.8464894 ], [ -43.0072976, -22.8464599 ], [ -43.0072318, -22.84636 ], [ -43.0071909, -22.84626 ], [ -43.0071477, -22.8461738 ], [ -43.00715, -22.8460307 ], [ -43.0071818, -22.8459013 ], [ -43.0071909, -22.8457832 ], [ -43.0072318, -22.8456855 ], [ -43.0072363, -22.8455993 ], [ -43.0072275, -22.8454412 ], [ -43.0072584, -22.8453153 ], [ -43.0072894, -22.8452163 ], [ -43.0073883, -22.8450913 ], [ -43.0075164, -22.8450123 ], [ -43.0075963, -22.8448773 ], [ -43.0076972, -22.8446534 ], [ -43.0077073, -22.8446244 ], [ -43.0078191, -22.8443026 ], [ -43.0079009, -22.8440148 ], [ -43.0080028, -22.843682 ], [ -43.0080147, -22.8435291 ], [ -43.0080956, -22.8433042 ], [ -43.0081865, -22.8431253 ], [ -43.0082955, -22.8429733 ], [ -43.0083164, -22.8428834 ], [ -43.0083474, -22.8427755 ], [ -43.0083973, -22.8426405 ], [ -43.0084882, -22.8424426 ], [ -43.0086123, -22.8421424 ], [ -43.0087419, -22.841724 ], [ -43.0087519, -22.841688 ], [ -43.0087819, -22.841652 ], [ -43.0088309, -22.841599 ], [ -43.0089501, -22.84147 ], [ -43.009121, -22.8413418 ], [ -43.0092776, -22.8412065 ], [ -43.0093403, -22.8411667 ], [ -43.0095128, -22.840921 ], [ -43.0095938, -22.8407591 ], [ -43.0097127, -22.8406171 ], [ -43.0098127, -22.8404371 ], [ -43.0099707, -22.8402771 ], [ -43.0100696, -22.8401422 ], [ -43.0101786, -22.8400531 ], [ -43.0102103, -22.8399392 ], [ -43.0103476, -22.8397852 ], [ -43.0104375, -22.8396682 ], [ -43.0105665, -22.8395172 ], [ -43.0107155, -22.8393113 ], [ -43.0106102, -22.8390496 ], [ -43.0106517, -22.8389343 ], [ -43.0105761, -22.8388218 ], [ -43.0104159, -22.8386411 ], [ -43.0103257, -22.8385393 ], [ -43.0100833, -22.8382835 ], [ -43.008432, -22.8365408 ], [ -43.0079488, -22.8360093 ], [ -43.0062018, -22.8340967 ], [ -43.00611, -22.834007 ], [ -43.0052258, -22.8330766 ], [ -43.0047361, -22.8325565 ], [ -43.0037948, -22.8315442 ], [ -43.0029143, -22.8306086 ], [ -43.0026865, -22.8303667 ], [ -43.0025752, -22.8302484 ], [ -43.0018942, -22.8294827 ], [ -43.001742, -22.829238 ], [ -43.0015607, -22.8289564 ], [ -43.0013603, -22.8286379 ], [ -43.0011208, -22.8281385 ], [ -43.0009906, -22.8278669 ], [ -43.0007731, -22.8274135 ], [ -43.000736, -22.8272776 ], [ -43.0006989, -22.8271418 ], [ -43.0006165, -22.8267072 ], [ -43.0005252, -22.8262917 ], [ -43.0005136, -22.8261362 ], [ -43.0004976, -22.8259229 ], [ -43.0004515, -22.8253076 ], [ -43.0004805, -22.8246092 ], [ -43.000482, -22.8245142 ], [ -43.0005058, -22.8241895 ], [ -43.0005686, -22.8239107 ], [ -43.0006385, -22.8237577 ], [ -43.0006436, -22.8236949 ], [ -43.0007799, -22.8227395 ], [ -43.0009754, -22.8213094 ], [ -43.0008988, -22.8213468 ], [ -43.0008464, -22.8213724 ], [ -43.000702, -22.8214429 ], [ -43.0006704, -22.8214584 ], [ -43.0005612, -22.8215117 ], [ -42.999845, -22.821897 ], [ -42.9993267, -22.8221767 ], [ -42.9984911, -22.8225996 ], [ -42.9976078, -22.8229816 ], [ -42.9968773, -22.8232827 ], [ -42.9964846, -22.8234446 ], [ -42.9964289, -22.8235033 ], [ -42.9962999, -22.8236264 ], [ -42.9961299, -22.8238609 ], [ -42.9961004, -22.8239069 ], [ -42.9960371, -22.8240055 ], [ -42.9959941, -22.8240902 ], [ -42.995764, -22.8245405 ], [ -42.995724, -22.8245845 ], [ -42.9956332, -22.8246302 ], [ -42.9952846, -22.8246373 ], [ -42.9944807, -22.8246834 ], [ -42.9936874, -22.824765 ], [ -42.9926871, -22.8248879 ], [ -42.9924161, -22.8249422 ], [ -42.9922234, -22.825079 ], [ -42.9917108, -22.8255726 ], [ -42.9911785, -22.826027 ], [ -42.9907731, -22.8261498 ], [ -42.9896947, -22.8264322 ], [ -42.9894942, -22.8264927 ], [ -42.9890759, -22.8266126 ], [ -42.988705, -22.8266517 ], [ -42.9880636, -22.8267046 ], [ -42.9871957, -22.8268075 ], [ -42.9863994, -22.8266896 ], [ -42.9857481, -22.8265169 ], [ -42.9851167, -22.8263404 ], [ -42.98453, -22.8261473 ], [ -42.9838471, -22.8259726 ], [ -42.9824339, -22.82565 ], [ -42.9824052, -22.8256388 ], [ -42.9823605, -22.8256191 ], [ -42.9820295, -22.8254733 ], [ -42.9818211, -22.825292 ], [ -42.981216, -22.824503 ], [ -42.9810365, -22.8243847 ], [ -42.9809894, -22.824363 ], [ -42.9804261, -22.8241018 ], [ -42.9802622, -22.8240261 ], [ -42.9778954, -22.8229113 ], [ -42.9765511, -22.8230049 ], [ -42.975764, -22.822996 ], [ -42.9755582, -22.8229794 ], [ -42.9755233, -22.82298 ], [ -42.9754925, -22.8229806 ], [ -42.975045, -22.8229886 ], [ -42.9744616, -22.8229461 ], [ -42.9737992, -22.8229018 ], [ -42.973507, -22.822889 ], [ -42.9732019, -22.8230662 ], [ -42.9729958, -22.8231543 ], [ -42.9726808, -22.8233944 ], [ -42.9722087, -22.8236775 ], [ -42.9715496, -22.8241297 ], [ -42.9712055, -22.8243329 ], [ -42.9710247, -22.824353 ], [ -42.9703661, -22.8244406 ], [ -42.9694422, -22.8244554 ], [ -42.9687913, -22.82455 ], [ -42.9687817, -22.8245674 ], [ -42.9682282, -22.8249821 ], [ -42.9677285, -22.8252546 ], [ -42.9675932, -22.8253175 ], [ -42.967189, -22.8255034 ], [ -42.9669891, -22.8255499 ], [ -42.9668495, -22.8255499 ], [ -42.9666077, -22.8254935 ], [ -42.9661454, -22.8253278 ], [ -42.9657937, -22.8251891 ], [ -42.9657166, -22.8251522 ], [ -42.9653373, -22.8250576 ], [ -42.96492, -22.82498 ], [ -42.9644527, -22.8249565 ], [ -42.9640044, -22.8249509 ], [ -42.9638474, -22.824995 ], [ -42.9636903, -22.825101 ], [ -42.9634443, -22.8252331 ], [ -42.9630702, -22.8254903 ], [ -42.9628042, -22.8256953 ], [ -42.9623712, -22.8260234 ], [ -42.9621741, -22.8261655 ], [ -42.9620061, -22.8263345 ], [ -42.9617872, -22.8266035 ], [ -42.9617072, -22.8267554 ], [ -42.9614883, -22.8270683 ], [ -42.9612675, -22.8275082 ], [ -42.9609377, -22.828082 ], [ -42.9608277, -22.8283373 ], [ -42.9607964, -22.8283971 ], [ -42.9607786, -22.828431 ], [ -42.9607704, -22.8284446 ], [ -42.9606672, -22.8286159 ], [ -42.9606585, -22.8286457 ], [ -42.9605439, -22.8290359 ], [ -42.9604572, -22.8293829 ], [ -42.9604546, -22.8298327 ], [ -42.9604526, -22.8301636 ], [ -42.9605159, -22.8308685 ], [ -42.9605716, -22.8315043 ], [ -42.9605883, -22.8316948 ], [ -42.9605292, -22.8321179 ], [ -42.9604854, -22.8324696 ], [ -42.9604168, -22.8331804 ], [ -42.960288, -22.8334753 ], [ -42.9601521, -22.8336519 ], [ -42.9600225, -22.8337661 ], [ -42.9598821, -22.8338377 ], [ -42.9597369, -22.8339084 ], [ -42.9595131, -22.8339584 ], [ -42.9592677, -22.8340134 ], [ -42.9587721, -22.8341322 ], [ -42.9581276, -22.8344018 ], [ -42.9575716, -22.834585 ], [ -42.9572993, -22.834679 ], [ -42.9571477, -22.8347114 ], [ -42.9570156, -22.8346838 ], [ -42.9566339, -22.8345939 ], [ -42.9563696, -22.8345128 ], [ -42.9563267, -22.8344865 ], [ -42.956244, -22.8344357 ], [ -42.9561808, -22.8343969 ], [ -42.9560195, -22.8342924 ], [ -42.9559474, -22.8342519 ], [ -42.9557828, -22.8341319 ], [ -42.9554034, -22.8337486 ], [ -42.9553024, -22.8335357 ], [ -42.95523, -22.8333118 ], [ -42.955219, -22.8331801 ], [ -42.9551723, -22.8329841 ], [ -42.9551351, -22.8328276 ], [ -42.9548984, -22.8324325 ], [ -42.9548024, -22.8323623 ], [ -42.954078, -22.8316053 ], [ -42.9539004, -22.8314216 ], [ -42.9534869, -22.8311231 ], [ -42.9532391, -22.8309857 ], [ -42.9529733, -22.8308947 ], [ -42.9526927, -22.8308842 ], [ -42.9526724, -22.8308903 ], [ -42.9526521, -22.8308964 ], [ -42.9525175, -22.8309368 ], [ -42.9524016, -22.8309917 ], [ -42.9515193, -22.8314619 ], [ -42.9505386, -22.8320098 ], [ -42.9487221, -22.832945 ], [ -42.9484597, -22.8330604 ], [ -42.9479277, -22.8332414 ], [ -42.947759, -22.8332563 ], [ -42.9475424, -22.8332842 ], [ -42.9464931, -22.8335414 ], [ -42.9454532, -22.8337594 ], [ -42.945196, -22.8338004 ], [ -42.9449034, -22.8338601 ], [ -42.9447673, -22.8339011 ], [ -42.9444673, -22.8340036 ], [ -42.9442063, -22.8341191 ], [ -42.9438616, -22.834326 ], [ -42.9435615, -22.8344826 ], [ -42.943377, -22.8345683 ], [ -42.943021, -22.8347807 ], [ -42.9427899, -22.8349131 ], [ -42.9426278, -22.8349839 ], [ -42.9423315, -22.8350659 ], [ -42.9421631, -22.8351324 ], [ -42.9420612, -22.8351777 ], [ -42.9418823, -22.835256 ], [ -42.9416848, -22.8353361 ], [ -42.9414313, -22.8353753 ], [ -42.9412468, -22.8353976 ], [ -42.9408293, -22.8354125 ], [ -42.9401416, -22.8353641 ], [ -42.9396943, -22.8353976 ], [ -42.9393589, -22.8354889 ], [ -42.9391706, -22.8355393 ], [ -42.9390737, -22.835584 ], [ -42.9389961, -22.8356773 ], [ -42.9389526, -22.8357629 ], [ -42.9389172, -22.8358524 ], [ -42.9388855, -22.8359344 ], [ -42.9388482, -22.836022 ], [ -42.9388165, -22.8360928 ], [ -42.9387943, -22.8361711 ], [ -42.9387096, -22.8366028 ], [ -42.938612, -22.8373323 ], [ -42.9386089, -22.8373654 ], [ -42.938605, -22.8374069 ], [ -42.9385482, -22.8376381 ], [ -42.9385357, -22.8376874 ], [ -42.9383897, -22.8376754 ], [ -42.9383242, -22.83767 ], [ -42.9380641, -22.8376485 ], [ -42.9379228, -22.8376011 ], [ -42.9376252, -22.8375171 ], [ -42.9370532, -22.8373267 ], [ -42.9368083, -22.8373008 ], [ -42.9367341, -22.8372973 ], [ -42.936522, -22.8372735 ], [ -42.9363178, -22.8372506 ], [ -42.9358648, -22.8372007 ], [ -42.9355391, -22.8371643 ], [ -42.9354723, -22.8371568 ], [ -42.934855, -22.8370825 ], [ -42.9343083, -22.8370166 ], [ -42.9339506, -22.8369451 ], [ -42.9337451, -22.8368159 ], [ -42.933472, -22.8366622 ], [ -42.9333785, -22.8365957 ], [ -42.9331312, -22.8363115 ], [ -42.9326723, -22.835705 ], [ -42.9324803, -22.8354565 ], [ -42.9322109, -22.8351194 ], [ -42.9320141, -22.8348106 ], [ -42.9318799, -22.83469 ], [ -42.9311073, -22.8341413 ], [ -42.9305894, -22.8337734 ], [ -42.9300923, -22.8334412 ], [ -42.9292323, -22.8327264 ], [ -42.9286147, -22.8322454 ], [ -42.9282678, -22.8319858 ], [ -42.9278876, -22.8317594 ], [ -42.9274656, -22.831581 ], [ -42.9270793, -22.8314235 ], [ -42.9265528, -22.8312058 ], [ -42.9262944, -22.8310987 ], [ -42.9261086, -22.83102 ], [ -42.926004, -22.8309376 ], [ -42.9257814, -22.8306177 ], [ -42.9256522, -22.8304344 ], [ -42.9254959, -22.8301736 ], [ -42.9254221, -22.8300444 ], [ -42.9253323, -22.8298734 ], [ -42.9253089, -22.8295166 ], [ -42.9252856, -22.8292767 ], [ -42.9252302, -22.8290983 ], [ -42.9250838, -22.8288658 ], [ -42.9249398, -22.828632 ], [ -42.9248291, -22.8284524 ], [ -42.9247122, -22.8282543 ], [ -42.9245498, -22.8279873 ], [ -42.9244059, -22.8277523 ], [ -42.9242878, -22.8275543 ], [ -42.9241857, -22.827414 ], [ -42.9239864, -22.8271802 ], [ -42.923808, -22.8269699 ], [ -42.9236406, -22.8268001 ], [ -42.9233331, -22.826554 ], [ -42.9229037, -22.8260619 ], [ -42.9223661, -22.82548 ], [ -42.9219576, -22.8250617 ], [ -42.9216845, -22.8248784 ], [ -42.9214335, -22.8247922 ], [ -42.9211653, -22.824695 ], [ -42.9201331, -22.8243912 ], [ -42.91962, -22.8242509 ], [ -42.9195032, -22.8241968 ], [ -42.9189753, -22.8240442 ], [ -42.9189372, -22.8240331 ], [ -42.9181634, -22.8238388 ], [ -42.9179397, -22.8237868 ], [ -42.9178878, -22.8237748 ], [ -42.9175876, -22.823696 ], [ -42.9175782, -22.8237051 ], [ -42.9175689, -22.8237142 ], [ -42.9175393, -22.8237432 ], [ -42.9174892, -22.823792 ], [ -42.9173514, -22.8239396 ], [ -42.9171201, -22.8242448 ], [ -42.9169085, -22.8242718 ], [ -42.9166673, -22.8243112 ], [ -42.9164286, -22.8243432 ], [ -42.91619, -22.8243678 ], [ -42.9160005, -22.8243948 ], [ -42.9159119, -22.8242275 ], [ -42.9157588, -22.8240395 ], [ -42.915617, -22.823836 ], [ -42.9152809, -22.8233673 ], [ -42.9150403, -22.8231329 ], [ -42.9146796, -22.8227906 ], [ -42.9137668, -22.8220321 ], [ -42.9133475, -22.8217021 ], [ -42.9132969, -22.8216325 ], [ -42.9124407, -22.8216593 ], [ -42.912134, -22.8217002 ], [ -42.9113672, -22.8219353 ], [ -42.9108661, -22.8220753 ], [ -42.9097621, -22.8223183 ], [ -42.9094095, -22.8224465 ], [ -42.9089904, -22.8225282 ], [ -42.9080448, -22.8228247 ], [ -42.9066237, -22.8226714 ], [ -42.9061637, -22.8225589 ], [ -42.9060027, -22.8224976 ], [ -42.9055145, -22.8222471 ], [ -42.9052353, -22.8219855 ], [ -42.9049063, -22.8216695 ], [ -42.9043609, -22.8212189 ], [ -42.9033217, -22.8237605 ], [ -42.9001652, -22.8314803 ], [ -42.9001171, -22.8315979 ], [ -42.8988311, -22.8347432 ], [ -42.8960085, -22.8416463 ], [ -42.8960672, -22.8418641 ], [ -42.8960431, -22.8419256 ], [ -42.8960353, -22.8419454 ], [ -42.8960233, -22.841976 ], [ -42.8957639, -22.8426368 ], [ -42.8922197, -22.8516644 ], [ -42.8867643, -22.86556 ], [ -42.8859505, -22.8676329 ], [ -42.8869242, -22.8682801 ], [ -42.8873569, -22.8686571 ], [ -42.8877895, -22.869034 ], [ -42.8885647, -22.8694706 ], [ -42.890144, -22.8697827 ], [ -42.8913048, -22.8699796 ], [ -42.8922919, -22.870147 ], [ -42.8933635, -22.8703833 ], [ -42.8942363, -22.8706702 ], [ -42.8950731, -22.8711245 ], [ -42.8959003, -22.871661 ], [ -42.8963899, -22.8720776 ], [ -42.897873, -22.8733395 ], [ -42.8989613, -22.8745909 ], [ -42.8995204, -22.8755121 ], [ -42.9001742, -22.8766084 ], [ -42.900955, -22.8775683 ], [ -42.9012898, -22.8777357 ], [ -42.9016843, -22.8778194 ], [ -42.9021989, -22.877855 ], [ -42.9027722, -22.8779389 ], [ -42.9038977, -22.878413 ], [ -42.9048883, -22.8790029 ], [ -42.9055697, -22.8793736 ], [ -42.906024, -22.8794692 ], [ -42.9064544, -22.8793736 ], [ -42.9068994, -22.8790853 ], [ -42.9080564, -22.8783813 ], [ -42.9084862, -22.8781151 ], [ -42.9087498, -22.8780226 ], [ -42.9090431, -22.8780928 ], [ -42.9099333, -22.878728 ], [ -42.9102681, -22.8788714 ], [ -42.9107224, -22.8789193 ], [ -42.9117172, -22.878815 ], [ -42.9124905, -22.8790018 ], [ -42.9148459, -22.8798572 ], [ -42.9153776, -22.8800345 ], [ -42.9171939, -22.8809461 ], [ -42.9180094, -22.8813554 ], [ -42.9198132, -22.8817752 ], [ -42.9209346, -22.8818772 ], [ -42.9220922, -22.8817535 ], [ -42.9230982, -22.8821417 ], [ -42.9235887, -22.8823308 ], [ -42.9241336, -22.8825408 ], [ -42.9247612, -22.8824556 ], [ -42.925602, -22.8821666 ], [ -42.9268537, -22.8821447 ], [ -42.9271747, -22.8822581 ], [ -42.9273732, -22.8823283 ], [ -42.9281144, -22.8827638 ], [ -42.9282664, -22.8828531 ], [ -42.9286547, -22.8831944 ], [ -42.9291213, -22.883522 ], [ -42.9302929, -22.8844306 ], [ -42.9309384, -22.8849327 ], [ -42.9317872, -22.8853924 ], [ -42.9335925, -22.8863195 ], [ -42.9339969, -22.886497 ], [ -42.9345728, -22.8867498 ], [ -42.9347349, -22.8868236 ], [ -42.9350988, -22.886989 ], [ -42.9360791, -22.8874672 ], [ -42.9367851, -22.8878417 ], [ -42.9377096, -22.8882557 ], [ -42.9385658, -22.888567 ], [ -42.9396989, -22.8889421 ], [ -42.940746, -22.8893597 ], [ -42.942198, -22.8899042 ], [ -42.943873, -22.8904342 ], [ -42.9440173, -22.8904798 ], [ -42.9468148, -22.8912928 ], [ -42.9476432, -22.8915199 ], [ -42.9484511, -22.8917414 ], [ -42.9559724, -22.8938034 ], [ -42.955501, -22.8960334 ], [ -42.9544835, -22.9008462 ], [ -42.9544716, -22.9009024 ], [ -42.9544661, -22.9009286 ], [ -42.9550885, -22.9006889 ], [ -42.9552818, -22.9006642 ], [ -42.955475, -22.9006396 ], [ -42.955835, -22.9006434 ], [ -42.9559101, -22.9006534 ], [ -42.9562632, -22.9007002 ], [ -42.9567293, -22.900795 ], [ -42.9568137, -22.9008111 ], [ -42.9572699, -22.9008984 ], [ -42.95765, -22.9009276 ], [ -42.9585973, -22.9009731 ], [ -42.9603783, -22.9010451 ], [ -42.9608481, -22.901083 ], [ -42.9611929, -22.901136 ], [ -42.9613216, -22.9011577 ], [ -42.9613499, -22.9011625 ], [ -42.9614117, -22.9011729 ], [ -42.9614484, -22.9011791 ], [ -42.9614847, -22.9011853 ], [ -42.9618207, -22.9012861 ], [ -42.9619015, -22.9013103 ], [ -42.9619155, -22.9013149 ], [ -42.9623436, -22.9014569 ], [ -42.9624919, -22.9015275 ], [ -42.9625856, -22.9015721 ], [ -42.9628791, -22.901712 ], [ -42.9634096, -22.9019999 ], [ -42.9644175, -22.9025228 ], [ -42.9651837, -22.9028924 ], [ -42.9653912, -22.9029788 ], [ -42.9657283, -22.9031192 ], [ -42.9665707, -22.90347 ], [ -42.966926, -22.9036179 ], [ -42.9674944, -22.9038642 ], [ -42.968256, -22.9042507 ], [ -42.9687963, -22.9045687 ], [ -42.9690515, -22.9047188 ], [ -42.9691005, -22.9047476 ], [ -42.9694344, -22.9049441 ], [ -42.9697018, -22.905097 ], [ -42.9699353, -22.9052305 ], [ -42.9704312, -22.9055141 ], [ -42.9705017, -22.9055544 ], [ -42.9708592, -22.9057588 ], [ -42.9710242, -22.9058528 ], [ -42.9723294, -22.9065962 ], [ -42.9725719, -22.9067213 ], [ -42.9727418, -22.906785 ], [ -42.9728144, -22.9068122 ], [ -42.973112, -22.9068857 ], [ -42.9731213, -22.906888 ], [ -42.9733405, -22.906913 ], [ -42.9733866, -22.9069183 ], [ -42.9736115, -22.9069154 ], [ -42.9736783, -22.9069145 ], [ -42.9740118, -22.9068804 ], [ -42.9740478, -22.9068734 ], [ -42.9743854, -22.9068077 ], [ -42.97444, -22.9067971 ], [ -42.9747612, -22.9067283 ], [ -42.9759898, -22.9064598 ], [ -42.9760948, -22.906437 ], [ -42.9765127, -22.9063461 ], [ -42.9769376, -22.9062648 ], [ -42.9775092, -22.9061188 ], [ -42.9775495, -22.9061461 ], [ -42.9777328, -22.9062704 ], [ -42.9779829, -22.9063878 ], [ -42.9782178, -22.9065432 ], [ -42.9784489, -22.9066682 ], [ -42.9786232, -22.9068122 ], [ -42.9787824, -22.9069714 ], [ -42.9789302, -22.9072101 ], [ -42.979006, -22.907445 ], [ -42.9790514, -22.907733 ], [ -42.9791007, -22.9079262 ], [ -42.9791386, -22.9079888 ], [ -42.9791765, -22.9080513 ], [ -42.9793621, -22.9082635 ], [ -42.9796198, -22.9085287 ], [ -42.9797865, -22.9087162 ], [ -42.9799419, -22.9087788 ], [ -42.9801654, -22.9088091 ], [ -42.9803156, -22.9088091 ], [ -42.9805595, -22.9088091 ], [ -42.9810824, -22.9087485 ], [ -42.9812113, -22.9087599 ], [ -42.9814779, -22.9088887 ], [ -42.9817228, -22.9089683 ], [ -42.9819312, -22.9089986 ], [ -42.9823367, -22.9090024 ], [ -42.982528, -22.9089967 ], [ -42.9827194, -22.908991 ], [ -42.982924, -22.9090024 ], [ -42.9831362, -22.9090744 ], [ -42.9834816, -22.9091719 ], [ -42.9837518, -22.9092362 ], [ -42.983799, -22.9092255 ], [ -42.9838462, -22.9092148 ], [ -42.9839105, -22.9091805 ], [ -42.9839791, -22.9091075 ], [ -42.9842837, -22.9087815 ], [ -42.9843997, -22.9086728 ], [ -42.9844424, -22.9086329 ], [ -42.9846226, -22.9084641 ], [ -42.9849357, -22.9081853 ], [ -42.9850447, -22.9080969 ], [ -42.9853218, -22.9078722 ], [ -42.9855705, -22.9076405 ], [ -42.9856478, -22.9075161 ], [ -42.9856907, -22.9073574 ], [ -42.9856649, -22.9071687 ], [ -42.9855748, -22.9068899 ], [ -42.9855357, -22.9067809 ], [ -42.9854161, -22.906448 ], [ -42.9853561, -22.9061306 ], [ -42.985399, -22.9059676 ], [ -42.9854461, -22.9058175 ], [ -42.9854933, -22.9056673 ], [ -42.9856738, -22.9052355 ], [ -42.9856791, -22.9052229 ], [ -42.9857028, -22.9051541 ], [ -42.9857386, -22.9050506 ], [ -42.9858435, -22.9048134 ], [ -42.9859052, -22.9046138 ], [ -42.9859086, -22.9046027 ], [ -42.9859244, -22.9043869 ], [ -42.9859008, -22.9041896 ], [ -42.9858386, -22.904033 ], [ -42.9857378, -22.9038336 ], [ -42.9856134, -22.9036556 ], [ -42.9855019, -22.903499 ], [ -42.9854419, -22.9033789 ], [ -42.9853947, -22.9032159 ], [ -42.9853818, -22.9030722 ], [ -42.9853797, -22.9030046 ], [ -42.9853775, -22.9029371 ], [ -42.9853882, -22.9028041 ], [ -42.9854183, -22.902669 ], [ -42.9854676, -22.9025124 ], [ -42.9856606, -22.9019612 ], [ -42.9857866, -22.901561 ], [ -42.9857936, -22.9015387 ], [ -42.9858027, -22.901508 ], [ -42.985869, -22.9012857 ], [ -42.9859129, -22.9011384 ], [ -42.9859491, -22.9010168 ], [ -42.9859697, -22.9009477 ], [ -42.9859854, -22.9008949 ], [ -42.9860571, -22.9007263 ], [ -42.9861181, -22.9005792 ], [ -42.9861683, -22.9003712 ], [ -42.9862221, -22.9001022 ], [ -42.9862604, -22.8997521 ], [ -42.9862723, -22.8996432 ], [ -42.9863225, -22.8991769 ], [ -42.9863799, -22.8988649 ], [ -42.9864337, -22.898456 ], [ -42.986443, -22.8983767 ], [ -42.9865341, -22.8976024 ], [ -42.9865411, -22.8975287 ], [ -42.9866274, -22.8966197 ], [ -42.9867493, -22.8953143 ], [ -42.9867735, -22.8950788 ], [ -42.9867981, -22.8948399 ], [ -42.9868426, -22.8944069 ], [ -42.9868964, -22.8938904 ], [ -42.9869183, -22.8936775 ], [ -42.9869215, -22.8936465 ], [ -42.9869573, -22.8934134 ], [ -42.9869968, -22.8931265 ], [ -42.9870173, -22.8930241 ], [ -42.9870245, -22.8929878 ], [ -42.9870506, -22.8928575 ], [ -42.9870921, -22.8927066 ], [ -42.9871187, -22.89261 ], [ -42.9872156, -22.8923411 ], [ -42.9872945, -22.8921223 ], [ -42.9873056, -22.8921115 ], [ -42.9873586, -22.8920602 ], [ -42.9874092, -22.8920111 ], [ -42.9875778, -22.8919107 ], [ -42.9877428, -22.8918067 ], [ -42.9877787, -22.8917931 ], [ -42.9879042, -22.8917457 ], [ -42.9881552, -22.8917098 ], [ -42.9884063, -22.8916381 ], [ -42.9885641, -22.8915556 ], [ -42.9887524, -22.8913969 ], [ -42.9888741, -22.8912414 ], [ -42.9889622, -22.8911288 ], [ -42.9891403, -22.8908798 ], [ -42.9892778, -22.8906877 ], [ -42.9894284, -22.890451 ], [ -42.9894679, -22.8900923 ], [ -42.9894822, -22.8900464 ], [ -42.9895217, -22.8899202 ], [ -42.9896257, -22.8897516 ], [ -42.9897118, -22.8895543 ], [ -42.989909, -22.8891562 ], [ -42.9901135, -22.8887546 ], [ -42.9902106, -22.8885933 ], [ -42.9902928, -22.8884569 ], [ -42.9904542, -22.8883278 ], [ -42.9905156, -22.8882962 ], [ -42.9907024, -22.8882003 ], [ -42.9907196, -22.8881915 ], [ -42.9909048, -22.8881297 ], [ -42.9909455, -22.8881162 ], [ -42.9911464, -22.8880839 ], [ -42.9914441, -22.888048 ], [ -42.9920453, -22.8879965 ], [ -42.993431, -22.8878543 ], [ -42.9934868, -22.8878512 ], [ -42.9940476, -22.8878198 ], [ -42.9941985, -22.8878113 ], [ -42.9945751, -22.8878902 ], [ -42.994923, -22.8880086 ], [ -42.9950009, -22.8880544 ], [ -42.9953318, -22.8882489 ], [ -42.9960527, -22.8885681 ], [ -42.9968346, -22.8889339 ], [ -42.9971, -22.8890917 ], [ -42.9973833, -22.8892495 ], [ -42.9974429, -22.8892713 ], [ -42.9977455, -22.8893822 ], [ -42.9982943, -22.8895077 ], [ -42.9986806, -22.8895629 ], [ -42.9989205, -22.8895847 ], [ -42.9992196, -22.8896117 ], [ -42.9996751, -22.8897121 ], [ -43.0000552, -22.8898484 ], [ -43.0004569, -22.889974 ], [ -43.0007905, -22.8901533 ], [ -43.0008491, -22.8901861 ], [ -43.0014504, -22.8905227 ], [ -43.0018513, -22.8907384 ], [ -43.0018754, -22.8907513 ], [ -43.0020171, -22.8908275 ], [ -43.0022134, -22.8909257 ], [ -43.0022394, -22.8909387 ], [ -43.002356, -22.8909836 ], [ -43.002372, -22.8909897 ], [ -43.0024725, -22.8910284 ], [ -43.0027666, -22.8911073 ], [ -43.0032042, -22.8911754 ], [ -43.0032282, -22.8911784 ], [ -43.0035059, -22.8912131 ], [ -43.003602, -22.8912111 ], [ -43.0039358, -22.8912041 ], [ -43.0044308, -22.8912508 ], [ -43.0047428, -22.8913261 ], [ -43.0051014, -22.8914911 ], [ -43.005392, -22.8916058 ], [ -43.0057291, -22.8917278 ], [ -43.005802, -22.8917548 ], [ -43.0059973, -22.8918272 ], [ -43.0060483, -22.8918461 ], [ -43.0060775, -22.8918521 ], [ -43.0061067, -22.8918582 ], [ -43.0062742, -22.8918927 ], [ -43.0065653, -22.8919436 ], [ -43.006758, -22.8919374 ], [ -43.0068086, -22.8919358 ], [ -43.006966, -22.8919063 ], [ -43.0071184, -22.8918779 ], [ -43.008132, -22.8916883 ], [ -43.0084476, -22.8916453 ], [ -43.0086521, -22.8916058 ], [ -43.0087454, -22.8915752 ], [ -43.0088816, -22.8915305 ], [ -43.0091255, -22.8913835 ], [ -43.0093457, -22.8912303 ], [ -43.0094822, -22.8911011 ], [ -43.0097675, -22.8908311 ], [ -43.0098888, -22.8906844 ], [ -43.0099393, -22.8906233 ], [ -43.0099898, -22.8905621 ] ] ] } },
{ "type": "Feature", "properties": { "id": 2, "cod_distr": "330490415", "ord_distr": "3º Distrito", "nm_distr": "Monjolo", "area_km2": 57.123162299640867, "cod_munic": "3304904", "nm_munic": "São Gonçalo", "cod_uf": "33", "sig_uf": "RJ" }, "geometry": { "type": "Polygon", "coordinates": [ [ [ -43.0060434, -22.8171085 ], [ -43.0063874, -22.8168594 ], [ -43.0065885, -22.8167503 ], [ -43.0068585, -22.8166032 ], [ -43.0073065, -22.8163571 ], [ -43.0074477, -22.816277 ], [ -43.0078218, -22.8160368 ], [ -43.007968, -22.8158978 ], [ -43.0081087, -22.8157608 ], [ -43.0082577, -22.8155009 ], [ -43.0083595, -22.815231 ], [ -43.0083534, -22.8149793 ], [ -43.0083453, -22.8148434 ], [ -43.0083281, -22.8146625 ], [ -43.0082527, -22.8144904 ], [ -43.0079855, -22.8140634 ], [ -43.0077742, -22.8138358 ], [ -43.007669, -22.813672 ], [ -43.0075477, -22.8133274 ], [ -43.0073864, -22.8129738 ], [ -43.0071589, -22.8125204 ], [ -43.0069696, -22.8121389 ], [ -43.0069415, -22.812093 ], [ -43.0068092, -22.8117944 ], [ -43.0067159, -22.8114777 ], [ -43.0066879, -22.8113599 ], [ -43.0066617, -22.811188 ], [ -43.0066436, -22.8110432 ], [ -43.0065822, -22.8105556 ], [ -43.006567, -22.8102759 ], [ -43.0065399, -22.810131 ], [ -43.0064333, -22.8093718 ], [ -43.0063972, -22.809146 ], [ -43.00636, -22.8090102 ], [ -43.006194, -22.8076465 ], [ -43.0061517, -22.8071949 ], [ -43.0061664, -22.8068432 ], [ -43.0062654, -22.8067352 ], [ -43.0063644, -22.8066012 ], [ -43.006515, -22.8063405 ], [ -43.0066043, -22.8061804 ], [ -43.0067821, -22.8059305 ], [ -43.006808, -22.8058374 ], [ -43.0068241, -22.8057765 ], [ -43.0069631, -22.8055886 ], [ -43.007024, -22.8054007 ], [ -43.0070859, -22.8051758 ], [ -43.0072248, -22.8050058 ], [ -43.0073257, -22.804709 ], [ -43.0074191, -22.8044527 ], [ -43.0074276, -22.8044301 ], [ -43.0075175, -22.8042332 ], [ -43.0075894, -22.8040263 ], [ -43.0077612, -22.8035865 ], [ -43.0079011, -22.8032997 ], [ -43.0079511, -22.8032187 ], [ -43.008001, -22.8031287 ], [ -43.008091, -22.8029408 ], [ -43.00825, -22.8027618 ], [ -43.008427, -22.8026467 ], [ -43.008614, -22.8025227 ], [ -43.0088981, -22.8023905 ], [ -43.0090742, -22.8023294 ], [ -43.0092122, -22.8022594 ], [ -43.0093392, -22.8021883 ], [ -43.0094573, -22.8021173 ], [ -43.0095653, -22.8020732 ], [ -43.0097613, -22.8019491 ], [ -43.0100074, -22.8017811 ], [ -43.0101554, -22.801674 ], [ -43.0103444, -22.8015236 ], [ -43.0104516, -22.8014303 ], [ -43.0105494, -22.8013359 ], [ -43.0106884, -22.8012199 ], [ -43.0109111, -22.8009959 ], [ -43.0111224, -22.8007829 ], [ -43.0112714, -22.8006229 ], [ -43.0114094, -22.8004889 ], [ -43.0114593, -22.8003899 ], [ -43.0115493, -22.800256 ], [ -43.0115512, -22.8000751 ], [ -43.011624, -22.7998053 ], [ -43.0116592, -22.7994486 ], [ -43.0117106, -22.7991388 ], [ -43.0117844, -22.798743 ], [ -43.0118382, -22.7983913 ], [ -43.0118501, -22.7982114 ], [ -43.011823, -22.7980846 ], [ -43.0117078, -22.7979568 ], [ -43.0115936, -22.797775 ], [ -43.0114304, -22.7975844 ], [ -43.011123, -22.7972739 ], [ -43.0110178, -22.7970922 ], [ -43.0109988, -22.7970652 ], [ -43.0107785, -22.7968186 ], [ -43.0106252, -22.7966009 ], [ -43.010482, -22.7963643 ], [ -43.0103116, -22.7960377 ], [ -43.0101023, -22.7956742 ], [ -43.0100171, -22.7954655 ], [ -43.0099728, -22.7951677 ], [ -43.0099757, -22.7949419 ], [ -43.0100076, -22.7947621 ], [ -43.0100276, -22.7946991 ], [ -43.0101075, -22.7946011 ], [ -43.0100885, -22.7945462 ], [ -43.0101694, -22.7943573 ], [ -43.0103764, -22.7941612 ], [ -43.0107705, -22.7938771 ], [ -43.0111145, -22.793674 ], [ -43.0114786, -22.7933989 ], [ -43.0118036, -22.7931498 ], [ -43.0122366, -22.7928117 ], [ -43.0124537, -22.7926427 ], [ -43.0126507, -22.7924736 ], [ -43.0128667, -22.7923405 ], [ -43.0131327, -22.7921365 ], [ -43.0134378, -22.7919144 ], [ -43.0137338, -22.7916923 ], [ -43.0139989, -22.7915152 ], [ -43.0142249, -22.7913642 ], [ -43.0143819, -22.7912851 ], [ -43.014529, -22.791232 ], [ -43.014627, -22.79117 ], [ -43.014648, -22.791126 ], [ -43.0146674, -22.791076 ], [ -43.0146843, -22.7910326 ], [ -43.0146931, -22.7910099 ], [ -43.0147058, -22.7909771 ], [ -43.0147179, -22.7909461 ], [ -43.0147617, -22.7906123 ], [ -43.0148055, -22.7902975 ], [ -43.0147912, -22.7898729 ], [ -43.014806, -22.7895482 ], [ -43.0147546, -22.7889977 ], [ -43.0147965, -22.7887998 ], [ -43.0149055, -22.7886838 ], [ -43.0151315, -22.7885418 ], [ -43.0153466, -22.7884536 ], [ -43.0155437, -22.7883296 ], [ -43.0157797, -22.7881885 ], [ -43.0159658, -22.7881094 ], [ -43.0162998, -22.7878962 ], [ -43.0166049, -22.7876931 ], [ -43.0167829, -22.7875101 ], [ -43.0168519, -22.7874341 ], [ -43.0169699, -22.7873361 ], [ -43.0170027, -22.7871383 ], [ -43.0169466, -22.7869025 ], [ -43.0168642, -22.7865139 ], [ -43.01683, -22.7862152 ], [ -43.0168119, -22.7860803 ], [ -43.0167805, -22.7855298 ], [ -43.0168162, -22.7850512 ], [ -43.0167948, -22.7845097 ], [ -43.0167454, -22.7838693 ], [ -43.0167158, -22.7831559 ], [ -43.0167083, -22.7823436 ], [ -43.0166888, -22.7815763 ], [ -43.016655, -22.7805033 ], [ -43.0166523, -22.7803951 ], [ -43.0166427, -22.7800157 ], [ -43.0165485, -22.7783452 ], [ -43.0165142, -22.7780205 ], [ -43.016409, -22.7778657 ], [ -43.0162168, -22.77771 ], [ -43.0159746, -22.7776083 ], [ -43.01593, -22.7775916 ], [ -43.015305, -22.7773562 ], [ -43.0144823, -22.7770132 ], [ -43.0137075, -22.7766342 ], [ -43.0128657, -22.7762643 ], [ -43.0128357, -22.7762543 ], [ -43.0116365, -22.775636 ], [ -43.0107557, -22.7752471 ], [ -43.0093604, -22.7746629 ], [ -43.0084496, -22.774264 ], [ -43.0078881, -22.7740048 ], [ -43.0072295, -22.7737266 ], [ -43.0066009, -22.7734304 ], [ -43.0060013, -22.7731172 ], [ -43.0053807, -22.772848 ], [ -43.0048482, -22.7726527 ], [ -43.0041706, -22.7723196 ], [ -43.0036281, -22.7720883 ], [ -43.0030566, -22.771838 ], [ -43.0025831, -22.7715976 ], [ -43.0022438, -22.771459 ], [ -43.001343, -22.7710872 ], [ -43.0004231, -22.7706614 ], [ -42.9985163, -22.7697918 ], [ -42.9966476, -22.7689213 ], [ -42.9948759, -22.7681256 ], [ -42.9943244, -22.7678393 ], [ -42.994094, -22.7675837 ], [ -42.9937805, -22.7670295 ], [ -42.9930462, -22.7658931 ], [ -42.9926755, -22.7652131 ], [ -42.9923339, -22.7645679 ], [ -42.9921526, -22.7643043 ], [ -42.9921345, -22.7642324 ], [ -42.9921264, -22.7641145 ], [ -42.9919689, -22.7634992 ], [ -42.9920327, -22.7631574 ], [ -42.9920636, -22.7629955 ], [ -42.9924015, -22.7624936 ], [ -42.9927785, -22.7620747 ], [ -42.9930721, -22.7612201 ], [ -42.9930926, -22.7604987 ], [ -42.9929851, -22.7598304 ], [ -42.9928275, -22.7592151 ], [ -42.9927871, -22.7586546 ], [ -42.993124, -22.7581987 ], [ -42.9935661, -22.7579425 ], [ -42.9943356, -22.7579508 ], [ -42.9948929, -22.7578583 ], [ -42.9956681, -22.757453 ], [ -42.9962292, -22.7569989 ], [ -42.9968864, -22.7566995 ], [ -42.9976706, -22.7563481 ], [ -42.9981155, -22.7558481 ], [ -42.9981927, -22.7554692 ], [ -42.9980714, -22.7552257 ], [ -42.9974877, -22.7551468 ], [ -42.9967146, -22.7551152 ], [ -42.9960204, -22.7548313 ], [ -42.9952718, -22.75439 ], [ -42.9945217, -22.7536165 ], [ -42.9938906, -22.752875 ], [ -42.9934489, -22.7520704 ], [ -42.9931018, -22.7509976 ], [ -42.9928494, -22.7501614 ], [ -42.992802, -22.7494199 ], [ -42.9929913, -22.7488362 ], [ -42.9933114, -22.748286 ], [ -42.9935384, -22.7480809 ], [ -42.9940975, -22.7477807 ], [ -42.9949741, -22.7477909 ], [ -42.9956394, -22.7476005 ], [ -42.9959744, -22.7472974 ], [ -42.9961138, -22.7470915 ], [ -42.9962533, -22.7468855 ], [ -42.9959887, -22.7462693 ], [ -42.995558, -22.7457501 ], [ -42.9948423, -22.7453811 ], [ -42.9937407, -22.745476 ], [ -42.9925347, -22.7457756 ], [ -42.9923521, -22.745821 ], [ -42.9916134, -22.7456882 ], [ -42.9914065, -22.7459767 ], [ -42.991284, -22.7461648 ], [ -42.9911567, -22.7463894 ], [ -42.9910866, -22.7465007 ], [ -42.990828, -22.7467957 ], [ -42.9907465, -22.7470035 ], [ -42.9907585, -22.7471596 ], [ -42.9908679, -22.7475146 ], [ -42.9909222, -22.7476688 ], [ -42.9910518, -22.7480226 ], [ -42.9911209, -22.7482965 ], [ -42.9912012, -22.7485143 ], [ -42.9913402, -22.7487924 ], [ -42.9914849, -22.748923 ], [ -42.9915773, -22.7491168 ], [ -42.9914741, -22.7493045 ], [ -42.9913198, -22.7494975 ], [ -42.9911558, -22.749623 ], [ -42.9907628, -22.7497849 ], [ -42.9903579, -22.7498367 ], [ -42.9899628, -22.7498411 ], [ -42.9895484, -22.7498758 ], [ -42.9893801, -22.7499432 ], [ -42.9893747, -22.7499691 ], [ -42.9892003, -22.7499094 ], [ -42.9888821, -22.7497676 ], [ -42.9887266, -22.7497162 ], [ -42.9885969, -22.749697 ], [ -42.9884549, -22.7497051 ], [ -42.9884066, -22.7497078 ], [ -42.988208, -22.7497666 ], [ -42.9880807, -22.7498044 ], [ -42.9879425, -22.7498732 ], [ -42.9877934, -22.7499191 ], [ -42.987669, -22.7499298 ], [ -42.9875515, -22.7500131 ], [ -42.9874425, -22.750066 ], [ -42.9873513, -22.7501036 ], [ -42.9864983, -22.7507361 ], [ -42.9864756, -22.7507528 ], [ -42.9863765, -22.7508259 ], [ -42.9862008, -22.7509751 ], [ -42.9860872, -22.7510557 ], [ -42.9856736, -22.7513271 ], [ -42.9851749, -22.7515649 ], [ -42.9845912, -22.7518648 ], [ -42.9836905, -22.7523203 ], [ -42.9828597, -22.7527486 ], [ -42.9821291, -22.7531006 ], [ -42.9814802, -22.7534131 ], [ -42.9814042, -22.7534532 ], [ -42.9813294, -22.7534928 ], [ -42.9811089, -22.7536095 ], [ -42.9807665, -22.7538006 ], [ -42.9803999, -22.7539417 ], [ -42.9800359, -22.7541567 ], [ -42.9772085, -22.7556043 ], [ -42.9769407, -22.7556689 ], [ -42.9768718, -22.7556882 ], [ -42.9749074, -22.7562383 ], [ -42.9727066, -22.7568004 ], [ -42.970423, -22.7573768 ], [ -42.9703062, -22.7573921 ], [ -42.9702037, -22.7574008 ], [ -42.9699752, -22.7574519 ], [ -42.9698736, -22.7574746 ], [ -42.9698127, -22.7574882 ], [ -42.9671803, -22.758257 ], [ -42.9668608, -22.7582821 ], [ -42.9667866, -22.7583274 ], [ -42.9666564, -22.7584036 ], [ -42.9665286, -22.7584357 ], [ -42.9663739, -22.7584245 ], [ -42.9655233, -22.7584406 ], [ -42.9655145, -22.7584415 ], [ -42.9616069, -22.7588101 ], [ -42.9615541, -22.7588776 ], [ -42.9614938, -22.7591407 ], [ -42.9617819, -22.7598913 ], [ -42.9617615, -22.7599132 ], [ -42.961589, -22.7600987 ], [ -42.9614095, -22.7602918 ], [ -42.9614024, -22.7602719 ], [ -42.9604, -22.7608079 ], [ -42.9603854, -22.7608428 ], [ -42.9599945, -22.7610658 ], [ -42.9597595, -22.7611999 ], [ -42.9589619, -22.7616551 ], [ -42.9578029, -22.7623163 ], [ -42.9575383, -22.7624674 ], [ -42.9562727, -22.7631586 ], [ -42.9550071, -22.7638499 ], [ -42.9546075, -22.764119 ], [ -42.954404, -22.764256 ], [ -42.9543964, -22.7642639 ], [ -42.9541971, -22.7644713 ], [ -42.9539978, -22.7646786 ], [ -42.9536144, -22.7651505 ], [ -42.9531542, -22.7657169 ], [ -42.9530694, -22.7658213 ], [ -42.9529845, -22.7659257 ], [ -42.9526397, -22.766378 ], [ -42.9524273, -22.7666566 ], [ -42.9523096, -22.7668109 ], [ -42.9521919, -22.7669653 ], [ -42.9514456, -22.7678761 ], [ -42.9510383, -22.7683731 ], [ -42.9510043, -22.7684146 ], [ -42.9509729, -22.7684529 ], [ -42.9509384, -22.7684951 ], [ -42.9505433, -22.7689772 ], [ -42.9502022, -22.7693935 ], [ -42.9497096, -22.7693856 ], [ -42.9487404, -22.7693703 ], [ -42.9486383, -22.7693686 ], [ -42.9479359, -22.7693575 ], [ -42.9476505, -22.769353 ], [ -42.9464723, -22.7693605 ], [ -42.945728, -22.7693653 ], [ -42.9456506, -22.7693663 ], [ -42.9449798, -22.7693751 ], [ -42.9449434, -22.7693748 ], [ -42.9447238, -22.7693727 ], [ -42.9445785, -22.7693714 ], [ -42.9444333, -22.7693702 ], [ -42.9442265, -22.7694022 ], [ -42.9441969, -22.7694221 ], [ -42.9440839, -22.7694979 ], [ -42.9440468, -22.7695228 ], [ -42.9439509, -22.7696656 ], [ -42.9439016, -22.7698149 ], [ -42.9438688, -22.7699462 ], [ -42.9438808, -22.7701709 ], [ -42.9439098, -22.7707134 ], [ -42.9439068, -22.7708017 ], [ -42.9438934, -22.7711892 ], [ -42.9437927, -22.771423 ], [ -42.9437785, -22.7714559 ], [ -42.94367, -22.7716384 ], [ -42.943495, -22.7719327 ], [ -42.9434886, -22.7719464 ], [ -42.9434803, -22.7719584 ], [ -42.9434332, -22.7720467 ], [ -42.943326, -22.7722474 ], [ -42.9431957, -22.7724577 ], [ -42.9427159, -22.773176 ], [ -42.9415211, -22.7749645 ], [ -42.9414779, -22.7750292 ], [ -42.9414727, -22.7750369 ], [ -42.9408271, -22.7760051 ], [ -42.940811, -22.7760292 ], [ -42.9405702, -22.7763904 ], [ -42.9405241, -22.7764528 ], [ -42.9404507, -22.7765521 ], [ -42.9403201, -22.7766719 ], [ -42.9403695, -22.7769616 ], [ -42.9404154, -22.777044 ], [ -42.9405102, -22.7772139 ], [ -42.9407768, -22.7776919 ], [ -42.9408923, -22.7779298 ], [ -42.9409227, -22.7779922 ], [ -42.9411794, -22.7782876 ], [ -42.9415087, -22.778498 ], [ -42.9415621, -22.7786167 ], [ -42.9415703, -22.7786491 ], [ -42.9416112, -22.7788102 ], [ -42.9416255, -22.7792341 ], [ -42.9416274, -22.7792905 ], [ -42.9415777, -22.7795896 ], [ -42.9416004, -22.7798241 ], [ -42.9415893, -22.7798486 ], [ -42.9415367, -22.7799646 ], [ -42.9419409, -22.7803234 ], [ -42.9422673, -22.7806098 ], [ -42.9423135, -22.7807148 ], [ -42.9423992, -22.7819065 ], [ -42.9423276, -22.7823438 ], [ -42.9422887, -22.7825817 ], [ -42.9421813, -22.7827383 ], [ -42.9422064, -22.7829332 ], [ -42.942217, -22.7830396 ], [ -42.9422342, -22.7832136 ], [ -42.9422341, -22.7832172 ], [ -42.9423858, -22.7838895 ], [ -42.9424133, -22.7840076 ], [ -42.9424891, -22.7843322 ], [ -42.9422772, -22.7851155 ], [ -42.9420938, -22.7857933 ], [ -42.9420626, -22.7859182 ], [ -42.942056, -22.7859446 ], [ -42.9415075, -22.7881384 ], [ -42.9414211, -22.7884839 ], [ -42.9414288, -22.7886017 ], [ -42.9418761, -22.7896192 ], [ -42.9422992, -22.7906125 ], [ -42.942365, -22.7908021 ], [ -42.9423951, -22.7908891 ], [ -42.942483, -22.7911423 ], [ -42.9425189, -22.7912458 ], [ -42.9425933, -22.7914604 ], [ -42.9426283, -22.7917171 ], [ -42.9428787, -22.7926322 ], [ -42.9429187, -22.792851 ], [ -42.9430702, -22.7936802 ], [ -42.9432163, -22.7947981 ], [ -42.9432211, -22.7948351 ], [ -42.9423813, -22.7959035 ], [ -42.9420099, -22.7963126 ], [ -42.9418537, -22.7965365 ], [ -42.9418062, -22.7966046 ], [ -42.941801, -22.7966153 ], [ -42.9416853, -22.7967626 ], [ -42.9414068, -22.7971265 ], [ -42.9412802, -22.7973416 ], [ -42.9411903, -22.7974431 ], [ -42.9409936, -22.7976536 ], [ -42.9405462, -22.7981512 ], [ -42.9401839, -22.7986069 ], [ -42.9400962, -22.798715 ], [ -42.9400226, -22.7988169 ], [ -42.9400218, -22.798818 ], [ -42.9395817, -22.7994058 ], [ -42.9393631, -22.7996623 ], [ -42.9390494, -22.8001377 ], [ -42.9390503, -22.8001404 ], [ -42.9390545, -22.8003476 ], [ -42.9390299, -22.8004651 ], [ -42.9390182, -22.8004969 ], [ -42.938949, -22.8006862 ], [ -42.9388716, -22.8008225 ], [ -42.9388585, -22.8008745 ], [ -42.9388287, -22.8010177 ], [ -42.9387842, -22.801232 ], [ -42.9387535, -22.8014229 ], [ -42.9387444, -22.8015044 ], [ -42.9387227, -22.8016672 ], [ -42.9387075, -22.8017816 ], [ -42.9387067, -22.8018058 ], [ -42.9386916, -22.8019812 ], [ -42.938684, -22.8020701 ], [ -42.9386841, -22.8023383 ], [ -42.9386843, -22.8023473 ], [ -42.9386909, -22.8025991 ], [ -42.9386733, -22.8026149 ], [ -42.9344096, -22.8063398 ], [ -42.9316101, -22.8087854 ], [ -42.9311636, -22.8091755 ], [ -42.9254746, -22.8141454 ], [ -42.9220008, -22.8171801 ], [ -42.9220093, -22.8172021 ], [ -42.9220249, -22.8172424 ], [ -42.9220031, -22.8174769 ], [ -42.9219918, -22.8175085 ], [ -42.9219911, -22.8176108 ], [ -42.9219947, -22.8176811 ], [ -42.9220071, -22.8179265 ], [ -42.9219011, -22.8180908 ], [ -42.9216449, -22.8183718 ], [ -42.921457, -22.8185248 ], [ -42.9213719, -22.818597 ], [ -42.9210379, -22.8187878 ], [ -42.9207563, -22.8189543 ], [ -42.9205586, -22.819159 ], [ -42.9204667, -22.8192778 ], [ -42.9204093, -22.8193581 ], [ -42.9203828, -22.8193951 ], [ -42.9202665, -22.8195436 ], [ -42.9202307, -22.8195894 ], [ -42.9201382, -22.8197078 ], [ -42.9200247, -22.8197352 ], [ -42.9198337, -22.819793 ], [ -42.9196694, -22.8198937 ], [ -42.9194025, -22.8199875 ], [ -42.9191095, -22.8200176 ], [ -42.9188426, -22.8200151 ], [ -42.9186754, -22.8199636 ], [ -42.9185097, -22.8198913 ], [ -42.9183701, -22.8198535 ], [ -42.9183313, -22.8198533 ], [ -42.9179413, -22.8198507 ], [ -42.9176617, -22.8197934 ], [ -42.9175358, -22.8197803 ], [ -42.9173801, -22.8197871 ], [ -42.9171733, -22.819734 ], [ -42.9170721, -22.8196672 ], [ -42.917018, -22.8196658 ], [ -42.9170048, -22.8196655 ], [ -42.9168038, -22.8197197 ], [ -42.9167418, -22.8197391 ], [ -42.9164453, -22.8197949 ], [ -42.9162135, -22.8197507 ], [ -42.9158277, -22.8197017 ], [ -42.915655, -22.8196161 ], [ -42.915605, -22.8195914 ], [ -42.9153806, -22.8192953 ], [ -42.9153243, -22.8191934 ], [ -42.9152917, -22.81914 ], [ -42.9152383, -22.8189636 ], [ -42.9151998, -22.818808 ], [ -42.915051, -22.8186693 ], [ -42.915024, -22.8186419 ], [ -42.9148545, -22.8184701 ], [ -42.914658, -22.8182135 ], [ -42.9145698, -22.817993 ], [ -42.9146036, -22.817848 ], [ -42.9145071, -22.8175928 ], [ -42.9144989, -22.8175813 ], [ -42.9142897, -22.8172751 ], [ -42.9140696, -22.8169912 ], [ -42.9140611, -22.8169882 ], [ -42.9137399, -22.816874 ], [ -42.9134195, -22.8169166 ], [ -42.9132533, -22.8169662 ], [ -42.9132307, -22.8169664 ], [ -42.9132227, -22.8169664 ], [ -42.9128324, -22.8169857 ], [ -42.9125053, -22.8169948 ], [ -42.9121299, -22.8170395 ], [ -42.9119455, -22.8170247 ], [ -42.9116957, -22.8170435 ], [ -42.9115706, -22.8170576 ], [ -42.9114918, -22.8170678 ], [ -42.9112961, -22.8170546 ], [ -42.9111049, -22.8171099 ], [ -42.9109542, -22.8170659 ], [ -42.9108275, -22.8170526 ], [ -42.9108226, -22.8170521 ], [ -42.9107956, -22.817058 ], [ -42.9106795, -22.817083 ], [ -42.9105305, -22.8171273 ], [ -42.910348, -22.8171645 ], [ -42.9101386, -22.8171348 ], [ -42.9099941, -22.8171823 ], [ -42.9098691, -22.8172658 ], [ -42.9097545, -22.8172718 ], [ -42.9095455, -22.8172191 ], [ -42.9093355, -22.8172278 ], [ -42.9090875, -22.8172615 ], [ -42.9088186, -22.8173444 ], [ -42.90862, -22.8173635 ], [ -42.9084633, -22.817381 ], [ -42.9084571, -22.8173817 ], [ -42.9083276, -22.8173966 ], [ -42.9082034, -22.8173172 ], [ -42.9081162, -22.817341 ], [ -42.9081064, -22.8173439 ], [ -42.9079185, -22.8173775 ], [ -42.9077607, -22.8173985 ], [ -42.9077553, -22.8173985 ], [ -42.9077069, -22.8173982 ], [ -42.90757, -22.8174314 ], [ -42.9073784, -22.8174841 ], [ -42.9071591, -22.8175227 ], [ -42.906961, -22.8175491 ], [ -42.9069241, -22.8175489 ], [ -42.9067741, -22.8175001 ], [ -42.9066623, -22.8174637 ], [ -42.9066552, -22.8172631 ], [ -42.9066442, -22.8169848 ], [ -42.9065186, -22.8169223 ], [ -42.9063567, -22.8169082 ], [ -42.9061295, -22.8168935 ], [ -42.9043619, -22.8212165 ], [ -42.9043609, -22.8212189 ], [ -42.9049063, -22.8216695 ], [ -42.9052353, -22.8219855 ], [ -42.9055145, -22.8222471 ], [ -42.9060027, -22.8224976 ], [ -42.9061637, -22.8225589 ], [ -42.9066237, -22.8226714 ], [ -42.9080448, -22.8228247 ], [ -42.9089904, -22.8225282 ], [ -42.9094095, -22.8224465 ], [ -42.9097621, -22.8223183 ], [ -42.9108661, -22.8220753 ], [ -42.9113672, -22.8219353 ], [ -42.912134, -22.8217002 ], [ -42.9124407, -22.8216593 ], [ -42.9132969, -22.8216325 ], [ -42.9133475, -22.8217021 ], [ -42.9137668, -22.8220321 ], [ -42.9146796, -22.8227906 ], [ -42.9150403, -22.8231329 ], [ -42.9152809, -22.8233673 ], [ -42.915617, -22.823836 ], [ -42.9157588, -22.8240395 ], [ -42.9159119, -22.8242275 ], [ -42.9160005, -22.8243948 ], [ -42.91619, -22.8243678 ], [ -42.9164286, -22.8243432 ], [ -42.9166673, -22.8243112 ], [ -42.9169085, -22.8242718 ], [ -42.9171201, -22.8242448 ], [ -42.9173514, -22.8239396 ], [ -42.9174892, -22.823792 ], [ -42.9175393, -22.8237432 ], [ -42.9175689, -22.8237142 ], [ -42.9175782, -22.8237051 ], [ -42.9175876, -22.823696 ], [ -42.9178878, -22.8237748 ], [ -42.9179397, -22.8237868 ], [ -42.9181634, -22.8238388 ], [ -42.9189372, -22.8240331 ], [ -42.9189753, -22.8240442 ], [ -42.9195032, -22.8241968 ], [ -42.91962, -22.8242509 ], [ -42.9201331, -22.8243912 ], [ -42.9211653, -22.824695 ], [ -42.9214335, -22.8247922 ], [ -42.9216845, -22.8248784 ], [ -42.9219576, -22.8250617 ], [ -42.9223661, -22.82548 ], [ -42.9229037, -22.8260619 ], [ -42.9233331, -22.826554 ], [ -42.9236406, -22.8268001 ], [ -42.923808, -22.8269699 ], [ -42.9239864, -22.8271802 ], [ -42.9241857, -22.827414 ], [ -42.9242878, -22.8275543 ], [ -42.9244059, -22.8277523 ], [ -42.9245498, -22.8279873 ], [ -42.9247122, -22.8282543 ], [ -42.9248291, -22.8284524 ], [ -42.9249398, -22.828632 ], [ -42.9250838, -22.8288658 ], [ -42.9252302, -22.8290983 ], [ -42.9252856, -22.8292767 ], [ -42.9253089, -22.8295166 ], [ -42.9253323, -22.8298734 ], [ -42.9254221, -22.8300444 ], [ -42.9254959, -22.8301736 ], [ -42.9256522, -22.8304344 ], [ -42.9257814, -22.8306177 ], [ -42.926004, -22.8309376 ], [ -42.9261086, -22.83102 ], [ -42.9262944, -22.8310987 ], [ -42.9265528, -22.8312058 ], [ -42.9270793, -22.8314235 ], [ -42.9274656, -22.831581 ], [ -42.9278876, -22.8317594 ], [ -42.9282678, -22.8319858 ], [ -42.9286147, -22.8322454 ], [ -42.9292323, -22.8327264 ], [ -42.9300923, -22.8334412 ], [ -42.9305894, -22.8337734 ], [ -42.9311073, -22.8341413 ], [ -42.9318799, -22.83469 ], [ -42.9320141, -22.8348106 ], [ -42.9322109, -22.8351194 ], [ -42.9324803, -22.8354565 ], [ -42.9326723, -22.835705 ], [ -42.9331312, -22.8363115 ], [ -42.9333785, -22.8365957 ], [ -42.933472, -22.8366622 ], [ -42.9337451, -22.8368159 ], [ -42.9339506, -22.8369451 ], [ -42.9343083, -22.8370166 ], [ -42.934855, -22.8370825 ], [ -42.9354723, -22.8371568 ], [ -42.9355391, -22.8371643 ], [ -42.9358648, -22.8372007 ], [ -42.9363178, -22.8372506 ], [ -42.936522, -22.8372735 ], [ -42.9367341, -22.8372973 ], [ -42.9368083, -22.8373008 ], [ -42.9370532, -22.8373267 ], [ -42.9376252, -22.8375171 ], [ -42.9379228, -22.8376011 ], [ -42.9380641, -22.8376485 ], [ -42.9383242, -22.83767 ], [ -42.9383897, -22.8376754 ], [ -42.9385357, -22.8376874 ], [ -42.9385482, -22.8376381 ], [ -42.938605, -22.8374069 ], [ -42.9386089, -22.8373654 ], [ -42.938612, -22.8373323 ], [ -42.9387096, -22.8366028 ], [ -42.9387943, -22.8361711 ], [ -42.9388165, -22.8360928 ], [ -42.9388482, -22.836022 ], [ -42.9388855, -22.8359344 ], [ -42.9389172, -22.8358524 ], [ -42.9389526, -22.8357629 ], [ -42.9389961, -22.8356773 ], [ -42.9390737, -22.835584 ], [ -42.9391706, -22.8355393 ], [ -42.9393589, -22.8354889 ], [ -42.9396943, -22.8353976 ], [ -42.9401416, -22.8353641 ], [ -42.9408293, -22.8354125 ], [ -42.9412468, -22.8353976 ], [ -42.9414313, -22.8353753 ], [ -42.9416848, -22.8353361 ], [ -42.9418823, -22.835256 ], [ -42.9420612, -22.8351777 ], [ -42.9421631, -22.8351324 ], [ -42.9423315, -22.8350659 ], [ -42.9426278, -22.8349839 ], [ -42.9427899, -22.8349131 ], [ -42.943021, -22.8347807 ], [ -42.943377, -22.8345683 ], [ -42.9435615, -22.8344826 ], [ -42.9438616, -22.834326 ], [ -42.9442063, -22.8341191 ], [ -42.9444673, -22.8340036 ], [ -42.9447673, -22.8339011 ], [ -42.9449034, -22.8338601 ], [ -42.945196, -22.8338004 ], [ -42.9454532, -22.8337594 ], [ -42.9464931, -22.8335414 ], [ -42.9475424, -22.8332842 ], [ -42.947759, -22.8332563 ], [ -42.9479277, -22.8332414 ], [ -42.9484597, -22.8330604 ], [ -42.9487221, -22.832945 ], [ -42.9505386, -22.8320098 ], [ -42.9515193, -22.8314619 ], [ -42.9524016, -22.8309917 ], [ -42.9525175, -22.8309368 ], [ -42.9526521, -22.8308964 ], [ -42.9526724, -22.8308903 ], [ -42.9526927, -22.8308842 ], [ -42.9529733, -22.8308947 ], [ -42.9532391, -22.8309857 ], [ -42.9534869, -22.8311231 ], [ -42.9539004, -22.8314216 ], [ -42.954078, -22.8316053 ], [ -42.9548024, -22.8323623 ], [ -42.9548984, -22.8324325 ], [ -42.9551351, -22.8328276 ], [ -42.9551723, -22.8329841 ], [ -42.955219, -22.8331801 ], [ -42.95523, -22.8333118 ], [ -42.9553024, -22.8335357 ], [ -42.9554034, -22.8337486 ], [ -42.9557828, -22.8341319 ], [ -42.9559474, -22.8342519 ], [ -42.9560195, -22.8342924 ], [ -42.9561808, -22.8343969 ], [ -42.956244, -22.8344357 ], [ -42.9563267, -22.8344865 ], [ -42.9563696, -22.8345128 ], [ -42.9566339, -22.8345939 ], [ -42.9570156, -22.8346838 ], [ -42.9571477, -22.8347114 ], [ -42.9572993, -22.834679 ], [ -42.9575716, -22.834585 ], [ -42.9581276, -22.8344018 ], [ -42.9587721, -22.8341322 ], [ -42.9592677, -22.8340134 ], [ -42.9595131, -22.8339584 ], [ -42.9597369, -22.8339084 ], [ -42.9598821, -22.8338377 ], [ -42.9600225, -22.8337661 ], [ -42.9601521, -22.8336519 ], [ -42.960288, -22.8334753 ], [ -42.9604168, -22.8331804 ], [ -42.9604854, -22.8324696 ], [ -42.9605292, -22.8321179 ], [ -42.9605883, -22.8316948 ], [ -42.9605716, -22.8315043 ], [ -42.9605159, -22.8308685 ], [ -42.9604526, -22.8301636 ], [ -42.9604546, -22.8298327 ], [ -42.9604572, -22.8293829 ], [ -42.9605439, -22.8290359 ], [ -42.9606585, -22.8286457 ], [ -42.9606672, -22.8286159 ], [ -42.9607704, -22.8284446 ], [ -42.9607786, -22.828431 ], [ -42.9607964, -22.8283971 ], [ -42.9608277, -22.8283373 ], [ -42.9609377, -22.828082 ], [ -42.9612675, -22.8275082 ], [ -42.9614883, -22.8270683 ], [ -42.9617072, -22.8267554 ], [ -42.9617872, -22.8266035 ], [ -42.9620061, -22.8263345 ], [ -42.9621741, -22.8261655 ], [ -42.9623712, -22.8260234 ], [ -42.9628042, -22.8256953 ], [ -42.9630702, -22.8254903 ], [ -42.9634443, -22.8252331 ], [ -42.9636903, -22.825101 ], [ -42.9638474, -22.824995 ], [ -42.9640044, -22.8249509 ], [ -42.9644527, -22.8249565 ], [ -42.96492, -22.82498 ], [ -42.9653373, -22.8250576 ], [ -42.9657166, -22.8251522 ], [ -42.9657937, -22.8251891 ], [ -42.9661454, -22.8253278 ], [ -42.9666077, -22.8254935 ], [ -42.9668495, -22.8255499 ], [ -42.9669891, -22.8255499 ], [ -42.967189, -22.8255034 ], [ -42.9675932, -22.8253175 ], [ -42.9677285, -22.8252546 ], [ -42.9682282, -22.8249821 ], [ -42.9687817, -22.8245674 ], [ -42.9687913, -22.82455 ], [ -42.9694422, -22.8244554 ], [ -42.9703661, -22.8244406 ], [ -42.9710247, -22.824353 ], [ -42.9712055, -22.8243329 ], [ -42.9715496, -22.8241297 ], [ -42.9722087, -22.8236775 ], [ -42.9726808, -22.8233944 ], [ -42.9729958, -22.8231543 ], [ -42.9732019, -22.8230662 ], [ -42.973507, -22.822889 ], [ -42.9737992, -22.8229018 ], [ -42.9744616, -22.8229461 ], [ -42.975045, -22.8229886 ], [ -42.9754925, -22.8229806 ], [ -42.9755233, -22.82298 ], [ -42.9755582, -22.8229794 ], [ -42.975764, -22.822996 ], [ -42.9765511, -22.8230049 ], [ -42.9778954, -22.8229113 ], [ -42.9802622, -22.8240261 ], [ -42.9804261, -22.8241018 ], [ -42.9809894, -22.824363 ], [ -42.9810365, -22.8243847 ], [ -42.981216, -22.824503 ], [ -42.9818211, -22.825292 ], [ -42.9820295, -22.8254733 ], [ -42.9823605, -22.8256191 ], [ -42.9824052, -22.8256388 ], [ -42.9824339, -22.82565 ], [ -42.9838471, -22.8259726 ], [ -42.98453, -22.8261473 ], [ -42.9851167, -22.8263404 ], [ -42.9857481, -22.8265169 ], [ -42.9863994, -22.8266896 ], [ -42.9871957, -22.8268075 ], [ -42.9880636, -22.8267046 ], [ -42.988705, -22.8266517 ], [ -42.9890759, -22.8266126 ], [ -42.9894942, -22.8264927 ], [ -42.9896947, -22.8264322 ], [ -42.9907731, -22.8261498 ], [ -42.9911785, -22.826027 ], [ -42.9917108, -22.8255726 ], [ -42.9922234, -22.825079 ], [ -42.9924161, -22.8249422 ], [ -42.9926871, -22.8248879 ], [ -42.9936874, -22.824765 ], [ -42.9944807, -22.8246834 ], [ -42.9952846, -22.8246373 ], [ -42.9956332, -22.8246302 ], [ -42.995724, -22.8245845 ], [ -42.995764, -22.8245405 ], [ -42.9959941, -22.8240902 ], [ -42.9960371, -22.8240055 ], [ -42.9961004, -22.8239069 ], [ -42.9961299, -22.8238609 ], [ -42.9962999, -22.8236264 ], [ -42.9964289, -22.8235033 ], [ -42.9964846, -22.8234446 ], [ -42.9968773, -22.8232827 ], [ -42.9976078, -22.8229816 ], [ -42.9984911, -22.8225996 ], [ -42.9993267, -22.8221767 ], [ -42.999845, -22.821897 ], [ -43.0005612, -22.8215117 ], [ -43.0006704, -22.8214584 ], [ -43.000702, -22.8214429 ], [ -43.0008464, -22.8213724 ], [ -43.0008988, -22.8213468 ], [ -43.0009754, -22.8213094 ], [ -43.000986, -22.8212176 ], [ -43.0011026, -22.8205061 ], [ -43.0011466, -22.8201769 ], [ -43.0012828, -22.8192156 ], [ -43.0012943, -22.8191076 ], [ -43.0012987, -22.8190651 ], [ -43.0014701, -22.817912 ], [ -43.001528, -22.8175685 ], [ -43.0016086, -22.8170836 ], [ -43.0016372, -22.8164531 ], [ -43.0015584, -22.816167 ], [ -43.0014887, -22.8159007 ], [ -43.0012873, -22.8155425 ], [ -43.0012032, -22.8154194 ], [ -43.0009299, -22.8150632 ], [ -43.0007258, -22.8148619 ], [ -43.0013215, -22.8151174 ], [ -43.0056505, -22.8169737 ], [ -43.0056752, -22.8169844 ], [ -43.0060165, -22.8171307 ], [ -43.0060434, -22.8171085 ] ] ] } },
{ "type": "Feature", "properties": { "id": 3, "cod_distr": "330490420", "ord_distr": "4º Distrito", "nm_distr": "Neves", "area_km2": 16.925300122895713, "cod_munic": "3304904", "nm_munic": "São Gonçalo", "cod_uf": "33", "sig_uf": "RJ" }, "geometry": { "type": "MultiPolygon", "coordinates": [ [ [ [ -43.0990061, -22.8573968 ], [ -43.0996182, -22.8588999 ], [ -43.1003377, -22.8585402 ], [ -43.1003713, -22.8585234 ], [ -43.1004192, -22.8586112 ], [ -43.1004448, -22.8585884 ], [ -43.1008276, -22.8582463 ], [ -43.1018025, -22.8573752 ], [ -43.1027064, -22.8565675 ], [ -43.1029134, -22.8563756 ], [ -43.1029389, -22.856352 ], [ -43.1029574, -22.8563348 ], [ -43.1030135, -22.8562829 ], [ -43.1030252, -22.856272 ], [ -43.1032171, -22.8560941 ], [ -43.1034419, -22.8558858 ], [ -43.1034475, -22.8558806 ], [ -43.1034218, -22.8558451 ], [ -43.1033702, -22.8557736 ], [ -43.1033685, -22.8557371 ], [ -43.1033612, -22.8555871 ], [ -43.1033826, -22.8553314 ], [ -43.1034162, -22.8549286 ], [ -43.1034169, -22.8549212 ], [ -43.1033699, -22.8548851 ], [ -43.1032112, -22.8547628 ], [ -43.1031758, -22.8547355 ], [ -43.1031179, -22.8547261 ], [ -43.1029134, -22.854693 ], [ -43.1026036, -22.8544459 ], [ -43.1021965, -22.8539677 ], [ -43.1017272, -22.8532345 ], [ -43.1015676, -22.8530319 ], [ -43.1007353, -22.8514864 ], [ -43.1005498, -22.8511419 ], [ -43.100453, -22.8505888 ], [ -43.1004994, -22.8501028 ], [ -43.1005058, -22.8500367 ], [ -43.1004806, -22.8499803 ], [ -43.1004308, -22.8498685 ], [ -43.1004818, -22.8494451 ], [ -43.1004969, -22.8493816 ], [ -43.1006514, -22.8492977 ], [ -43.100791, -22.8493672 ], [ -43.1008614, -22.8494914 ], [ -43.1010215, -22.8499386 ], [ -43.1010451, -22.8500045 ], [ -43.1012573, -22.8502189 ], [ -43.1013752, -22.850292 ], [ -43.1020624, -22.8507183 ], [ -43.1023048, -22.8509003 ], [ -43.1027171, -22.85101 ], [ -43.1031672, -22.8509883 ], [ -43.1035281, -22.8510806 ], [ -43.103853, -22.8510773 ], [ -43.1039795, -22.8509681 ], [ -43.1041881, -22.8506154 ], [ -43.1042729, -22.8502608 ], [ -43.1042348, -22.8497526 ], [ -43.1040534, -22.8491767 ], [ -43.1038251, -22.8489088 ], [ -43.1032357, -22.8485239 ], [ -43.1031201, -22.8484381 ], [ -43.1031499, -22.8482413 ], [ -43.1031947, -22.8482179 ], [ -43.1032428, -22.8481928 ], [ -43.1032243, -22.8481269 ], [ -43.1032092, -22.8481232 ], [ -43.1031216, -22.8481018 ], [ -43.1030357, -22.8480231 ], [ -43.1031444, -22.8476153 ], [ -43.1032976, -22.8475249 ], [ -43.1033231, -22.8475099 ], [ -43.1032656, -22.8473749 ], [ -43.1031109, -22.8470116 ], [ -43.1027924, -22.84642 ], [ -43.1027271, -22.846295 ], [ -43.1023821, -22.8457079 ], [ -43.102276, -22.8453602 ], [ -43.1022421, -22.8450182 ], [ -43.1023281, -22.8449499 ], [ -43.1022034, -22.8446176 ], [ -43.102184, -22.8445659 ], [ -43.1021616, -22.8445483 ], [ -43.1017555, -22.8442274 ], [ -43.1017826, -22.8441358 ], [ -43.1017602, -22.844083 ], [ -43.1014986, -22.8441707 ], [ -43.1012488, -22.844151 ], [ -43.1009508, -22.8438918 ], [ -43.1007082, -22.8436522 ], [ -43.1006838, -22.8436282 ], [ -43.1006674, -22.84362 ], [ -43.0999029, -22.8432401 ], [ -43.0999229, -22.8431054 ], [ -43.0996569, -22.8429493 ], [ -43.0993852, -22.8428409 ], [ -43.0991645, -22.8429578 ], [ -43.0988925, -22.8430525 ], [ -43.0986574, -22.8430819 ], [ -43.0982699, -22.8429614 ], [ -43.0977427, -22.8428702 ], [ -43.0975103, -22.8427536 ], [ -43.0974867, -22.8427418 ], [ -43.0974134, -22.842643 ], [ -43.0973884, -22.842523 ], [ -43.0972809, -22.8423197 ], [ -43.0971857, -22.8420225 ], [ -43.0970498, -22.8417235 ], [ -43.097028, -22.8414366 ], [ -43.0970412, -22.8410473 ], [ -43.0970477, -22.8407777 ], [ -43.0969992, -22.8407362 ], [ -43.0970487, -22.8407375 ], [ -43.0970532, -22.8405492 ], [ -43.0971386, -22.8405276 ], [ -43.0973107, -22.8405727 ], [ -43.0973881, -22.8405688 ], [ -43.0974219, -22.8405477 ], [ -43.0972433, -22.8400462 ], [ -43.0971691, -22.8400071 ], [ -43.096861, -22.8401014 ], [ -43.0964476, -22.8401729 ], [ -43.0963349, -22.840119 ], [ -43.0962595, -22.8399819 ], [ -43.0962359, -22.8398263 ], [ -43.0962203, -22.8396409 ], [ -43.0961144, -22.8392897 ], [ -43.096214, -22.8391762 ], [ -43.0971668, -22.8396177 ], [ -43.0973491, -22.8396676 ], [ -43.0974177, -22.8397377 ], [ -43.0974924, -22.839741 ], [ -43.0975934, -22.8397003 ], [ -43.097785, -22.8392918 ], [ -43.0977901, -22.8392811 ], [ -43.0978285, -22.8391418 ], [ -43.097896, -22.8388977 ], [ -43.0980462, -22.8383685 ], [ -43.0980748, -22.8382678 ], [ -43.098152, -22.8381417 ], [ -43.0981015, -22.8380238 ], [ -43.0979694, -22.8380049 ], [ -43.0979064, -22.8379959 ], [ -43.0978668, -22.8378818 ], [ -43.0977805, -22.8377829 ], [ -43.0976124, -22.837732 ], [ -43.0975126, -22.8376361 ], [ -43.0974414, -22.837527 ], [ -43.0973855, -22.8374349 ], [ -43.0975544, -22.8373351 ], [ -43.0974999, -22.837204 ], [ -43.0974031, -22.8371135 ], [ -43.0973135, -22.8370796 ], [ -43.0972216, -22.8369693 ], [ -43.0970616, -22.8369163 ], [ -43.0969909, -22.8367925 ], [ -43.096871, -22.8366464 ], [ -43.0967906, -22.8366466 ], [ -43.0967789, -22.8368421 ], [ -43.0968677, -22.836993 ], [ -43.0970145, -22.8371306 ], [ -43.097154, -22.8372569 ], [ -43.0971921, -22.8373896 ], [ -43.0971785, -22.8374669 ], [ -43.0971659, -22.8375524 ], [ -43.0971517, -22.8376558 ], [ -43.0973537, -22.8378502 ], [ -43.0974971, -22.837951 ], [ -43.0976299, -22.8380439 ], [ -43.09747, -22.8382147 ], [ -43.0971482, -22.8383918 ], [ -43.0968314, -22.8381873 ], [ -43.0969554, -22.8379857 ], [ -43.0969885, -22.8378284 ], [ -43.0968508, -22.837678 ], [ -43.0967148, -22.8376794 ], [ -43.0964003, -22.8378159 ], [ -43.0956129, -22.8377205 ], [ -43.0953928, -22.8370973 ], [ -43.0952213, -22.8362686 ], [ -43.095519, -22.836179 ], [ -43.0958284, -22.8362639 ], [ -43.0960137, -22.8362019 ], [ -43.0963457, -22.8360479 ], [ -43.0965853, -22.8358742 ], [ -43.09663, -22.8357045 ], [ -43.0966356, -22.8356834 ], [ -43.0965626, -22.8355559 ], [ -43.0964664, -22.8355244 ], [ -43.0963972, -22.8355017 ], [ -43.0961641, -22.8355825 ], [ -43.095762, -22.8357688 ], [ -43.0955646, -22.8358647 ], [ -43.0952684, -22.8358492 ], [ -43.0951899, -22.835699 ], [ -43.0952038, -22.8353975 ], [ -43.095303, -22.8349942 ], [ -43.0953251, -22.8349041 ], [ -43.0954079, -22.8343269 ], [ -43.0958767, -22.8337973 ], [ -43.0962981, -22.8337044 ], [ -43.0966021, -22.8338188 ], [ -43.0973794, -22.8341193 ], [ -43.0974897, -22.834162 ], [ -43.0974976, -22.8341474 ], [ -43.0975024, -22.8341387 ], [ -43.0977341, -22.8337133 ], [ -43.0973833, -22.833583 ], [ -43.0970777, -22.8334255 ], [ -43.0969417, -22.8332016 ], [ -43.0968338, -22.8329877 ], [ -43.0968206, -22.8326363 ], [ -43.0968556, -22.83235 ], [ -43.0971687, -22.8318879 ], [ -43.0974448, -22.8317177 ], [ -43.0979129, -22.8317558 ], [ -43.0980032, -22.8311906 ], [ -43.0982338, -22.8307371 ], [ -43.0980536, -22.8305686 ], [ -43.0975578, -22.830416 ], [ -43.0974524, -22.8302093 ], [ -43.0973971, -22.82937 ], [ -43.0971342, -22.8289917 ], [ -43.0969635, -22.8288487 ], [ -43.0969472, -22.8285427 ], [ -43.096829, -22.828331 ], [ -43.0971232, -22.8281171 ], [ -43.0969261, -22.8278696 ], [ -43.0964811, -22.8276206 ], [ -43.0962299, -22.8274829 ], [ -43.0961207, -22.8273645 ], [ -43.096094, -22.8272495 ], [ -43.0959467, -22.8270901 ], [ -43.0958483, -22.8271543 ], [ -43.0956359, -22.8268259 ], [ -43.0955959, -22.826737 ], [ -43.0955431, -22.8264912 ], [ -43.0955257, -22.8262617 ], [ -43.0954499, -22.8261141 ], [ -43.0952535, -22.8259708 ], [ -43.0947039, -22.8256393 ], [ -43.0946816, -22.8255793 ], [ -43.0942315, -22.8255094 ], [ -43.0940317, -22.825421 ], [ -43.0935462, -22.8252981 ], [ -43.0929716, -22.8251048 ], [ -43.0925018, -22.8249654 ], [ -43.0922841, -22.8248919 ], [ -43.0922453, -22.8248787 ], [ -43.091798, -22.8246115 ], [ -43.0915833, -22.8245273 ], [ -43.0911563, -22.8241907 ], [ -43.0907657, -22.8237868 ], [ -43.0908174, -22.8237227 ], [ -43.0908213, -22.8237178 ], [ -43.0908041, -22.8237028 ], [ -43.0901688, -22.8231485 ], [ -43.0900386, -22.8232524 ], [ -43.0898282, -22.8231973 ], [ -43.0897532, -22.8231465 ], [ -43.0899232, -22.8229259 ], [ -43.0902293, -22.8225284 ], [ -43.090074, -22.8223903 ], [ -43.0896367, -22.8229332 ], [ -43.0894603, -22.8231523 ], [ -43.0892538, -22.8229898 ], [ -43.0892625, -22.8229429 ], [ -43.0893151, -22.8226608 ], [ -43.0896576, -22.8221273 ], [ -43.0895839, -22.8220476 ], [ -43.0891684, -22.8225708 ], [ -43.0891003, -22.8226565 ], [ -43.0890734, -22.8226904 ], [ -43.0889546, -22.8226671 ], [ -43.0887489, -22.8226268 ], [ -43.0886163, -22.8225966 ], [ -43.088402, -22.822548 ], [ -43.0883166, -22.8225097 ], [ -43.0879078, -22.8223268 ], [ -43.087474, -22.8219359 ], [ -43.0871203, -22.8215888 ], [ -43.0869496, -22.8213666 ], [ -43.0868514, -22.8211809 ], [ -43.0869797, -22.8208596 ], [ -43.0869808, -22.8206565 ], [ -43.0868776, -22.820703 ], [ -43.086762, -22.8210099 ], [ -43.0866519, -22.8211568 ], [ -43.0865175, -22.8213362 ], [ -43.0863493, -22.8214891 ], [ -43.0861328, -22.8214094 ], [ -43.085643, -22.8212093 ], [ -43.0855226, -22.8211339 ], [ -43.0853402, -22.8211424 ], [ -43.0851586, -22.8211352 ], [ -43.0850269, -22.8212834 ], [ -43.0850103, -22.821302 ], [ -43.0848769, -22.8213281 ], [ -43.0843705, -22.8211461 ], [ -43.0841879, -22.8210798 ], [ -43.0840122, -22.821077 ], [ -43.0832981, -22.8206338 ], [ -43.0831563, -22.8205458 ], [ -43.0829284, -22.8204488 ], [ -43.0828706, -22.8205012 ], [ -43.0827934, -22.8205712 ], [ -43.0825944, -22.8204163 ], [ -43.0825486, -22.8203806 ], [ -43.0823183, -22.8202013 ], [ -43.0821572, -22.8200987 ], [ -43.0820829, -22.8200513 ], [ -43.082054, -22.8199972 ], [ -43.0816987, -22.8196053 ], [ -43.0808908, -22.8189245 ], [ -43.0800108, -22.818183 ], [ -43.0791387, -22.817448 ], [ -43.0786724, -22.8170539 ], [ -43.0775722, -22.816124 ], [ -43.0775128, -22.8160422 ], [ -43.0772594, -22.8156932 ], [ -43.0772458, -22.8156913 ], [ -43.0770504, -22.8156638 ], [ -43.0770369, -22.8156554 ], [ -43.0769539, -22.8156039 ], [ -43.0768492, -22.8155389 ], [ -43.0763155, -22.8150847 ], [ -43.0751014, -22.8140514 ], [ -43.0744205, -22.8134459 ], [ -43.0742874, -22.8131677 ], [ -43.0741545, -22.8128902 ], [ -43.0738932, -22.8125822 ], [ -43.0737679, -22.8124345 ], [ -43.0736439, -22.8122261 ], [ -43.0734154, -22.8118419 ], [ -43.0728365, -22.8110726 ], [ -43.0725331, -22.8106695 ], [ -43.0723361, -22.8103873 ], [ -43.0715298, -22.8092327 ], [ -43.071349, -22.8089738 ], [ -43.0711034, -22.8083811 ], [ -43.0710343, -22.8082144 ], [ -43.070981, -22.8078893 ], [ -43.0707221, -22.8075532 ], [ -43.0703189, -22.8074425 ], [ -43.0696124, -22.8068731 ], [ -43.0693874, -22.8067898 ], [ -43.0691334, -22.8066956 ], [ -43.0688125, -22.8065767 ], [ -43.068388, -22.806216 ], [ -43.0683847, -22.8062132 ], [ -43.0683805, -22.8062112 ], [ -43.0678318, -22.8059484 ], [ -43.0676259, -22.8057122 ], [ -43.0676183, -22.8056469 ], [ -43.0675914, -22.8054191 ], [ -43.0669835, -22.8046711 ], [ -43.0665464, -22.8043701 ], [ -43.0661803, -22.804288 ], [ -43.066053, -22.804179 ], [ -43.0658534, -22.8039436 ], [ -43.0655663, -22.8032921 ], [ -43.0654085, -22.8031754 ], [ -43.0650793, -22.8029319 ], [ -43.0654333, -22.8024168 ], [ -43.0651542, -22.8022557 ], [ -43.0648199, -22.8020892 ], [ -43.0643093, -22.8017049 ], [ -43.0638296, -22.8011129 ], [ -43.063495, -22.8006036 ], [ -43.0632909, -22.8006108 ], [ -43.0630603, -22.8007254 ], [ -43.0628298, -22.80084 ], [ -43.0608282, -22.80181 ], [ -43.0592597, -22.8025318 ], [ -43.0581804, -22.8030254 ], [ -43.0579389, -22.8030996 ], [ -43.0578672, -22.8031216 ], [ -43.0577887, -22.8031496 ], [ -43.0576231, -22.8032087 ], [ -43.0573961, -22.8033868 ], [ -43.0573133, -22.8037286 ], [ -43.0573147, -22.804369 ], [ -43.05725, -22.8048556 ], [ -43.0572543, -22.8052073 ], [ -43.0573205, -22.8054151 ], [ -43.0574209, -22.8059036 ], [ -43.0574353, -22.8060241 ], [ -43.0574397, -22.8060613 ], [ -43.0574641, -22.8062652 ], [ -43.0575013, -22.806464 ], [ -43.0575465, -22.8066988 ], [ -43.0575627, -22.8069516 ], [ -43.0575617, -22.8069975 ], [ -43.0575794, -22.8073135 ], [ -43.0575808, -22.8073371 ], [ -43.057595, -22.8074581 ], [ -43.0576112, -22.8076919 ], [ -43.0576255, -22.8080895 ], [ -43.0576578, -22.8085501 ], [ -43.0576636, -22.8086379 ], [ -43.0576902, -22.8090377 ], [ -43.0577154, -22.8093624 ], [ -43.0577593, -22.8094652 ], [ -43.0577816, -22.8095172 ], [ -43.0577896, -22.8096251 ], [ -43.0577768, -22.8098689 ], [ -43.0576349, -22.8102097 ], [ -43.057544, -22.8104436 ], [ -43.0573532, -22.8108924 ], [ -43.0571914, -22.8113501 ], [ -43.0570905, -22.811584 ], [ -43.0570096, -22.8117639 ], [ -43.0569197, -22.8119429 ], [ -43.0568398, -22.8121318 ], [ -43.0567389, -22.8123647 ], [ -43.0566889, -22.8124816 ], [ -43.0566689, -22.8125176 ], [ -43.056627, -22.8126885 ], [ -43.0565561, -22.8128684 ], [ -43.0564861, -22.8130293 ], [ -43.0563653, -22.8132992 ], [ -43.0562444, -22.813641 ], [ -43.0561625, -22.8138829 ], [ -43.0561507, -22.8140817 ], [ -43.0561197, -22.8141897 ], [ -43.0558846, -22.8143038 ], [ -43.0555505, -22.814454 ], [ -43.0553354, -22.8145231 ], [ -43.0552574, -22.8145591 ], [ -43.0552174, -22.8145762 ], [ -43.0551784, -22.8145852 ], [ -43.0550813, -22.8145743 ], [ -43.0550123, -22.8146103 ], [ -43.0549878, -22.8146278 ], [ -43.0549633, -22.8146453 ], [ -43.0548934, -22.8147893 ], [ -43.0548512, -22.814904 ], [ -43.0548382, -22.8149394 ], [ -43.0548058, -22.8150274 ], [ -43.0548485, -22.8152135 ], [ -43.0549269, -22.8154108 ], [ -43.0549897, -22.8155073 ], [ -43.0550727, -22.8156104 ], [ -43.0551579, -22.8157921 ], [ -43.0551213, -22.8159551 ], [ -43.0550804, -22.816081 ], [ -43.0549995, -22.8163059 ], [ -43.0549676, -22.8164768 ], [ -43.0549464, -22.8166296 ], [ -43.0549507, -22.8167597 ], [ -43.0549418, -22.8169284 ], [ -43.0549125, -22.8169966 ], [ -43.0548919, -22.8170443 ], [ -43.054821, -22.8172243 ], [ -43.0548172, -22.817522 ], [ -43.0548117, -22.8175535 ], [ -43.0547853, -22.8177468 ], [ -43.0545945, -22.8181417 ], [ -43.0543455, -22.8184996 ], [ -43.0542166, -22.8186875 ], [ -43.0542025, -22.8187097 ], [ -43.0540966, -22.8188765 ], [ -43.0540557, -22.8190474 ], [ -43.0540764, -22.81964 ], [ -43.0540852, -22.8197508 ], [ -43.0540643, -22.8198777 ], [ -43.0540424, -22.8200216 ], [ -43.0539625, -22.8202005 ], [ -43.0538535, -22.8203445 ], [ -43.0537835, -22.8204604 ], [ -43.0537248, -22.8205945 ], [ -43.0537126, -22.8206223 ], [ -43.0536227, -22.8208103 ], [ -43.0535617, -22.8209542 ], [ -43.0535018, -22.8210801 ], [ -43.0534818, -22.8211161 ], [ -43.0534244, -22.8211799 ], [ -43.0533538, -22.8212581 ], [ -43.0532448, -22.8213651 ], [ -43.0532148, -22.8214011 ], [ -43.0532048, -22.8214371 ], [ -43.0532101, -22.8217618 ], [ -43.0532952, -22.8219436 ], [ -43.0534104, -22.8221074 ], [ -43.0535546, -22.8222621 ], [ -43.0536698, -22.8223449 ], [ -43.0537378, -22.8223818 ], [ -43.053873, -22.8224736 ], [ -43.0540962, -22.8225753 ], [ -43.0543384, -22.8226411 ], [ -43.0544164, -22.822651 ], [ -43.0544545, -22.8226789 ], [ -43.054563, -22.8228209 ], [ -43.0546277, -22.8229056 ], [ -43.0547919, -22.8230163 ], [ -43.0550433, -22.8232536 ], [ -43.0553026, -22.8231645 ], [ -43.0556024, -22.8231996 ], [ -43.0556874, -22.8232509 ], [ -43.055955, -22.8234709 ], [ -43.0561853, -22.8237085 ], [ -43.0562814, -22.8238093 ], [ -43.0563576, -22.8239901 ], [ -43.0564518, -22.8241898 ], [ -43.0564719, -22.8243068 ], [ -43.0564692, -22.8244257 ], [ -43.056426, -22.8245674 ], [ -43.0563371, -22.8247295 ], [ -43.0561201, -22.8249884 ], [ -43.0560849, -22.8250867 ], [ -43.0560534, -22.825133 ], [ -43.0558102, -22.8254903 ], [ -43.055655, -22.825734 ], [ -43.0555375, -22.8259285 ], [ -43.0554484, -22.8260838 ], [ -43.0553769, -22.8261783 ], [ -43.0552925, -22.8262971 ], [ -43.0552199, -22.8263757 ], [ -43.0551865, -22.8264119 ], [ -43.0551122, -22.826505 ], [ -43.0550433, -22.8265698 ], [ -43.0549533, -22.8266534 ], [ -43.0549056, -22.8267012 ], [ -43.0548618, -22.826741 ], [ -43.054838, -22.8268682 ], [ -43.0548419, -22.8269717 ], [ -43.0548979, -22.8270805 ], [ -43.0549884, -22.827908 ], [ -43.0550155, -22.8282614 ], [ -43.0549817, -22.8284045 ], [ -43.0551249, -22.8284341 ], [ -43.0556971, -22.8283705 ], [ -43.0557251, -22.828419 ], [ -43.0557851, -22.8285229 ], [ -43.0558089, -22.8285641 ], [ -43.0565963, -22.8294124 ], [ -43.0566998, -22.8295377 ], [ -43.0576506, -22.830572 ], [ -43.0578845, -22.8308406 ], [ -43.0581102, -22.8310887 ], [ -43.0583043, -22.8312803 ], [ -43.0592111, -22.8322484 ], [ -43.0595624, -22.8326018 ], [ -43.0595721, -22.8326116 ], [ -43.0596329, -22.8326723 ], [ -43.0596624, -22.8327289 ], [ -43.0597819, -22.8330064 ], [ -43.05984, -22.8331407 ], [ -43.0600877, -22.8337137 ], [ -43.0604328, -22.834474 ], [ -43.0605366, -22.8346985 ], [ -43.0606821, -22.8350313 ], [ -43.0608339, -22.8354376 ], [ -43.0612248, -22.8359544 ], [ -43.0614452, -22.836059 ], [ -43.0616321, -22.8361713 ], [ -43.0621655, -22.8366033 ], [ -43.062874, -22.8371682 ], [ -43.0631895, -22.8374199 ], [ -43.0641856, -22.8379075 ], [ -43.0646007, -22.8380584 ], [ -43.0651228, -22.8382259 ], [ -43.065453, -22.8382782 ], [ -43.0664077, -22.8383397 ], [ -43.0670901, -22.838384 ], [ -43.0674729, -22.8385125 ], [ -43.0678811, -22.8388433 ], [ -43.068156, -22.8390925 ], [ -43.0684697, -22.8393847 ], [ -43.0685303, -22.8394411 ], [ -43.0689552, -22.8397885 ], [ -43.0692926, -22.8399333 ], [ -43.0699373, -22.8401336 ], [ -43.0709977, -22.8404547 ], [ -43.0711839, -22.8405381 ], [ -43.0723006, -22.84102 ], [ -43.0730796, -22.8416558 ], [ -43.073735, -22.8423031 ], [ -43.0738093, -22.8423913 ], [ -43.0740417, -22.8426528 ], [ -43.0740813, -22.8427542 ], [ -43.0741137, -22.8428835 ], [ -43.074099, -22.8429849 ], [ -43.074071, -22.8430753 ], [ -43.0739236, -22.8435781 ], [ -43.0738247, -22.8440866 ], [ -43.0737826, -22.8443146 ], [ -43.0737674, -22.8445903 ], [ -43.0737552, -22.8448343 ], [ -43.0737445, -22.8450472 ], [ -43.0737492, -22.8451166 ], [ -43.0737881, -22.8456011 ], [ -43.0738306, -22.8458416 ], [ -43.073872, -22.846039 ], [ -43.0739764, -22.8463009 ], [ -43.0741563, -22.846607 ], [ -43.0746598, -22.8470711 ], [ -43.0750266, -22.8474034 ], [ -43.0753444, -22.847679 ], [ -43.075845, -22.8481086 ], [ -43.0761561, -22.8483759 ], [ -43.07625, -22.848498 ], [ -43.0765253, -22.8488453 ], [ -43.0769297, -22.8494282 ], [ -43.0772534, -22.8501281 ], [ -43.0773201, -22.8502558 ], [ -43.0777193, -22.8507842 ], [ -43.0779385, -22.8510788 ], [ -43.078227, -22.851445 ], [ -43.0784826, -22.85171 ], [ -43.0786136, -22.8518455 ], [ -43.0789568, -22.8521917 ], [ -43.0792128, -22.8523995 ], [ -43.0798098, -22.8528386 ], [ -43.080064, -22.8530564 ], [ -43.0802162, -22.8531993 ], [ -43.0807009, -22.853696 ], [ -43.0809926, -22.8540212 ], [ -43.0813181, -22.8543859 ], [ -43.0816966, -22.8548602 ], [ -43.0825923, -22.8549516 ], [ -43.0828925, -22.854953 ], [ -43.0836704, -22.8549486 ], [ -43.0839364, -22.8548486 ], [ -43.0843552, -22.8548201 ], [ -43.0849059, -22.8548126 ], [ -43.0854966, -22.8548045 ], [ -43.0856695, -22.8547957 ], [ -43.0860689, -22.8547207 ], [ -43.0862815, -22.8546738 ], [ -43.0873088, -22.8544307 ], [ -43.0886091, -22.8541359 ], [ -43.0888421, -22.8540789 ], [ -43.0889008, -22.8540357 ], [ -43.0892147, -22.853777 ], [ -43.0893655, -22.8536628 ], [ -43.0896705, -22.8534317 ], [ -43.0901715, -22.8530866 ], [ -43.0905963, -22.8528425 ], [ -43.0908053, -22.8527699 ], [ -43.0911203, -22.8527017 ], [ -43.0913772, -22.8526422 ], [ -43.0928756, -22.8523581 ], [ -43.0938638, -22.8521617 ], [ -43.0954086, -22.851746 ], [ -43.0957606, -22.8522134 ], [ -43.0963454, -22.8529632 ], [ -43.0971278, -22.853926 ], [ -43.0977387, -22.8547113 ], [ -43.0979387, -22.8550271 ], [ -43.0984299, -22.8559375 ], [ -43.0985752, -22.8563148 ], [ -43.0990061, -22.8573968 ] ] ], [ [ [ -43.1062973, -22.8480771 ], [ -43.1063918, -22.8480059 ], [ -43.1064042, -22.8478755 ], [ -43.1063366, -22.8477588 ], [ -43.1063469, -22.8475285 ], [ -43.1063313, -22.8474285 ], [ -43.1062218, -22.8473284 ], [ -43.1061007, -22.8471433 ], [ -43.1060568, -22.8470437 ], [ -43.1059251, -22.8467292 ], [ -43.1058526, -22.8465135 ], [ -43.1057632, -22.846297 ], [ -43.1056531, -22.8461819 ], [ -43.1054292, -22.8461403 ], [ -43.1052883, -22.8460831 ], [ -43.1050673, -22.84607 ], [ -43.1048942, -22.8460566 ], [ -43.1046931, -22.8460133 ], [ -43.1045864, -22.8458827 ], [ -43.1044312, -22.8458679 ], [ -43.1042913, -22.8458676 ], [ -43.1042914, -22.8458531 ], [ -43.1041049, -22.8458092 ], [ -43.1039962, -22.8457363 ], [ -43.1039183, -22.8457072 ], [ -43.1038401, -22.8457508 ], [ -43.1036996, -22.845851 ], [ -43.1036528, -22.8459375 ], [ -43.1036059, -22.8460819 ], [ -43.1035747, -22.8461839 ], [ -43.1035747, -22.8462705 ], [ -43.1034968, -22.8463273 ], [ -43.1034503, -22.8464567 ], [ -43.1034507, -22.8466431 ], [ -43.1035591, -22.8469139 ], [ -43.1036055, -22.8471278 ], [ -43.1037598, -22.8473973 ], [ -43.103853, -22.8475988 ], [ -43.1040084, -22.8477714 ], [ -43.1041943, -22.8479143 ], [ -43.104486, -22.8479962 ], [ -43.1046855, -22.8480799 ], [ -43.1048067, -22.8480915 ], [ -43.104961, -22.8481345 ], [ -43.1051179, -22.8482367 ], [ -43.1053349, -22.848266 ], [ -43.1054883, -22.8482368 ], [ -43.1056124, -22.8482372 ], [ -43.1057098, -22.8483405 ], [ -43.1059018, -22.8484022 ], [ -43.106046, -22.8483766 ], [ -43.1060621, -22.848377 ], [ -43.1061714, -22.8482053 ], [ -43.1062973, -22.8480771 ] ] ], [ [ [ -43.1081599, -22.8473776 ], [ -43.1083093, -22.8474311 ], [ -43.1084136, -22.8473194 ], [ -43.1084402, -22.8472489 ], [ -43.1084402, -22.8472458 ], [ -43.1084336, -22.8471629 ], [ -43.1084336, -22.8471568 ], [ -43.1084103, -22.8470739 ], [ -43.1083271, -22.8469849 ], [ -43.1083171, -22.8469726 ], [ -43.1082706, -22.8468867 ], [ -43.1082706, -22.8468775 ], [ -43.108234, -22.8468099 ], [ -43.1081518, -22.8466968 ], [ -43.1080522, -22.8466968 ], [ -43.108019, -22.846605 ], [ -43.108019, -22.8465438 ], [ -43.1079344, -22.8464784 ], [ -43.1078032, -22.8464596 ], [ -43.1077202, -22.8465132 ], [ -43.1076953, -22.846605 ], [ -43.1077202, -22.8467197 ], [ -43.107662, -22.8467656 ], [ -43.1075375, -22.8467273 ], [ -43.1075126, -22.8467885 ], [ -43.1075956, -22.8469186 ], [ -43.1076371, -22.8469874 ], [ -43.1077118, -22.847041 ], [ -43.107911, -22.8472016 ], [ -43.1079857, -22.8472705 ], [ -43.1081599, -22.8473776 ] ] ], [ [ [ -43.105788, -22.8335188 ], [ -43.1055349, -22.834025 ], [ -43.1051372, -22.8344588 ], [ -43.1047395, -22.8347661 ], [ -43.1049022, -22.8353265 ], [ -43.1050016, -22.8358778 ], [ -43.1050288, -22.8360857 ], [ -43.1056072, -22.836845 ], [ -43.1058061, -22.8376223 ], [ -43.1056795, -22.838273 ], [ -43.1062218, -22.8391769 ], [ -43.1060411, -22.8398999 ], [ -43.1063845, -22.839918 ], [ -43.1066737, -22.8396649 ], [ -43.1071618, -22.839927 ], [ -43.1076499, -22.8401892 ], [ -43.1074149, -22.8405326 ], [ -43.1078126, -22.8407857 ], [ -43.1082464, -22.8404784 ], [ -43.1085537, -22.8405326 ], [ -43.1091503, -22.840388 ], [ -43.109548, -22.840153 ], [ -43.1100541, -22.8392853 ], [ -43.110506, -22.8385984 ], [ -43.1107045, -22.8382565 ], [ -43.1111568, -22.8374776 ], [ -43.1116087, -22.8369173 ], [ -43.1119522, -22.8367726 ], [ -43.1115906, -22.8364473 ], [ -43.1118799, -22.8358688 ], [ -43.112386, -22.8352 ], [ -43.1127656, -22.8348384 ], [ -43.1130669, -22.8348039 ], [ -43.1131712, -22.8347919 ], [ -43.1136695, -22.8348565 ], [ -43.113882, -22.8351236 ], [ -43.1145552, -22.8347661 ], [ -43.1150202, -22.834192 ], [ -43.1155404, -22.8335599 ], [ -43.1151613, -22.8330861 ], [ -43.1149244, -22.8324227 ], [ -43.1144336, -22.8320853 ], [ -43.1141663, -22.8319015 ], [ -43.1131712, -22.8319015 ], [ -43.1125078, -22.8315698 ], [ -43.1115127, -22.8303851 ], [ -43.1107546, -22.8305747 ], [ -43.1098124, -22.8310283 ], [ -43.1094752, -22.8311907 ], [ -43.1083854, -22.8311907 ], [ -43.107722, -22.8318541 ], [ -43.107612, -22.8321888 ], [ -43.1071257, -22.8323981 ], [ -43.1068003, -22.8329765 ], [ -43.1066737, -22.8333561 ], [ -43.1063303, -22.8336092 ], [ -43.105788, -22.8335188 ] ] ], [ [ [ -43.0963241, -22.823623 ], [ -43.0964777, -22.8239774 ], [ -43.096265, -22.8245682 ], [ -43.0961941, -22.8250408 ], [ -43.0966431, -22.8248281 ], [ -43.0972339, -22.8251117 ], [ -43.0974229, -22.8257733 ], [ -43.0978483, -22.8261514 ], [ -43.0983445, -22.8266476 ], [ -43.0994913, -22.8271652 ], [ -43.0999903, -22.8275949 ], [ -43.1010856, -22.8285381 ], [ -43.101251, -22.8290343 ], [ -43.1019599, -22.8296959 ], [ -43.1028579, -22.8300268 ], [ -43.1036694, -22.8298963 ], [ -43.104392, -22.8293752 ], [ -43.104244, -22.8291513 ], [ -43.1035145, -22.829044 ], [ -43.1034107, -22.8289924 ], [ -43.1030691, -22.8288226 ], [ -43.1027607, -22.8285312 ], [ -43.1026884, -22.8281605 ], [ -43.1022739, -22.8277942 ], [ -43.1020745, -22.8273598 ], [ -43.101846, -22.8269414 ], [ -43.1016714, -22.8261912 ], [ -43.1013816, -22.8252582 ], [ -43.1012783, -22.8249416 ], [ -43.1013601, -22.8246268 ], [ -43.1012859, -22.8243551 ], [ -43.1008976, -22.8242515 ], [ -43.1005102, -22.8240311 ], [ -43.100486, -22.8236974 ], [ -43.1002847, -22.8234238 ], [ -43.0998464, -22.8233922 ], [ -43.099509, -22.8231267 ], [ -43.0991197, -22.8230681 ], [ -43.0984111, -22.822826 ], [ -43.0978195, -22.8225937 ], [ -43.097456, -22.8221115 ], [ -43.0973375, -22.8214791 ], [ -43.0968035, -22.8205524 ], [ -43.0967088, -22.8203758 ], [ -43.0963947, -22.8197904 ], [ -43.0959331, -22.8193252 ], [ -43.0952036, -22.819227 ], [ -43.0946054, -22.8194823 ], [ -43.0938192, -22.8199606 ], [ -43.0933943, -22.8204426 ], [ -43.093104, -22.8213496 ], [ -43.093264, -22.8222524 ], [ -43.0935476, -22.8222288 ], [ -43.0939257, -22.8225833 ], [ -43.0944045, -22.8229823 ], [ -43.0950599, -22.8231268 ], [ -43.0956743, -22.822985 ], [ -43.0961705, -22.8232685 ], [ -43.0963241, -22.823623 ] ] ], [ [ [ -43.1208203, -22.8064294 ], [ -43.1209459, -22.8062847 ], [ -43.1209538, -22.8061617 ], [ -43.1208518, -22.8061256 ], [ -43.1207968, -22.8061183 ], [ -43.1207733, -22.8060532 ], [ -43.1207105, -22.8060025 ], [ -43.1207026, -22.8059881 ], [ -43.1207027, -22.8059229 ], [ -43.1207027, -22.8059157 ], [ -43.1206948, -22.8058506 ], [ -43.120632, -22.8057493 ], [ -43.1204829, -22.8056914 ], [ -43.1203652, -22.8057058 ], [ -43.1202474, -22.8057854 ], [ -43.1202081, -22.8059157 ], [ -43.1202238, -22.8060097 ], [ -43.1202081, -22.8060893 ], [ -43.1200982, -22.8060676 ], [ -43.1200197, -22.8061255 ], [ -43.1200747, -22.806234 ], [ -43.1201689, -22.8063281 ], [ -43.1203808, -22.8063643 ], [ -43.120522, -22.8064366 ], [ -43.1207104, -22.8064656 ], [ -43.1208203, -22.8064294 ] ] ] ] } },
{ "type": "Feature", "properties": { "id": 4, "cod_distr": "330490425", "ord_distr": "5º Distrito", "nm_distr": "Sete Pontes", "area_km2": 19.965836768736196, "cod_munic": "3304904", "nm_munic": "São Gonçalo", "cod_uf": "33", "sig_uf": "RJ" }, "geometry": { "type": "Polygon", "coordinates": [ [ [ -43.0909265, -22.8617425 ], [ -43.0910311, -22.8617286 ], [ -43.0913185, -22.8616927 ], [ -43.0915061, -22.8616807 ], [ -43.0917496, -22.8617086 ], [ -43.0919364, -22.861697 ], [ -43.0920489, -22.8616527 ], [ -43.0921966, -22.861521 ], [ -43.0923443, -22.8614651 ], [ -43.0925758, -22.8613733 ], [ -43.0927435, -22.8612456 ], [ -43.0928632, -22.8612097 ], [ -43.0929804, -22.8611493 ], [ -43.0931426, -22.8611338 ], [ -43.0933462, -22.8611219 ], [ -43.0933926, -22.8611031 ], [ -43.0935138, -22.861054 ], [ -43.0937853, -22.8610141 ], [ -43.0940846, -22.8609622 ], [ -43.0942534, -22.860928 ], [ -43.0943193, -22.8609146 ], [ -43.09436, -22.8609063 ], [ -43.0945577, -22.860846 ], [ -43.0945955, -22.8608345 ], [ -43.0946094, -22.8608265 ], [ -43.0948725, -22.8606754 ], [ -43.0951454, -22.8605187 ], [ -43.095157, -22.860512 ], [ -43.0951863, -22.8604952 ], [ -43.0952901, -22.8605271 ], [ -43.0953884, -22.8605637 ], [ -43.095406, -22.8605703 ], [ -43.0954936, -22.860603 ], [ -43.0956373, -22.8606389 ], [ -43.09572, -22.8606471 ], [ -43.0957358, -22.8606487 ], [ -43.0957516, -22.8606503 ], [ -43.095797, -22.8606548 ], [ -43.0958959, -22.8606496 ], [ -43.0959393, -22.8606474 ], [ -43.0959487, -22.8606469 ], [ -43.0960951, -22.8606062 ], [ -43.0962513, -22.8604583 ], [ -43.0965115, -22.8602118 ], [ -43.0965876, -22.8600724 ], [ -43.0966014, -22.8600584 ], [ -43.0966712, -22.8599883 ], [ -43.0968149, -22.8599404 ], [ -43.0970144, -22.8598765 ], [ -43.0970518, -22.859855 ], [ -43.0970891, -22.8598334 ], [ -43.0971182, -22.8598166 ], [ -43.0973178, -22.859657 ], [ -43.0976172, -22.8594853 ], [ -43.0976638, -22.8594648 ], [ -43.0978527, -22.8593815 ], [ -43.0980403, -22.8592458 ], [ -43.0980889, -22.85921 ], [ -43.0981375, -22.8591742 ], [ -43.0983277, -22.8590343 ], [ -43.0984753, -22.8589544 ], [ -43.0986669, -22.8589026 ], [ -43.0989104, -22.8588626 ], [ -43.0990155, -22.858855 ], [ -43.0991206, -22.8588474 ], [ -43.0991858, -22.8588427 ], [ -43.0993615, -22.8588666 ], [ -43.099573, -22.8589225 ], [ -43.0996182, -22.8588999 ], [ -43.0990061, -22.8573968 ], [ -43.0985752, -22.8563148 ], [ -43.0984299, -22.8559375 ], [ -43.0979387, -22.8550271 ], [ -43.0977387, -22.8547113 ], [ -43.0971278, -22.853926 ], [ -43.0963454, -22.8529632 ], [ -43.0957606, -22.8522134 ], [ -43.0954086, -22.851746 ], [ -43.0938638, -22.8521617 ], [ -43.0928756, -22.8523581 ], [ -43.0913772, -22.8526422 ], [ -43.0911203, -22.8527017 ], [ -43.0908053, -22.8527699 ], [ -43.0905963, -22.8528425 ], [ -43.0901715, -22.8530866 ], [ -43.0896705, -22.8534317 ], [ -43.0893655, -22.8536628 ], [ -43.0892147, -22.853777 ], [ -43.0889008, -22.8540357 ], [ -43.0888421, -22.8540789 ], [ -43.0886091, -22.8541359 ], [ -43.0873088, -22.8544307 ], [ -43.0862815, -22.8546738 ], [ -43.0860689, -22.8547207 ], [ -43.0856695, -22.8547957 ], [ -43.0854966, -22.8548045 ], [ -43.0849059, -22.8548126 ], [ -43.0843552, -22.8548201 ], [ -43.0839364, -22.8548486 ], [ -43.0836704, -22.8549486 ], [ -43.0828925, -22.854953 ], [ -43.0825923, -22.8549516 ], [ -43.0816966, -22.8548602 ], [ -43.0813181, -22.8543859 ], [ -43.0809926, -22.8540212 ], [ -43.0807009, -22.853696 ], [ -43.0802162, -22.8531993 ], [ -43.080064, -22.8530564 ], [ -43.0798098, -22.8528386 ], [ -43.0792128, -22.8523995 ], [ -43.0789568, -22.8521917 ], [ -43.0786136, -22.8518455 ], [ -43.0784826, -22.85171 ], [ -43.078227, -22.851445 ], [ -43.0779385, -22.8510788 ], [ -43.0777193, -22.8507842 ], [ -43.0773201, -22.8502558 ], [ -43.0772534, -22.8501281 ], [ -43.0769297, -22.8494282 ], [ -43.0765253, -22.8488453 ], [ -43.07625, -22.848498 ], [ -43.0761561, -22.8483759 ], [ -43.075845, -22.8481086 ], [ -43.0753444, -22.847679 ], [ -43.0750266, -22.8474034 ], [ -43.0746598, -22.8470711 ], [ -43.0741563, -22.846607 ], [ -43.0739764, -22.8463009 ], [ -43.073872, -22.846039 ], [ -43.0738306, -22.8458416 ], [ -43.0737881, -22.8456011 ], [ -43.0737492, -22.8451166 ], [ -43.0737445, -22.8450472 ], [ -43.0737552, -22.8448343 ], [ -43.0737674, -22.8445903 ], [ -43.0737826, -22.8443146 ], [ -43.0738247, -22.8440866 ], [ -43.0739236, -22.8435781 ], [ -43.074071, -22.8430753 ], [ -43.074099, -22.8429849 ], [ -43.0741137, -22.8428835 ], [ -43.0740813, -22.8427542 ], [ -43.0740417, -22.8426528 ], [ -43.0738093, -22.8423913 ], [ -43.073735, -22.8423031 ], [ -43.0730796, -22.8416558 ], [ -43.0723006, -22.84102 ], [ -43.0711839, -22.8405381 ], [ -43.0709977, -22.8404547 ], [ -43.0699373, -22.8401336 ], [ -43.0692926, -22.8399333 ], [ -43.0689552, -22.8397885 ], [ -43.0685303, -22.8394411 ], [ -43.0684697, -22.8393847 ], [ -43.068156, -22.8390925 ], [ -43.0678811, -22.8388433 ], [ -43.0674729, -22.8385125 ], [ -43.0670901, -22.838384 ], [ -43.0664077, -22.8383397 ], [ -43.065453, -22.8382782 ], [ -43.0651228, -22.8382259 ], [ -43.0646007, -22.8380584 ], [ -43.0641856, -22.8379075 ], [ -43.0631895, -22.8374199 ], [ -43.062874, -22.8371682 ], [ -43.0621655, -22.8366033 ], [ -43.0616321, -22.8361713 ], [ -43.0614452, -22.836059 ], [ -43.0612248, -22.8359544 ], [ -43.0609635, -22.8358338 ], [ -43.0608374, -22.8357779 ], [ -43.0594711, -22.8351677 ], [ -43.0594521, -22.8351582 ], [ -43.0588316, -22.8348985 ], [ -43.0586166, -22.8348055 ], [ -43.058273, -22.834773 ], [ -43.0579062, -22.8348681 ], [ -43.0573338, -22.8351832 ], [ -43.0568929, -22.8353445 ], [ -43.0567629, -22.835359 ], [ -43.0564857, -22.8353899 ], [ -43.0563011, -22.8354036 ], [ -43.0556336, -22.8354533 ], [ -43.0548491, -22.8355165 ], [ -43.0543323, -22.8353371 ], [ -43.0538966, -22.8351318 ], [ -43.0536544, -22.8349931 ], [ -43.0529773, -22.8346115 ], [ -43.0523571, -22.8343468 ], [ -43.0517402, -22.8341704 ], [ -43.0508754, -22.8339231 ], [ -43.0507729, -22.8339003 ], [ -43.0501642, -22.8337621 ], [ -43.0499741, -22.8337078 ], [ -43.0489674, -22.8335472 ], [ -43.048769, -22.833529 ], [ -43.0484281, -22.8334878 ], [ -43.0473641, -22.8334864 ], [ -43.0471998, -22.8338523 ], [ -43.0470954, -22.8341523 ], [ -43.0470042, -22.8343636 ], [ -43.046905, -22.8345827 ], [ -43.0468085, -22.8347757 ], [ -43.0467277, -22.8349765 ], [ -43.0467016, -22.8351409 ], [ -43.0466938, -22.835253 ], [ -43.0466885, -22.8353678 ], [ -43.046699, -22.8354532 ], [ -43.0466543, -22.8355286 ], [ -43.0466479, -22.8356305 ], [ -43.0467095, -22.8359851 ], [ -43.0467554, -22.8362349 ], [ -43.0468082, -22.83647 ], [ -43.0468565, -22.8366556 ], [ -43.0469025, -22.8368864 ], [ -43.0469493, -22.8370487 ], [ -43.0469825, -22.8372509 ], [ -43.0470255, -22.8374244 ], [ -43.0470609, -22.8375308 ], [ -43.0470881, -22.8376402 ], [ -43.0471303, -22.8378379 ], [ -43.0471651, -22.8379911 ], [ -43.0471741, -22.8381254 ], [ -43.0471956, -22.8382941 ], [ -43.0472137, -22.838421 ], [ -43.0472141, -22.8384242 ], [ -43.0472308, -22.8385569 ], [ -43.047287, -22.8387646 ], [ -43.0473712, -22.8390004 ], [ -43.0474083, -22.8391542 ], [ -43.0475487, -22.8395527 ], [ -43.0476519, -22.8398244 ], [ -43.0475929, -22.8400433 ], [ -43.047534, -22.8401905 ], [ -43.0476413, -22.8402977 ], [ -43.0478285, -22.8404847 ], [ -43.0479608, -22.8408293 ], [ -43.0480441, -22.8411279 ], [ -43.0481383, -22.8413726 ], [ -43.0482568, -22.841997 ], [ -43.0482749, -22.8421049 ], [ -43.048293, -22.8422048 ], [ -43.048281, -22.8423307 ], [ -43.0482293, -22.8424639 ], [ -43.0481902, -22.8425421 ], [ -43.0481592, -22.8426995 ], [ -43.0480764, -22.8430413 ], [ -43.0480355, -22.8432032 ], [ -43.0480277, -22.8433334 ], [ -43.0480307, -22.8434176 ], [ -43.0480488, -22.8434808 ], [ -43.0480548, -22.843535 ], [ -43.0481528, -22.8437365 ], [ -43.0483149, -22.8438095 ], [ -43.0484261, -22.8439062 ], [ -43.0484866, -22.8439589 ], [ -43.0485746, -22.8440702 ], [ -43.0486678, -22.844166 ], [ -43.0488153, -22.8443342 ], [ -43.0489292, -22.8444533 ], [ -43.0490068, -22.8445801 ], [ -43.0490301, -22.8446888 ], [ -43.0490198, -22.84487 ], [ -43.0489758, -22.8450408 ], [ -43.0488929, -22.8452245 ], [ -43.0487894, -22.8454109 ], [ -43.048748, -22.8454834 ], [ -43.0486807, -22.8455895 ], [ -43.0485927, -22.8457241 ], [ -43.0484737, -22.8459415 ], [ -43.0482433, -22.8458845 ], [ -43.0475316, -22.8457163 ], [ -43.0468017, -22.8455222 ], [ -43.0464834, -22.8454497 ], [ -43.0457975, -22.8454264 ], [ -43.0456448, -22.8454316 ], [ -43.0451919, -22.8454083 ], [ -43.044947, -22.8454364 ], [ -43.0446816, -22.8455179 ], [ -43.0435831, -22.8458612 ], [ -43.0435834, -22.8459393 ], [ -43.0435778, -22.8462596 ], [ -43.043576, -22.8468243 ], [ -43.0434974, -22.8468303 ], [ -43.0434721, -22.8468322 ], [ -43.0431745, -22.8468202 ], [ -43.0428794, -22.8468202 ], [ -43.042507, -22.8468295 ], [ -43.0422053, -22.8468453 ], [ -43.0421163, -22.8468714 ], [ -43.0420629, -22.8468891 ], [ -43.0420089, -22.8469413 ], [ -43.0419573, -22.8470943 ], [ -43.0419064, -22.8472832 ], [ -43.0418745, -22.8474641 ], [ -43.0418674, -22.8476497 ], [ -43.0418534, -22.8478331 ], [ -43.0418413, -22.8480286 ], [ -43.0418348, -22.8482036 ], [ -43.0417851, -22.8483464 ], [ -43.0416822, -22.8485211 ], [ -43.0416077, -22.8485965 ], [ -43.0414866, -22.8486403 ], [ -43.0413471, -22.848669 ], [ -43.0412833, -22.8486788 ], [ -43.0410681, -22.8487096 ], [ -43.0410663, -22.8487096 ], [ -43.0410571, -22.8487096 ], [ -43.040965, -22.8487096 ], [ -43.0407177, -22.8487145 ], [ -43.0404508, -22.8487129 ], [ -43.0401086, -22.8487243 ], [ -43.0398057, -22.8487309 ], [ -43.0394241, -22.8487734 ], [ -43.0391392, -22.8487898 ], [ -43.0384353, -22.8487871 ], [ -43.0378407, -22.848744 ], [ -43.0376475, -22.8487243 ], [ -43.0374985, -22.8486785 ], [ -43.0374035, -22.8486228 ], [ -43.0372856, -22.8485475 ], [ -43.0369516, -22.848315 ], [ -43.0367739, -22.848326 ], [ -43.0366088, -22.8483331 ], [ -43.0364685, -22.8483805 ], [ -43.0363737, -22.8484113 ], [ -43.0361771, -22.8484263 ], [ -43.0360523, -22.8484235 ], [ -43.0359294, -22.8484365 ], [ -43.0357761, -22.8485052 ], [ -43.0357674, -22.8485091 ], [ -43.0356501, -22.8485724 ], [ -43.0355421, -22.8486283 ], [ -43.0353976, -22.8487112 ], [ -43.035246, -22.8488014 ], [ -43.0351491, -22.8488638 ], [ -43.0350587, -22.8489208 ], [ -43.0349783, -22.8489794 ], [ -43.0348979, -22.8490379 ], [ -43.0347918, -22.8491026 ], [ -43.0346931, -22.8491664 ], [ -43.0345478, -22.8492532 ], [ -43.0344348, -22.8493253 ], [ -43.0343202, -22.8493908 ], [ -43.0340353, -22.8495643 ], [ -43.0339927, -22.849593 ], [ -43.033841, -22.8496994 ], [ -43.033657, -22.8498059 ], [ -43.033605, -22.8498415 ], [ -43.0333483, -22.8501194 ], [ -43.0332902, -22.8501784 ], [ -43.0330184, -22.8502807 ], [ -43.0327008, -22.8503269 ], [ -43.0325736, -22.8503075 ], [ -43.0324699, -22.8502668 ], [ -43.0323806, -22.8501776 ], [ -43.0323714, -22.8502187 ], [ -43.0323106, -22.850491 ], [ -43.032316, -22.8505086 ], [ -43.0324169, -22.8508392 ], [ -43.032305, -22.8511202 ], [ -43.0321907, -22.8513772 ], [ -43.0319431, -22.8516534 ], [ -43.0311752, -22.8517472 ], [ -43.031174, -22.8517487 ], [ -43.0310919, -22.8518494 ], [ -43.0309888, -22.852113 ], [ -43.0310019, -22.8522964 ], [ -43.0310756, -22.8525519 ], [ -43.0311293, -22.8526094 ], [ -43.0311084, -22.8526994 ], [ -43.0310784, -22.8527713 ], [ -43.0309694, -22.8529143 ], [ -43.0307743, -22.8531029 ], [ -43.0306343, -22.8532249 ], [ -43.0304014, -22.8533861 ], [ -43.0303233, -22.8534402 ], [ -43.0302003, -22.8535253 ], [ -43.0300194, -22.8536555 ], [ -43.0297283, -22.8538656 ], [ -43.0294864, -22.8540362 ], [ -43.0291072, -22.8543008 ], [ -43.0288691, -22.8544611 ], [ -43.0285473, -22.8546969 ], [ -43.0284155, -22.8547862 ], [ -43.028242, -22.8549518 ], [ -43.0279442, -22.8551603 ], [ -43.0275468, -22.8553016 ], [ -43.0270967, -22.8554662 ], [ -43.0264418, -22.8556998 ], [ -43.026234, -22.8557895 ], [ -43.0261456, -22.8558279 ], [ -43.0252338, -22.8562238 ], [ -43.0236856, -22.8545018 ], [ -43.0235829, -22.8543907 ], [ -43.0235401, -22.8543443 ], [ -43.0235288, -22.8543321 ], [ -43.022725, -22.8544089 ], [ -43.0224888, -22.8544435 ], [ -43.0223537, -22.8544688 ], [ -43.0221782, -22.854527 ], [ -43.0219875, -22.854587 ], [ -43.0217841, -22.8546924 ], [ -43.0216059, -22.8548388 ], [ -43.0214581, -22.8549521 ], [ -43.0213697, -22.8550285 ], [ -43.0208837, -22.8556796 ], [ -43.0206305, -22.856009 ], [ -43.0206483, -22.8560409 ], [ -43.0206572, -22.8560569 ], [ -43.0206661, -22.8560729 ], [ -43.0206698, -22.8561221 ], [ -43.0206698, -22.8561528 ], [ -43.0206698, -22.8561835 ], [ -43.0206479, -22.8562302 ], [ -43.0206075, -22.8563342 ], [ -43.0205304, -22.856475 ], [ -43.0204265, -22.8566593 ], [ -43.020393, -22.8568 ], [ -43.0203729, -22.8571351 ], [ -43.0204634, -22.8577919 ], [ -43.0205095, -22.8580683 ], [ -43.0205707, -22.8583441 ], [ -43.0207462, -22.8589864 ], [ -43.0207508, -22.8589958 ], [ -43.0208219, -22.8591423 ], [ -43.0208488, -22.859283 ], [ -43.0208286, -22.859407 ], [ -43.0207884, -22.8595846 ], [ -43.0206745, -22.8598192 ], [ -43.0204859, -22.8602285 ], [ -43.0203009, -22.8607156 ], [ -43.0202795, -22.8607942 ], [ -43.0202791, -22.8607956 ], [ -43.0202733, -22.8608165 ], [ -43.0202674, -22.8608379 ], [ -43.0202602, -22.8608693 ], [ -43.0202456, -22.8609334 ], [ -43.0201802, -22.86124 ], [ -43.020135, -22.8615265 ], [ -43.0201227, -22.8617755 ], [ -43.0200043, -22.8619705 ], [ -43.0197149, -22.8624114 ], [ -43.0196471, -22.8625141 ], [ -43.0195734, -22.862714 ], [ -43.0193844, -22.8631965 ], [ -43.0194325, -22.8633169 ], [ -43.0195516, -22.8636275 ], [ -43.0196561, -22.8639424 ], [ -43.0196965, -22.8641749 ], [ -43.0196799, -22.8643719 ], [ -43.0196273, -22.8644947 ], [ -43.0195737, -22.8646114 ], [ -43.0195363, -22.8646926 ], [ -43.0194047, -22.8648944 ], [ -43.0192975, -22.8650864 ], [ -43.0192413, -22.8652011 ], [ -43.0191965, -22.8652924 ], [ -43.0191908, -22.8653276 ], [ -43.0191786, -22.8654032 ], [ -43.0191692, -22.8654609 ], [ -43.0191828, -22.8655376 ], [ -43.0192087, -22.8656425 ], [ -43.0192482, -22.8657339 ], [ -43.0192989, -22.8658602 ], [ -43.0193106, -22.8659197 ], [ -43.0193497, -22.8661184 ], [ -43.0194038, -22.8663744 ], [ -43.0195407, -22.8669911 ], [ -43.0195811, -22.8671644 ], [ -43.0196634, -22.867544 ], [ -43.0196928, -22.8677245 ], [ -43.0198206, -22.8680246 ], [ -43.019927, -22.8681882 ], [ -43.0200142, -22.8683555 ], [ -43.0200317, -22.8683889 ], [ -43.0200478, -22.8684175 ], [ -43.0200541, -22.8684288 ], [ -43.020074, -22.8684642 ], [ -43.0201048, -22.8685189 ], [ -43.0201544, -22.8686686 ], [ -43.0202377, -22.8689763 ], [ -43.0203406, -22.8694322 ], [ -43.0204152, -22.8695466 ], [ -43.0204443, -22.8695836 ], [ -43.0204823, -22.8696195 ], [ -43.0205712, -22.8697168 ], [ -43.0206755, -22.8697752 ], [ -43.0208307, -22.869859 ], [ -43.0210439, -22.8699607 ], [ -43.0212181, -22.8700435 ], [ -43.0213732, -22.8701083 ], [ -43.0216309, -22.8702216 ], [ -43.021759, -22.870279 ], [ -43.0218279, -22.87031 ], [ -43.0219745, -22.8703807 ], [ -43.0221923, -22.8705115 ], [ -43.0226263, -22.8707698 ], [ -43.0229345, -22.8709391 ], [ -43.0232309, -22.8710703 ], [ -43.0232437, -22.871076 ], [ -43.0237655, -22.8712713 ], [ -43.0239015, -22.8713325 ], [ -43.0243485, -22.8715521 ], [ -43.0249917, -22.8718553 ], [ -43.0256604, -22.8721719 ], [ -43.0260216, -22.8723614 ], [ -43.0262839, -22.8724478 ], [ -43.0266532, -22.872662 ], [ -43.0268882, -22.8728553 ], [ -43.0270177, -22.8729427 ], [ -43.0272188, -22.8730563 ], [ -43.0275507, -22.8732281 ], [ -43.0276221, -22.8732658 ], [ -43.0277181, -22.8733327 ], [ -43.0277724, -22.8733883 ], [ -43.0280311, -22.8737423 ], [ -43.0280879, -22.873839 ], [ -43.0282197, -22.8741047 ], [ -43.0284266, -22.874437 ], [ -43.0285076, -22.8745618 ], [ -43.028717, -22.8749109 ], [ -43.0287775, -22.8750115 ], [ -43.0290761, -22.8755056 ], [ -43.0292202, -22.8754567 ], [ -43.0295662, -22.8753529 ], [ -43.0297891, -22.8753212 ], [ -43.0299846, -22.875307 ], [ -43.0301818, -22.8753159 ], [ -43.0302664, -22.875331 ], [ -43.030351, -22.8753461 ], [ -43.0306911, -22.8754415 ], [ -43.0310568, -22.875554 ], [ -43.031089, -22.8755639 ], [ -43.0310956, -22.8755659 ], [ -43.0311339, -22.8755768 ], [ -43.0314515, -22.8756674 ], [ -43.0319697, -22.8758019 ], [ -43.0323565, -22.8759117 ], [ -43.0324198, -22.8759301 ], [ -43.0324658, -22.8759435 ], [ -43.0327265, -22.8760193 ], [ -43.0328669, -22.876061 ], [ -43.0329883, -22.8761175 ], [ -43.0330887, -22.8761839 ], [ -43.0332124, -22.8762789 ], [ -43.0333593, -22.8764087 ], [ -43.0333803, -22.8764272 ], [ -43.0335962, -22.8766178 ], [ -43.0338151, -22.8768103 ], [ -43.034095, -22.8770432 ], [ -43.0341134, -22.8770559 ], [ -43.0341816, -22.8771032 ], [ -43.0342785, -22.8771703 ], [ -43.0344714, -22.8772338 ], [ -43.0346149, -22.877255 ], [ -43.0347431, -22.8772321 ], [ -43.0347466, -22.8772314 ], [ -43.0349654, -22.8771044 ], [ -43.0351042, -22.8770127 ], [ -43.0353724, -22.8768786 ], [ -43.035577, -22.8767798 ], [ -43.0357864, -22.8766904 ], [ -43.0362075, -22.8765257 ], [ -43.0364663, -22.8764316 ], [ -43.0369032, -22.8762163 ], [ -43.0369654, -22.8761859 ], [ -43.0371689, -22.8760865 ], [ -43.0374554, -22.8759465 ], [ -43.0379272, -22.8757141 ], [ -43.0380307, -22.8756082 ], [ -43.0381201, -22.8754765 ], [ -43.0381977, -22.8753753 ], [ -43.0382847, -22.8752836 ], [ -43.0383506, -22.8752224 ], [ -43.0384776, -22.8751495 ], [ -43.0386282, -22.8750625 ], [ -43.0386589, -22.8750441 ], [ -43.0388211, -22.8749472 ], [ -43.038927, -22.8748884 ], [ -43.0390723, -22.8748442 ], [ -43.0390759, -22.8748432 ], [ -43.0392116, -22.8748084 ], [ -43.0395127, -22.8747284 ], [ -43.0396492, -22.8746861 ], [ -43.0397738, -22.8745943 ], [ -43.0398327, -22.8745379 ], [ -43.0399009, -22.8744179 ], [ -43.0399625, -22.8742623 ], [ -43.0400089, -22.8741075 ], [ -43.040035, -22.8740203 ], [ -43.0400865, -22.8738734 ], [ -43.0400959, -22.8738467 ], [ -43.0401264, -22.8737596 ], [ -43.0401584, -22.8736662 ], [ -43.0401926, -22.8735663 ], [ -43.0401982, -22.8735564 ], [ -43.0402027, -22.8735484 ], [ -43.0402038, -22.8735464 ], [ -43.0402344, -22.873492 ], [ -43.0402508, -22.8734628 ], [ -43.0403008, -22.8733734 ], [ -43.0403855, -22.8732863 ], [ -43.0405134, -22.873211 ], [ -43.0405172, -22.8732087 ], [ -43.0405699, -22.873178 ], [ -43.0407148, -22.8730934 ], [ -43.0410148, -22.8728864 ], [ -43.041143, -22.8727958 ], [ -43.0411712, -22.8727758 ], [ -43.0411994, -22.8727559 ], [ -43.0412618, -22.8726453 ], [ -43.0412768, -22.872631 ], [ -43.0412781, -22.8726299 ], [ -43.0412944, -22.8726144 ], [ -43.0413669, -22.872591 ], [ -43.0413757, -22.8725882 ], [ -43.0414935, -22.8725524 ], [ -43.0416123, -22.8725289 ], [ -43.0416711, -22.8725253 ], [ -43.0417652, -22.8725242 ], [ -43.0418346, -22.8725336 ], [ -43.0418793, -22.8725477 ], [ -43.0419275, -22.8725736 ], [ -43.0419418, -22.8725813 ], [ -43.0422004, -22.8727218 ], [ -43.0423558, -22.8727772 ], [ -43.0424746, -22.8727883 ], [ -43.0426721, -22.8727806 ], [ -43.0429167, -22.8727523 ], [ -43.0430755, -22.8727218 ], [ -43.0431743, -22.8726994 ], [ -43.0432814, -22.8726582 ], [ -43.0433872, -22.8726159 ], [ -43.0434402, -22.8725559 ], [ -43.0434837, -22.87247 ], [ -43.0435284, -22.8723336 ], [ -43.0436189, -22.8723524 ], [ -43.0436675, -22.8723612 ], [ -43.0437166, -22.8723701 ], [ -43.0438274, -22.8723726 ], [ -43.0439753, -22.8723807 ], [ -43.0443706, -22.8723948 ], [ -43.0447281, -22.8723854 ], [ -43.0449886, -22.8723765 ], [ -43.0451422, -22.8723712 ], [ -43.045735, -22.8723289 ], [ -43.0458452, -22.8723217 ], [ -43.0464548, -22.8722818 ], [ -43.0467334, -22.8721577 ], [ -43.0471935, -22.8719525 ], [ -43.0475135, -22.8718302 ], [ -43.0477371, -22.8717498 ], [ -43.0478146, -22.871722 ], [ -43.047944, -22.8716937 ], [ -43.0480087, -22.8716796 ], [ -43.0480733, -22.8716655 ], [ -43.0484168, -22.871642 ], [ -43.048652, -22.8716937 ], [ -43.0491837, -22.8718678 ], [ -43.0499835, -22.8721548 ], [ -43.0501953, -22.872263 ], [ -43.0503508, -22.872388 ], [ -43.0504823, -22.8724936 ], [ -43.0513056, -22.8731899 ], [ -43.0514044, -22.8732511 ], [ -43.0515146, -22.873252 ], [ -43.0517305, -22.873207 ], [ -43.0517785, -22.873197 ], [ -43.051942, -22.8731628 ], [ -43.0521055, -22.8731287 ], [ -43.0523242, -22.8730393 ], [ -43.0525152, -22.8729613 ], [ -43.052543, -22.8729499 ], [ -43.0526654, -22.8728888 ], [ -43.0527093, -22.8729241 ], [ -43.0528583, -22.873044 ], [ -43.0530465, -22.8727994 ], [ -43.0531559, -22.8726136 ], [ -43.0532958, -22.8723759 ], [ -43.053363, -22.8722775 ], [ -43.0534981, -22.8720795 ], [ -43.0536581, -22.8718725 ], [ -43.0538386, -22.8717597 ], [ -43.0539216, -22.8717078 ], [ -43.0540204, -22.8716537 ], [ -43.0541192, -22.8715996 ], [ -43.0544673, -22.8715008 ], [ -43.0550178, -22.871355 ], [ -43.0559306, -22.8710986 ], [ -43.0565846, -22.8709715 ], [ -43.0571569, -22.870895 ], [ -43.0572802, -22.8708785 ], [ -43.0573232, -22.8708727 ], [ -43.0577232, -22.8708492 ], [ -43.0580854, -22.870901 ], [ -43.0587561, -22.8710247 ], [ -43.0592099, -22.8710421 ], [ -43.0596192, -22.8709715 ], [ -43.0599909, -22.8708774 ], [ -43.0604144, -22.8707222 ], [ -43.0609319, -22.8705104 ], [ -43.061346, -22.8703222 ], [ -43.0618204, -22.8701341 ], [ -43.0618917, -22.8701058 ], [ -43.0623105, -22.8699835 ], [ -43.0626445, -22.8699176 ], [ -43.0630397, -22.8699129 ], [ -43.0634067, -22.8698894 ], [ -43.0635921, -22.869837 ], [ -43.063718, -22.8698014 ], [ -43.0638631, -22.8698 ], [ -43.064056, -22.8698706 ], [ -43.0643289, -22.8699647 ], [ -43.0645782, -22.8699647 ], [ -43.0647241, -22.8699176 ], [ -43.0648323, -22.8698235 ], [ -43.0648746, -22.8696588 ], [ -43.0649687, -22.86956 ], [ -43.0651052, -22.8695271 ], [ -43.0652382, -22.8695559 ], [ -43.0653875, -22.8695883 ], [ -43.0658203, -22.8696636 ], [ -43.066272, -22.8696918 ], [ -43.0664931, -22.8697059 ], [ -43.0666813, -22.8696636 ], [ -43.0668167, -22.8695829 ], [ -43.0669025, -22.8695318 ], [ -43.0671283, -22.869513 ], [ -43.0673212, -22.8695553 ], [ -43.0674153, -22.8695553 ], [ -43.0675329, -22.8694283 ], [ -43.0676459, -22.8693201 ], [ -43.0678043, -22.8692518 ], [ -43.0680223, -22.8691605 ], [ -43.0682402, -22.8690136 ], [ -43.0686104, -22.8687743 ], [ -43.0688534, -22.8686335 ], [ -43.0690358, -22.8684966 ], [ -43.069071, -22.8684658 ], [ -43.0692031, -22.8683497 ], [ -43.0692486, -22.8682783 ], [ -43.0693401, -22.8681344 ], [ -43.0693733, -22.8680965 ], [ -43.0694554, -22.8680026 ], [ -43.0695376, -22.8679088 ], [ -43.0695631, -22.8678898 ], [ -43.0696703, -22.8678101 ], [ -43.0696856, -22.8677988 ], [ -43.0697149, -22.867777 ], [ -43.0697256, -22.8677684 ], [ -43.069872, -22.8676503 ], [ -43.0700697, -22.8675388 ], [ -43.0702288, -22.8674465 ], [ -43.0703231, -22.8673918 ], [ -43.0705106, -22.8672803 ], [ -43.0706427, -22.8671797 ], [ -43.0707235, -22.8671182 ], [ -43.0708806, -22.8669712 ], [ -43.0710326, -22.8668901 ], [ -43.0712657, -22.8667533 ], [ -43.0714988, -22.866581 ], [ -43.0717472, -22.8664847 ], [ -43.0720411, -22.8664745 ], [ -43.0723503, -22.8664644 ], [ -43.0725935, -22.8664391 ], [ -43.0728064, -22.8663833 ], [ -43.0729635, -22.8663428 ], [ -43.0735818, -22.8659931 ], [ -43.0737794, -22.8658816 ], [ -43.0739432, -22.8658359 ], [ -43.0741787, -22.865808 ], [ -43.0743503, -22.865788 ], [ -43.0747255, -22.865772 ], [ -43.0751526, -22.8657401 ], [ -43.0755079, -22.8656722 ], [ -43.075927, -22.8656084 ], [ -43.0761944, -22.8655645 ], [ -43.076406, -22.8655006 ], [ -43.0766056, -22.8654248 ], [ -43.0768451, -22.865329 ], [ -43.0770207, -22.865305 ], [ -43.0772642, -22.865317 ], [ -43.0775276, -22.865325 ], [ -43.0777352, -22.865337 ], [ -43.0778788, -22.8653634 ], [ -43.0780535, -22.8653956 ], [ -43.0781862, -22.8653809 ], [ -43.0783748, -22.8652919 ], [ -43.0783978, -22.8652811 ], [ -43.0786892, -22.8651893 ], [ -43.0793238, -22.8649338 ], [ -43.0795871, -22.8648186 ], [ -43.0799625, -22.8646544 ], [ -43.080127, -22.8645908 ], [ -43.0802707, -22.8645353 ], [ -43.0806131, -22.8644029 ], [ -43.0814593, -22.8641195 ], [ -43.0816268, -22.8640689 ], [ -43.0817352, -22.8640362 ], [ -43.0818167, -22.8640116 ], [ -43.0818693, -22.8639958 ], [ -43.0824188, -22.8638297 ], [ -43.0824372, -22.8638241 ], [ -43.0828336, -22.8637211 ], [ -43.0833241, -22.8635936 ], [ -43.0834354, -22.8635646 ], [ -43.083451, -22.8635606 ], [ -43.0838772, -22.8634498 ], [ -43.0842334, -22.8633571 ], [ -43.0842828, -22.8633445 ], [ -43.0844427, -22.8633038 ], [ -43.0848122, -22.8632094 ], [ -43.085056, -22.8631282 ], [ -43.0850817, -22.8631197 ], [ -43.0851595, -22.8630937 ], [ -43.0856173, -22.8628663 ], [ -43.0857315, -22.8628096 ], [ -43.0857702, -22.8627903 ], [ -43.0861294, -22.8626506 ], [ -43.0861968, -22.8626333 ], [ -43.0863728, -22.8625881 ], [ -43.0864248, -22.8625748 ], [ -43.0864899, -22.8625559 ], [ -43.0866723, -22.8625029 ], [ -43.0868719, -22.8624431 ], [ -43.0868832, -22.8624395 ], [ -43.0868967, -22.8624352 ], [ -43.0871992, -22.8623393 ], [ -43.0873069, -22.862291 ], [ -43.0875576, -22.8621786 ], [ -43.0875631, -22.8621758 ], [ -43.0880254, -22.8619361 ], [ -43.088253, -22.8618563 ], [ -43.0885164, -22.8617805 ], [ -43.0888237, -22.8617605 ], [ -43.0890273, -22.8617605 ], [ -43.0892508, -22.8618124 ], [ -43.0894424, -22.8618842 ], [ -43.0897019, -22.86198 ], [ -43.0899111, -22.8620537 ], [ -43.0899853, -22.8620798 ], [ -43.0901929, -22.8621198 ], [ -43.0902886, -22.8620798 ], [ -43.0905019, -22.8618836 ], [ -43.0906918, -22.8617885 ], [ -43.0908515, -22.8617525 ], [ -43.0909265, -22.8617425 ] ] ] } }
]
}
